mate_name,mate_type,alignment,entity_index,component,entity_params,error_code,suppressed
"同心4","1","0","0","RA6008-改1.15-1","0.13049999999999967;4.2486147373445904E-16;0.13049999999999992;1;7.2118487424205051E-17;3.6406793015031537E-16;0.029999999999999999;0","0","False"
"同心4","1","0","1","2_髋关节RA6008压紧盖-1","0.1341;-9.6996783572870034E-15;0.13049999999999998;1;3.5480852219502673E-16;3.8021565021789096E-16;0.048000000000000008;0","0","False"
"重合3","0","1","0","RA6008-改1.15-1","0.13849999999999968;4.2543842163385267E-16;0.13049999999999992;1;7.2118487424205051E-17;3.6406793015031537E-16;0;0","0","False"
"重合3","0","1","1","2_髋关节RA6008压紧盖-1","0.13850000000000001;-9.6981171997893461E-15;0.13049999999999998;-1;-3.5480852219502673E-16;-3.8021565021789096E-16;0;0","0","False"
"同心6","1","1","0","RA6008-改1.15-1","0.13049999999999967;4.2486147373445904E-16;0.13049999999999992;1;7.2118487424205051E-17;3.6406793015031537E-16;0.029999999999999999;0","0","False"
"同心6","1","1","1","新小腿链轮20T M27-改1.15-1","0.13059999999999999;7.225333319469822E-16;0.13049999999999995;-1;-7.0001311773341737E-16;4.0006068649526712E-16;0.030000000000000002;0","0","False"
"重合4","0","1","0","RA6008-改1.15-1","0.13849999999999968;4.2543842163385267E-16;0.13049999999999992;1;7.2118487424205051E-17;3.6406793015031537E-16;0;0","0","False"
"重合4","0","1","1","新小腿链轮20T M27-改1.15-1","0.13850000000000001;-0.024246943406762735;0.14816594847239198;-1;-7.0001311773341737E-16;4.0006068649526712E-16;0;0","0","False"
"同心7","1","1","0","新小腿链轮20T M27-改1.15-1","0.13059999999999999;7.225333319469822E-16;0.13049999999999995;-1;-7.0001311773341737E-16;4.0006068649526712E-16;0.020999999999999998;0","0","False"
"同心7","1","1","1","碗组轴承42-52-7-改1.15-1","0.1575;1.911426672243788E-16;0.13050000000000034;1;3.588175780739458E-17;3.2579126663241606E-17;0.021000000000000001;0","0","False"
"重合5","0","0","0","新小腿链轮20T M27-改1.15-1","0.159;7.424137044906113E-16;0.13049999999999995;1;7.0001311773341737E-16;-4.0006068649526712E-16;0.78539816339744306;0","0","False"
"重合5","0","0","1","碗组轴承42-52-7-改1.15-1","0.15900000000000003;1.9119648986108987E-16;0.13050000000000034;1;3.588175780739458E-17;3.2579126663241606E-17;0.78539816339745294;0","0","False"
"同心8","1","1","0","碗组轴承42-52-7-改1.15-1","0.1575;1.911426672243788E-16;0.13050000000000034;1;3.588175780739458E-17;3.2579126663241606E-17;0.026000000000000002;0","0","False"
"同心8","1","1","1","新大腿链轮20T-改1.15-1","0.15450000000000033;-3.7643499428696714E-16;0.13049999999999964;-1;-2.1720760275899824E-16;-7.262872074925088E-16;0.025999999999999995;0","0","False"
"重合6","0","0","0","碗组轴承42-52-7-改1.15-1","0.16300000000000001;1.9134001689231946E-16;0.13050000000000034;1;3.588175780739458E-17;3.2579126663241606E-17;0.78539816339744828;0","0","False"
"重合6","0","0","1","新大腿链轮20T-改1.15-1","0.16300000000000034;-3.7458872966351564E-16;0.13049999999999964;1;2.1720760275899824E-16;7.262872074925088E-16;0.78539816339744717;0","0","False"
"同心9","1","0","0","新小腿链轮20T M27-改1.15-1","0.13059999999999999;7.225333319469822E-16;0.13049999999999995;-1;-7.0001311773341737E-16;4.0006068649526712E-16;0.020999999999999998;0","0","False"
"同心9","1","0","1","碗组轴承42-52-7-改1.15-2","0.17950000000000002;-6.0175940696138135E-17;0.13049999999999998;-1;3.4248999711674418E-16;3.7765340563276536E-16;0.021000000000000001;0","0","False"
"同心10","1","0","0","新小腿链轮20T M27-改1.15-1","0.13059999999999999;7.225333319469822E-16;0.13049999999999995;-1;-7.0001311773341737E-16;4.0006068649526712E-16;0.020999999999999998;0","0","False"
"同心10","1","0","1","2_大腿-改1.15-1","0.17700000000000013;-6.3634836896965559E-15;0.13049999999999987;-1;9.6041176133885765E-18;2.9860266512610748E-16;0.028000000000000001;0","0","False"
"重合7","0","1","0","新大腿链轮20T-改1.15-1","0.16200000000000034;0.027618487160572101;0.10819598316532852;1;2.1720760275899824E-16;7.262872074925088E-16;0;0","0","False"
"重合7","0","1","1","2_大腿-改1.15-1","0.16200000000000014;-6.3633396279323552E-15;0.13049999999999987;-1;9.6041176133885765E-18;2.9860266512610748E-16;0;0","0","False"
"重合9","0","0","0","新髋关节轴承座-改1.15-1","0.17200000000000035;-4.6363067858663477E-16;0.13049999999999992;-1;-2.0392561858053058E-16;-2.9399835484327794E-16;0.78539816339745039;0","0","False"
"重合9","0","0","1","碗组轴承42-52-7-改1.15-2","0.17400000000000002;-5.8292245711996046E-17;0.13049999999999998;-1;3.4248999711674418E-16;3.7765340563276536E-16;0.78539816339744828;0","0","False"
"重合10","0","1","0","新髋关节轴承座-改1.15-1","0.17700000000000032;0.027842680311204591;0.1334639758919455;-1;-2.0392561858053058E-16;-2.9399835484327794E-16;0;0","0","False"
"重合10","0","1","1","2_大腿-改1.15-1","0.17700000000000013;-6.3634836896965559E-15;0.13049999999999987;1;-9.6041176133885765E-18;-2.9860266512610748E-16;0;0","0","False"
"同心12","1","1","0","新小腿链轮20T M27-改1.15-1","0.13059999999999999;7.225333319469822E-16;0.13049999999999995;-1;-7.0001311773341737E-16;4.0006068649526712E-16;0.0135;0","0","False"
"同心12","1","1","1","2_新小腿主动连杆-1","0.18050000000000074;-6.4620822716748715E-15;0.13049999999999995;1;3.3754230187537973E-16;1.8095277708729421E-16;0.01375;0","0","False"
"同心13","1","0","0","新小腿链轮20T M27-改1.15-1","0.16950000000000001;-0.015996535253076913;0.12340346141439207;1;7.0001311773341737E-16;-4.0006068649526712E-16;0.0016500000000007459;0","0","False"
"同心13","1","0","1","2_新小腿主动连杆-1","0.18050000000000077;-0.017352996233655688;0.12823648023756001;1;3.3754230187537973E-16;1.8095277708729421E-16;0.002100000000000202;0","0","False"
"重合11","0","1","0","新小腿链轮20T M27-改1.15-1","0.17950000000000002;-0.016972860384733668;0.14286616393067433;1;7.0001311773341737E-16;-4.0006068649526712E-16;0;0","0","False"
"重合11","0","1","1","2_新小腿主动连杆-1","0.17950000000000074;-6.4624198139767471E-15;0.13049999999999995;-1;-3.3754230187537973E-16;-1.8095277708729421E-16;0;0","0","False"
"同心15","1","0","0","新小腿链轮20T M27-改1.15-1","0.13059999999999999;7.225333319469822E-16;0.13049999999999995;1;7.0001311773341737E-16;-4.0006068649526712E-16;0.010500000000000001;0","0","False"
"同心15","1","0","1","滚针轴承20-26-10-改1.15-1","0.19950000000000012;-0.00011637143067797646;0.13070851336240855;1;-1.365987353515775E-16;1.6289509668785473E-18;0.01;0","0","False"
"距离1","5","1","0","滚针轴承20-26-10-改1.15-1","0.19950000000000012;-0.00011637143067797646;0.13070851336240855;-1;1.365987353515775E-16;-1.6289509668785473E-18;0;0","0","True"
"距离1","5","1","1","新小腿链轮20T M27-改1.15-1","0.1991;-0.010911124533044245;0.13844967681257631;1;7.0001311773341737E-16;-4.0006068649526712E-16;0;0","0","True"
"同心18","1","0","0","新小腿链轮20T M27-改1.15-1","0.13059999999999999;7.225333319469822E-16;0.13049999999999995;1;7.0001311773341737E-16;-4.0006068649526712E-16;0.010500000000000001;0","0","False"
"同心18","1","0","1","MT2042-6线5A-改1.15-1","0.20949900000000013;-1.6468589864212256E-12;0.13050000000117615;1;2.7575013148176341E-16;2.2794425850474126E-16;0.01;0","0","False"
"同心19","1","0","0","新小腿链轮20T M27-改1.15-1","0.13059999999999999;7.225333319469822E-16;0.13049999999999995;1;7.0001311773341737E-16;-4.0006068649526712E-16;0.010500000000000001;0","0","False"
"同心19","1","0","1","新侧挂轴-改4.15-1","0.11300000000000002;-2.9006633813713107E-15;0.13049999999999998;1;6.9427293207096503E-17;4.5398417408105966E-18;0.01;0","0","False"
"距离2","5","1","0","新侧挂轴-改4.15-1","0.2414;-2.8917489169235197E-15;0.13049999999999998;-1;-6.9427293207096503E-17;-4.5398417408105966E-18;0;0","0","True"
"距离2","5","1","1","MT2042-6线5A-改1.15-1","0.24090000000000011;-1.6468503275913468E-12;0.13050000000117615;1;2.7575013148176341E-16;2.2794425850474126E-16;0;0","0","True"
"重合19","0","1","0","滚针轴承20-26-10-改1.15-1","0.20950000000000013;-0.00011637143067797783;0.13070851336240855;1;-1.365987353515775E-16;1.6289509668785473E-18;0;0","0","False"
"重合19","0","1","1","MT2042-6线5A-改1.15-1","0.20950000000000013;-1.6468589861454753E-12;0.13050000000117615;-1;-2.7575013148176341E-16;-2.2794425850474126E-16;0;0","0","False"
"同心22","1","0","0","塞打螺栓M6-φ8-20-改1.15-1","0.11950000000000296;7.2033689493372586E-15;0.1409999999999999;1.9645787102134483E-16;-6.9595261206048338E-14;1;0.0039999999999999992;0","0","False"
"同心22","1","0","1","新侧挂轴-改4.15-1","0.11950000000000002;1.8458803040046972E-15;0.09949999999999945;-4.5398417407999678E-18;-1.5309975509580911E-13;1;0.0042500000000000012;0","0","False"
"重合20","0","1","0","新侧挂轴-改4.15-1","0.1265;0.012941315905463333;0.13550000000000195;-4.5398417407999678E-18;-1.5309975509580911E-13;1;0;0","0","False"
"重合20","0","1","1","塞打螺栓M6-φ8-20-改1.15-1","0.11307211884980116;0.00096557957667659259;0.13549999999999998;-1.9645787102134483E-16;6.9595261206048338E-14;-1;0;0","0","False"
"同心25","1","0","0","膝关节垫板-改1.15-1","0.17600000000000002;-0.1939187454160369;0.049905209992997968;1;-3.8349908180251813E-17;1.2318601326299871E-16;0.016449999999999999;0","0","False"
"同心25","1","0","1","碗组轴承32.7-41.8-6-改1.15-2","0.17000000000000001;-0.1939187454160369;0.049905209992997968;1;-4.4895869143701383E-17;1.237648190453037E-16;0.01635;0","0","False"
"重合25","0","1","0","膝关节垫板-改1.15-1","0.17600000000000002;-0.1939187454160369;0.049905209992997968;-1;3.8349908180251813E-17;-1.2318601326299871E-16;0;0","0","False"
"重合25","0","1","1","碗组轴承32.7-41.8-6-改1.15-2","0.17600000000000002;-0.1939187454160369;0.049905209992997968;1;-4.4895869143701383E-17;1.237648190453037E-16;0;0","0","False"
"同心26","1","1","0","2_膝关节螺母M27-改1.15-1","0.16050000000000003;-0.1939187454160369;0.049905209992997954;1;1.7817431487470582E-16;8.2413277638238322E-16;0.016350000000000003;0","0","False"
"同心26","1","1","1","小腿-改1.15-1","0.19299999999999978;-0.19391874541604226;0.049905209992977137;-1;3.122387495114957E-17;8.3268318814791576E-17;0.025000000000000001;0","0","False"
"重合26","0","1","0","小腿-改1.15-1","0.19299999999999978;-0.19391874541604226;0.049905209992977137;1;-3.122387495114957E-17;-8.3268318814791576E-17;0;0","0","False"
"重合26","0","1","1","2_膝关节螺母M27-改1.15-1","0.193;-0.18086392764398507;0.059748696821277883;-1;-1.7817431487470582E-16;-8.2413277638238322E-16;0;0","0","False"
"同心27","1","0","0","2_膝关节锁盖M27-改1.15-1","0.17960000000000001;-0.1939187454160369;0.049905209992997968;-1;-3.8743176623320026E-17;-5.8075158584825181E-16;0.0135;0","0","False"
"同心27","1","0","1","碗组轴承32.7-41.8-6-改1.15-1","0.16500000000000001;-0.1939187454160369;0.049905209992997968;-1;-4.906824662407985E-16;-2.7806066276456991E-17;0.01635;0","0","False"
"重合27","0","1","0","2_膝关节锁盖M27-改1.15-1","0.159;-0.1939187454160369;0.049905209992997954;1;3.8743176623320026E-17;5.8075158584825181E-16;0;0","0","False"
"重合27","0","1","1","碗组轴承32.7-41.8-6-改1.15-1","0.159;-0.1939187454160369;0.049905209992997968;-1;-4.906824662407985E-16;-2.7806066276456991E-17;0;0","0","False"
"同心28","1","1","0","2_膝关节锁盖M27-改1.15-1","0.17960000000000001;-0.1939187454160369;0.049905209992997968;-1;-3.8743176623320026E-17;-5.8075158584825181E-16;0.0135;0","0","False"
"同心28","1","1","1","2_膝关节螺母M27-改1.15-1","0.16050000000000003;-0.1939187454160369;0.049905209992997954;1;1.7817431487470582E-16;8.2413277638238322E-16;0.016350000000000003;0","0","False"
"重合28","0","1","0","小腿-改1.15-1","0.1779999999999998;-0.19391874541604226;0.049905209992977137;-1;3.122387495114957E-17;8.3268318814791576E-17;0;0","0","False"
"重合28","0","1","1","膝关节垫板-改1.15-1","0.17800000000000002;-0.1939187454160369;0.049905209992997968;1;-3.8349908180251813E-17;1.2318601326299871E-16;0;0","0","False"
"同心33","1","0","0","2_新小腿主动连杆-1","0.18050000000000074;0.087263435437207298;0.094232344496849127;1;3.3754230187537973E-16;1.8095277708729421E-16;0.0094999999999999946;0","0","False"
"同心33","1","0","1","法兰轴承F698 8-19-6-改1.15-2","0.19200000000000073;0.087263435437207298;0.094232344496849113;1;2.4699480741935398E-17;2.8449465006019636E-16;0.0094999999999999998;0","0","False"
"重合31","0","1","0","2_新小腿主动连杆-1","0.19050000000000075;-6.458706848656118E-15;0.13049999999999995;1;3.3754230187537973E-16;1.8095277708729421E-16;0;0","0","False"
"重合31","0","1","1","法兰轴承F698 8-19-6-改1.15-2","0.19050000000000072;0.076263442778761806;0.094245053318397734;-1;-2.4699480741935398E-17;-2.8449465006019636E-16;0;0","0","False"
"同心34","1","1","0","2_新小腿主动连杆-1","0.18050000000000074;0.087263435437207298;0.094232344496849127;1;3.3754230187537973E-16;1.8095277708729421E-16;0.0094999999999999946;0","0","False"
"同心34","1","1","1","法兰轴承F698 8-19-6-改1.15-1","0.17899999999999999;0.087263435437207298;0.094232344496849113;-1;4.8255543468509304E-17;-1.9869866431752549E-16;0.0094999999999999998;0","0","False"
"重合32","0","1","0","2_新小腿主动连杆-1","0.18050000000000074;-6.4620822716748715E-15;0.13049999999999995;-1;-3.3754230187537973E-16;-1.8095277708729421E-16;0;0","0","False"
"重合32","0","1","1","法兰轴承F698 8-19-6-改1.15-1","0.18049999999999999;0.096559209037387017;0.088351137718117229;1;-4.8255543468509304E-17;1.9869866431752549E-16;0;0","0","False"
"同心35","1","1","0","法兰轴承F698 8-19-6-改1.15-1","0.185;0.087263435437207298;0.094232344496849113;-1;4.8255543468509304E-17;-1.9869866431752549E-16;0.0040000000000000001;0","0","False"
"同心35","1","1","1","垫片 8-12-0.5-改1.15-1","0.17849999999999999;0.087263435437207298;0.094232344496849113;1;-4.8255543468509489E-17;1.9869866431752497E-16;0.0040000000000000001;0","0","False"
"重合33","0","1","0","法兰轴承F698 8-19-6-改1.15-1","0.17899999999999999;0.087263435437207298;0.094232344496849113;-1;4.8255543468509304E-17;-1.9869866431752549E-16;0;0","0","False"
"重合33","0","1","1","垫片 8-12-0.5-改1.15-1","0.17899999999999999;0.087263435437207298;0.094232344496849113;1;-4.8255543468509489E-17;1.9869866431752497E-16;0;0","0","False"
"同心36","1","0","0","防松螺母M6-改1.15-1","0.19200000000000073;0.087263435437207298;0.094232344496849113;1;-8.1647295858261756E-18;2.8054210364262251E-16;0.0030000000000000005;0","0","False"
"同心36","1","0","1","法兰轴承F698 8-19-6-改1.15-2","0.18600000000000072;0.087263435437207298;0.094232344496849113;1;2.4699480741935398E-17;2.8449465006019636E-16;0.0040000000000000001;0","0","False"
"重合34","0","1","0","防松螺母M6-改1.15-1","0.19200000000000073;0.087263435437207298;0.094232344496849113;-1;8.1647295858261756E-18;-2.8054210364262251E-16;0;0","0","False"
"重合34","0","1","1","法兰轴承F698 8-19-6-改1.15-2","0.19200000000000073;0.087263435437207298;0.094232344496849113;1;2.4699480741935398E-17;2.8449465006019636E-16;0;0","0","False"
"同心37","1","1","0","2_新小腿主动连杆-1","0.18050000000000074;0.087263435437207298;0.094232344496849127;1;3.3754230187537973E-16;1.8095277708729421E-16;0.012500000000000002;0","0","False"
"同心37","1","1","1","膝关节一级长连杆-改1.15-1","0.17849999999999996;0.087263435437141143;0.094232344496910384;-1;-1.8237261002189653E-16;4.5680631183716025E-17;0.0089999999999999959;0","0","False"
"重合35","0","1","0","膝关节一级长连杆-改1.15-1","0.17849999999999999;-2.2652467842235692E-14;0.023229930202015126;1;1.8237261002189653E-16;-4.5680631183716025E-17;0;0","0","False"
"重合35","0","1","1","垫片 8-12-0.5-改1.15-1","0.17849999999999999;0.087263435437207298;0.094232344496849113;-1;4.8255543468509489E-17;-1.9869866431752497E-16;0;0","0","False"
"同心38","1","0","0","膝关节一级长连杆-改1.15-1","0.17849999999999996;0.087263435437141143;0.094232344496910384;-1;-1.8237261002189653E-16;4.5680631183716025E-17;0.0089999999999999959;0","0","False"
"同心38","1","0","1","塞打螺栓 M6-φ8-20-改1.15-1","0.16549999999999995;0.087263435437207298;0.094232344496849113;-1;1.8007242832268627E-16;-3.295974604355934E-16;0.0039999999999999983;0","0","False"
"重合36","0","1","0","膝关节一级长连杆-改1.15-1","0.17099999999999996;0.087263435437141143;0.094232344496910384;-1;-1.8237261002189653E-16;4.5680631183716025E-17;0;0","0","False"
"重合36","0","1","1","塞打螺栓 M6-φ8-20-改1.15-1","0.17099999999999996;0.092942654352023674;0.091070624629815994;1;-1.8007242832268627E-16;3.295974604355934E-16;0;0","0","False"
"同心39","1","0","0","2_大腿-改1.15-1","0.16200000000000014;-0.087263435437220122;0.094232344496849002;1;-9.6041176133885765E-18;-2.9860266512610748E-16;0.0040000000000000062;0","0","False"
"同心39","1","0","1","膝关节节点连杆-改1.15-1","0.18050000000000083;-0.087263435437220122;0.094232344496849002;1;-1.0156766953989642E-17;-2.9865414980110442E-16;0.0094999999999999998;0","0","False"
"同心40","1","0","0","膝关节一级长连杆-改1.15-1","0.17849999999999999;-2.2652467842235692E-14;0.023229930202015126;-1;-1.8237261002189653E-16;4.5680631183716025E-17;0.0089999999999999993;0","0","False"
"同心40","1","0","1","膝关节节点连杆-改1.15-1","0.19050000000000081;-6.3837823915946501E-15;0.023229930202015109;-1;1.0156766953989642E-17;2.9865414980110442E-16;0.012500000000000002;0","0","False"
"同心41","1","1","0","膝关节节点连杆-改1.15-1","0.19050000000000081;-6.3837823915946501E-15;0.023229930202015109;-1;1.0156766953989642E-17;2.9865414980110442E-16;0.0094999999999999946;0","0","False"
"同心41","1","1","1","法兰轴承F698 8-19-6-改1.15-3","0.19200000000000081;-6.3837976267450808E-15;0.023229930202015109;1;2.4699480741935398E-17;2.8449465006019636E-16;0.0094999999999999998;0","0","False"
"重合37","0","1","0","膝关节节点连杆-改1.15-1","0.19050000000000084;-0.087263435437220122;0.094232344496849002;1;-1.0156766953989642E-17;-2.9865414980110442E-16;0;0","0","False"
"重合37","0","1","1","法兰轴承F698 8-19-6-改1.15-3","0.19050000000000081;-0.010999992658451882;0.023242639023563723;-1;-2.4699480741935398E-17;-2.8449465006019636E-16;0;0","0","False"
"同心42","1","0","0","膝关节节点连杆-改1.15-1","0.19050000000000081;-6.3837823915946501E-15;0.023229930202015109;-1;1.0156766953989642E-17;2.9865414980110442E-16;0.0094999999999999946;0","0","False"
"同心42","1","0","1","法兰轴承F698 8-19-6-改1.15-4","0.17899999999999999;-6.3836655887746796E-15;0.023229930202015112;-1;-8.9338259012805541E-17;5.5511151231257815E-17;0.0094999999999999998;0","0","False"
"重合39","0","1","0","法兰轴承F698 8-19-6-改1.15-4","0.17899999999999999;-6.3836655887746796E-15;0.023229930202015112;-1;-8.9338259012805541E-17;5.5511151231257815E-17;0;0","0","False"
"重合39","0","1","1","垫片 8-12-0.5-改1.15-2","0.17899999999999999;-6.3837343856759206E-15;0.023229930202015112;1;-4.8255543468509489E-17;1.9869866431752497E-16;0;0","0","False"
"同心43","1","1","0","法兰轴承F698 8-19-6-改1.15-4","0.185;-6.3831295592206024E-15;0.023229930202015112;-1;-8.9338259012805541E-17;5.5511151231257815E-17;0.0040000000000000001;0","0","False"
"同心43","1","1","1","垫片 8-12-0.5-改1.15-2","0.17849999999999999;-6.3837102579041864E-15;0.023229930202015112;1;-4.8255543468509489E-17;1.9869866431752497E-16;0.006000000000000001;0","0","False"
"重合40","0","1","0","膝关节节点连杆-改1.15-1","0.18050000000000083;-0.087263435437220122;0.094232344496849002;-1;1.0156766953989642E-17;2.9865414980110442E-16;0;0","0","False"
"重合40","0","1","1","法兰轴承F698 8-19-6-改1.15-4","0.18049999999999999;0.010935888493145552;0.022044036924630042;1;8.9338259012805541E-17;-5.5511151231257815E-17;0;0","0","False"
"同心44","1","0","0","法兰轴承F698 8-19-6-改1.15-3","0.1860000000000008;-6.3839458236295324E-15;0.023229930202015109;1;2.4699480741935398E-17;2.8449465006019636E-16;0.0040000000000000001;0","0","False"
"同心44","1","0","1","防松螺母M6-改1.15-2","0.19200000000000081;-6.3837976267450808E-15;0.023229930202015109;1;-8.164729585826265E-18;2.8054210364262246E-16;0.0030000000000000005;0","0","False"
"重合41","0","1","0","法兰轴承F698 8-19-6-改1.15-3","0.19200000000000081;-6.3837976267450808E-15;0.023229930202015109;1;2.4699480741935398E-17;2.8449465006019636E-16;0;0","0","False"
"重合41","0","1","1","防松螺母M6-改1.15-2","0.19200000000000081;-6.3837976267450808E-15;0.023229930202015109;-1;8.164729585826265E-18;-2.8054210364262246E-16;0;0","0","False"
"同心45","1","0","0","膝关节节点连杆-改1.15-1","0.19050000000000081;-6.3837823915946501E-15;0.023229930202015109;-1;1.0156766953989642E-17;2.9865414980110442E-16;0.012500000000000002;0","0","False"
"同心45","1","0","1","塞打螺栓 M6-φ8-20-改1.15-2","0.16549999999999998;-6.3835284724208004E-15;0.023229930202015116;-1;1.9506187270999755E-16;-3.3792097415466104E-16;0.0039999999999999983;0","0","False"
"重合42","0","1","0","膝关节一级长连杆-改1.15-1","0.17099999999999999;-2.2653835636810857E-14;0.023229930202015126;-1;-1.8237261002189653E-16;4.5680631183716025E-17;0;0","0","False"
"重合42","0","1","1","塞打螺栓 M6-φ8-20-改1.15-2","0.17099999999999999;0.0056826587716489688;0.020074397079874191;1;-1.9506187270999755E-16;3.3792097415466104E-16;0;0","0","False"
"重合43","0","1","0","膝关节一级长连杆-改1.15-1","0.17849999999999999;-2.2652467842235692E-14;0.023229930202015126;1;1.8237261002189653E-16;-4.5680631183716025E-17;0;0","0","False"
"重合43","0","1","1","垫片 8-12-0.5-改1.15-2","0.17849999999999999;-6.3837102579041864E-15;0.023229930202015112;-1;4.8255543468509489E-17;-1.9869866431752497E-16;0;0","0","False"
"同心46","1","1","0","小腿-改1.15-1","0.18999999999999981;-0.23200194434283736;0.10258034605831781;-1;3.122387495114957E-17;8.3268318814791576E-17;0.014499999999999999;0","0","False"
"同心46","1","1","1","膝关节二级长连杆-改1.15-1","0.19250000000000003;-0.23200194434282478;0.10258034605834621;1;9.3793676128660283E-17;-2.1981650901214114E-16;0.0089999999999999993;0","0","False"
"同心47","1","1","0","膝关节节点连杆-改1.15-1","0.19050000000000084;-0.1253466343640095;0.1469074805621938;-1;1.0156766953989642E-17;2.9865414980110442E-16;0.012499999999999995;0","0","False"
"同心47","1","1","1","膝关节二级长连杆-改1.15-1","0.19250000000000003;-0.12534663436400795;0.14690748056219724;1;9.3793676128660283E-17;-2.1981650901214114E-16;0.0089999999999999959;0","0","False"
"同心48","1","1","0","膝关节节点连杆-改1.15-1","0.19050000000000084;-0.1253466343640095;0.1469074805621938;-1;1.0156766953989642E-17;2.9865414980110442E-16;0.0095000000000000015;0","0","False"
"同心48","1","1","1","法兰轴承F698 8-19-6-改1.15-5","0.19200000000000003;-0.1253466343640095;0.14690748056219377;1;2.4699480741935398E-17;2.8449465006019636E-16;0.0094999999999999998;0","0","False"
"重合44","0","1","0","膝关节节点连杆-改1.15-1","0.19050000000000084;-0.087263435437220122;0.094232344496849002;1;-1.0156766953989642E-17;-2.9865414980110442E-16;0;0","0","False"
"重合44","0","1","1","法兰轴承F698 8-19-6-改1.15-5","0.19050000000000003;-0.13634662702245501;0.14692018938374238;-1;-2.4699480741935398E-17;-2.8449465006019636E-16;0;0","0","False"
"同心49","1","0","0","膝关节节点连杆-改1.15-1","0.19050000000000084;-0.1253466343640095;0.1469074805621938;-1;1.0156766953989642E-17;2.9865414980110442E-16;0.0095000000000000015;0","0","False"
"同心49","1","0","1","法兰轴承F698 8-19-6-改1.15-6","0.17900000000000083;-0.1253466343640095;0.14690748056219377;-1;-8.2733366558207691E-18;5.6140374263794012E-17;0.0094999999999999998;0","0","False"
"重合45","0","1","0","膝关节节点连杆-改1.15-1","0.18050000000000083;-0.087263435437220122;0.094232344496849002;-1;1.0156766953989642E-17;2.9865414980110442E-16;0;0","0","False"
"重合45","0","1","1","法兰轴承F698 8-19-6-改1.15-6","0.18050000000000083;-0.13156472116800993;0.13783359514866139;1;8.2733366558207691E-18;-5.6140374263794012E-17;0;0","0","False"
"同心50","1","0","0","膝关节节点连杆-改1.15-1","0.18050000000000083;-0.087263435437220122;0.094232344496849002;1;-1.0156766953989642E-17;-2.9865414980110442E-16;0.0094999999999999998;0","0","False"
"同心50","1","0","1","法兰轴承F698 8-19-6-改1.15-7","0.19200000000000084;-0.087263435437213821;0.094232344496849002;1;2.4699480741935398E-17;2.8449465006019636E-16;0.0094999999999999998;0","0","False"
"重合46","0","1","0","膝关节节点连杆-改1.15-1","0.19050000000000084;-0.087263435437220122;0.094232344496849002;1;-1.0156766953989642E-17;-2.9865414980110442E-16;0;0","0","False"
"重合46","0","1","1","法兰轴承F698 8-19-6-改1.15-7","0.19050000000000084;-0.098263428095659314;0.094245053318397623;-1;-2.4699480741935398E-17;-2.8449465006019636E-16;0;0","0","False"
"同心51","1","1","0","膝关节节点连杆-改1.15-1","0.18050000000000083;-0.087263435437220122;0.094232344496849002;1;-1.0156766953989642E-17;-2.9865414980110442E-16;0.0094999999999999998;0","0","False"
"同心51","1","1","1","法兰轴承F698 8-19-6-改1.15-8","0.17900000000000083;-0.087263435437213821;0.094232344496849002;-1;-8.5340010572317473E-17;-1.8860892681278562E-18;0.0094999999999999998;0","0","False"
"重合47","0","1","0","膝关节节点连杆-改1.15-1","0.18050000000000083;-0.087263435437220122;0.094232344496849002;-1;1.0156766953989642E-17;2.9865414980110442E-16;0;0","0","False"
"重合47","0","1","1","法兰轴承F698 8-19-6-改1.15-8","0.18050000000000083;-0.09804446332205384;0.096416248740698041;1;8.5340010572317473E-17;1.8860892681278562E-18;0;0","0","False"
"重合48","0","1","0","法兰轴承F698 8-19-6-改1.15-8","0.17900000000000083;-0.087263435437213821;0.094232344496849002;-1;-8.5340010572317473E-17;-1.8860892681278562E-18;0;0","0","False"
"重合48","0","1","1","垫片 8-12-2-改1.15-1","0.17900000000000083;-0.087263435437213821;0.094232344496849002;1;-4.8450284582945979E-18;-1.7347234759768071E-17;0;0","0","False"
"同心52","1","1","0","法兰轴承F698 8-19-6-改1.15-8","0.18500000000000083;-0.087263435437213821;0.094232344496849002;-1;-8.5340010572317473E-17;-1.8860892681278562E-18;0.0040000000000000001;0","0","False"
"同心52","1","1","1","垫片 8-12-2-改1.15-1","0.17700000000000082;-0.087263435437213821;0.094232344496849002;1;-4.8450284582945979E-18;-1.7347234759768071E-17;0.0040000000000000001;0","0","False"
"重合49","0","1","0","法兰轴承F698 8-19-6-改1.15-7","0.19200000000000084;-0.087263435437213821;0.094232344496849002;1;2.4699480741935398E-17;2.8449465006019636E-16;0;0","0","False"
"重合49","0","1","1","防松螺母M6-改1.15-3","0.19200000000000084;-0.087263435437213821;0.094232344496849002;-1;-7.9374503397803261E-17;-2.1867400313625168E-16;0;0","0","False"
"同心53","1","0","0","法兰轴承F698 8-19-6-改1.15-7","0.18600000000000083;-0.087263435437213821;0.094232344496849002;1;2.4699480741935398E-17;2.8449465006019636E-16;0.0040000000000000001;0","0","False"
"同心53","1","0","1","防松螺母M6-改1.15-3","0.19200000000000084;-0.087263435437213821;0.094232344496849002;1;7.9374503397803261E-17;2.1867400313625168E-16;0.0030000000000000005;0","0","False"
"同心54","1","0","0","2_大腿-改1.15-1","0.16800000000000012;-0.087263435437220122;0.094232344496849002;-1;9.6041176133885765E-18;2.9860266512610748E-16;0.0067500000000000008;0","0","False"
"同心54","1","0","1","塞打螺栓 M6-φ8-20-改1.15-3","0.16250000000000012;-0.087263435437213807;0.094232344496849002;-1;1.9506187270999755E-16;-3.3792097415466104E-16;0.0039999999999999983;0","0","False"
"重合50","0","1","0","2_大腿-改1.15-1","0.16800000000000012;-0.087263435437220122;0.094232344496849002;-1;9.6041176133885765E-18;2.9860266512610748E-16;0;0","0","False"
"重合50","0","1","1","塞打螺栓 M6-φ8-20-改1.15-3","0.16800000000000012;-0.081580776665558449;0.091076811374708078;1;-1.9506187270999755E-16;3.3792097415466104E-16;0;0","0","False"
"重合51","0","1","0","法兰轴承F698 8-19-6-改1.15-5","0.19200000000000003;-0.1253466343640095;0.14690748056219377;1;2.4699480741935398E-17;2.8449465006019636E-16;0;0","0","False"
"重合51","0","1","1","垫片 8-12-0.5-改1.15-3","0.19200000000000003;-0.1253466343640095;0.14690748056219377;-1;4.8255543468509489E-17;-1.9869866431752497E-16;0;0","0","False"
"同心55","1","0","0","法兰轴承F698 8-19-6-改1.15-5","0.18600000000000003;-0.1253466343640095;0.14690748056219377;1;2.4699480741935398E-17;2.8449465006019636E-16;0.0040000000000000001;0","0","False"
"同心55","1","0","1","垫片 8-12-0.5-改1.15-3","0.19200000000000003;-0.1253466343640095;0.14690748056219377;1;-4.8255543468509489E-17;1.9869866431752497E-16;0.0040000000000000001;0","0","False"
"重合52","0","1","0","膝关节二级长连杆-改1.15-1","0.19250000000000003;-0.23200194434282478;0.10258034605834621;-1;-9.3793676128660283E-17;2.1981650901214114E-16;0;0","0","False"
"重合52","0","1","1","垫片 8-12-0.5-改1.15-3","0.19250000000000003;-0.1253466343640095;0.14690748056219377;1;-4.8255543468509489E-17;1.9869866431752497E-16;0;0","0","False"
"重合53","0","1","0","膝关节二级长连杆-改1.15-1","0.20250000000000004;-0.23200194434282478;0.10258034605834621;1;9.3793676128660283E-17;-2.1981650901214114E-16;0;0","0","True"
"重合53","0","1","1","防松螺母M6-改1.15-4","0.17900000000000083;-0.1253466343640095;0.14690748056219377;1;8.9229835571159173E-17;6.6060488100090552E-17;0;0","0","True"
"同心56","1","0","0","膝关节二级长连杆-改1.15-1","0.19250000000000003;-0.12534663436400795;0.14690748056219724;1;9.3793676128660283E-17;-2.1981650901214114E-16;0.0040000000000000062;0","0","True"
"同心56","1","0","1","防松螺母M6-改1.15-4","0.17900000000000083;-0.1253466343640095;0.14690748056219377;-1;-8.9229835571159173E-17;-6.6060488100090552E-17;0.0030000000000000005;0","0","True"
"同心57","1","0","0","膝关节节点连杆-改1.15-1","0.19050000000000084;-0.1253466343640095;0.1469074805621938;-1;1.0156766953989642E-17;2.9865414980110442E-16;0.012499999999999995;0","0","True"
"同心57","1","0","1","塞打螺栓 M6-φ8-20-改1.15-4","0.20550000000000004;-0.1253466343640095;0.14690748056219377;1;1.8287253055802883E-16;-2.1581249069237596E-16;0.0039999999999999983;0","0","True"
"重合54","0","1","0","法兰轴承F698 8-19-6-改1.15-6","0.17900000000000083;-0.1253466343640095;0.14690748056219377;-1;-8.2733366558207691E-18;5.6140374263794012E-17;0;0","0","True"
"重合54","0","1","1","塞打螺栓 M6-φ8-20-改1.15-4","0.20000000000000004;-0.11950832181223786;0.1497647706328421;-1;-1.8287253055802883E-16;2.1581249069237596E-16;0;0","0","True"
"同心58","1","1","0","小腿-改1.15-1","0.18999999999999981;-0.23200194434283736;0.10258034605831781;-1;3.122387495114957E-17;8.3268318814791576E-17;0.0095000000000000015;0","0","False"
"同心58","1","1","1","法兰轴承F698 8-19-6-改1.15-9","0.19149999999999981;-0.23200194434282634;0.10258034605834275;1;2.4699480741935398E-17;2.8449465006019636E-16;0.0094999999999999998;0","0","False"
"重合55","0","1","0","小腿-改1.15-1","0.18999999999999981;-0.19391874541604226;0.049905209992977137;1;-3.122387495114957E-17;-8.3268318814791576E-17;0;0","0","False"
"重合55","0","1","1","法兰轴承F698 8-19-6-改1.15-9","0.18999999999999981;-0.24300193700127184;0.10259305487989137;-1;-2.4699480741935398E-17;-2.8449465006019636E-16;0;0","0","False"
"同心59","1","0","0","小腿-改1.15-1","0.18999999999999981;-0.23200194434283736;0.10258034605831781;-1;3.122387495114957E-17;8.3268318814791576E-17;0.0095000000000000015;0","0","False"
"同心59","1","0","1","法兰轴承F698 8-19-6-改1.15-10","0.17650000000000002;-0.23200194434282634;0.10258034605834275;-1;-6.7554681756779459E-16;3.3290325812332763E-17;0.0094999999999999998;0","0","False"
"重合56","0","1","0","小腿-改1.15-1","0.1779999999999998;-0.19391874541604226;0.049905209992977137;-1;3.122387495114957E-17;8.3268318814791576E-17;0;0","0","False"
"重合56","0","1","1","法兰轴承F698 8-19-6-改1.15-10","0.17800000000000002;-0.2352318021876921;0.092065213234552121;1;6.7554681756779459E-16;-3.3290325812332763E-17;0;0","0","False"
"重合57","0","1","0","法兰轴承F698 8-19-6-改1.15-9","0.19149999999999981;-0.23200194434282634;0.10258034605834275;1;2.4699480741935398E-17;2.8449465006019636E-16;0;0","0","False"
"重合57","0","1","1","垫片 8-12-1-改1.15-1","0.19149999999999981;-0.23200194434282634;0.10258034605834275;-1;-1.5991635463071675E-17;-2.9850865484066621E-16;0;0","0","False"
"同心60","1","1","0","法兰轴承F698 8-19-6-改1.15-9","0.1854999999999998;-0.23200194434282634;0.10258034605834275;1;2.4699480741935398E-17;2.8449465006019636E-16;0.0040000000000000001;0","0","False"
"同心60","1","1","1","垫片 8-12-1-改1.15-1","0.19249999999999981;-0.23200194434282634;0.10258034605834275;-1;-1.5991635463071675E-17;-2.9850865484066621E-16;0.0040000000000000001;0","0","False"
"同心61","1","0","0","小腿-改1.15-1","0.18999999999999981;-0.23200194434283736;0.10258034605831781;-1;3.122387495114957E-17;8.3268318814791576E-17;0.014499999999999999;0","0","True"
"同心61","1","0","1","塞打螺栓 M6-φ8-20-改1.15-5","0.20550000000000004;-0.23200194434282634;0.10258034605834275;1;1.1796119636642288E-16;-1.6653345369377348E-16;0.0039999999999999983;0","0","True"
"重合58","0","1","0","法兰轴承F698 8-19-6-改1.15-10","0.17650000000000002;-0.23200194434282634;0.10258034605834275;-1;-6.7554681756779459E-16;3.3290325812332763E-17;0;0","0","True"
"重合58","0","1","1","塞打螺栓 M6-φ8-20-改1.15-5","0.20000000000000004;-0.23179937351585617;0.10907718875768992;-1;-1.1796119636642288E-16;1.6653345369377348E-16;0;0","0","True"
"重合59","0","1","0","膝关节二级长连杆-改1.15-1","0.20250000000000004;-0.23200194434282478;0.10258034605834621;1;9.3793676128660283E-17;-2.1981650901214114E-16;0;0","0","True"
"重合59","0","1","1","防松螺母M6-改1.15-5","0.17650000000000002;-0.23200194434282634;0.10258034605834275;1;1.1958860380703784E-16;-3.1577463252643922E-16;0;0","0","True"
"同心62","1","1","0","塞打螺栓 M6-φ8-20-改1.15-5","0.20550000000000004;-0.23200194434282634;0.10258034605834275;1;1.1796119636642288E-16;-1.6653345369377348E-16;0.0029999999999999966;0","0","True"
"同心62","1","1","1","防松螺母M6-改1.15-5","0.17650000000000002;-0.23200194434282634;0.10258034605834275;-1;-1.1958860380703784E-16;3.1577463252643922E-16;0.0030000000000000005;0","0","True"
"重合60","0","1","0","小腿-改1.15-1","0.18699999999999981;-0.19391874541604226;0.049905209992977137;1;-3.122387495114957E-17;-8.3268318814791576E-17;0;0","0","False"
"重合60","0","1","1","C620无刷电机调速器-改1.15-1/C620无刷电机调速器.STEP-1/C620无刷电机调速器.STEP.STEP-1/7.STEP.STEP-1","0.18699999999999983;-0.069810748349771912;-0.051076001448550942;-1;-3.1901384763447409E-16;-7.3233670347360719E-16;0;0","0","False"
"宽度2","11","1","0","小腿-改1.15-1","0.18699999999999981;-0.18192722655736079;0.064643034644596753;-8.429554179460568E-17;-0.63113257150955093;-0.77567498166419013;0;0","0","False"
"宽度2","11","1","1","小腿-改1.15-1","0.18699999999999981;-0.20591026427472375;0.035167385341357486;8.4295541794605692E-17;0.63113257150955071;0.77567498166419035;0;0","0","False"
"宽度2","11","1","2","C620无刷电机调速器-改1.15-1/C620无刷电机调速器.STEP-1/C620无刷电机调速器.STEP.STEP-1/7.STEP.STEP-1","0.18799999999999981;-0.077570475301414588;-0.028131576469137089;-7.6939528904360525E-16;0.63113257150955115;0.77567498166418991;0;0","0","False"
"宽度2","11","1","3","C620无刷电机调速器-改1.15-1/C620无刷电机调速器.STEP-1/C620无刷电机调速器.STEP.STEP-1/7.STEP.STEP-1","0.18799999999999983;-0.093853695646361007;-0.048143990996073187;7.6939528904360525E-16;-0.63113257150955115;-0.77567498166418991;0;0","0","False"
"宽度3","11","1","0","小腿-改1.15-1","0.18699999999999978;-0.089978297873040819;-0.034666554589302664;-2.833382120124445E-17;0.77567498166419013;-0.63113257150955093;0;0","0","False"
"宽度3","11","1","1","小腿-改1.15-1","0.18699999999999978;-0.049643198826502921;-0.067485448307799317;2.833382120124445E-17;-0.77567498166419013;0.63113257150955093;0;0","0","False"
"宽度3","11","1","2","C620无刷电机调速器-改1.15-1/C620无刷电机调速器.STEP-1/C620无刷电机调速器.STEP.STEP-1/7.STEP.STEP-1","0.18899999999999983;-0.09711153056935061;-0.045493234195733076;-2.1475048645963197E-16;-0.77567498166418991;0.63113257150955115;0;0","0","False"
"宽度3","11","1","3","C620无刷电机调速器-改1.15-1/C620无刷电机调速器.STEP-1/C620无刷电机调速器.STEP.STEP-1/7.STEP.STEP-1","0.18899999999999983;-0.050651576302666423;-0.066664975964836851;2.1475048645963197E-16;0.77567498166418991;-0.63113257150955115;0;0","0","False"
"下限位28°","6","1","0","2_大腿-改1.15-1","0.17700000000000013;0.013236468798089063;0.094879838661832833;-2.7655659222830893E-16;0.34832812626566884;-0.93737266679386821;0;0","0","True"
"下限位28°","6","1","1","小腿-改1.15-1","0.19299999999999978;-0.17814043112830349;0.069297084534581888;8.429554179460568E-17;0.63113257150955093;0.77567498166419013;0;0","0","True"
"上限位121°","6","1","0","2_大腿-改1.15-1","0.17700000000000013;0.013236468798089063;0.094879838661832833;-2.7655659222830893E-16;0.34832812626566884;-0.93737266679386821;0;0","0","True"
"上限位121°","6","1","1","小腿-改1.15-1","0.19299999999999978;-0.17814043112830349;0.069297084534581888;8.429554179460568E-17;0.63113257150955093;0.77567498166419013;0;0","0","True"
"同心72","1","0","0","塞打螺栓M5-φ6-20-改1.15-1","0.16350000000000001;-0.148372941241661;0.0883272537575093;-1;-9.5079718408286593E-17;4.0308762089162556E-17;0.0029999999999999996;0","0","False"
"同心72","1","0","1","2_大腿-改1.15-1","0.16800000000000012;-0.148372941241661;0.0883272537575093;-1;9.6041176133885765E-18;2.9860266512610748E-16;0.0052500000000000038;0","0","False"
"重合69","0","1","0","2_大腿-改1.15-1","0.16800000000000012;-0.148372941241661;0.0883272537575093;-1;9.6041176133885765E-18;2.9860266512610748E-16;0;0","0","False"
"重合69","0","1","1","塞打螺栓M5-φ6-20-改1.15-1","0.16800000000000001;-0.14627884250123754;0.083786906803216391;1;9.5079718408286593E-17;-4.0308762089162556E-17;0;0","0","False"
"同心73","1","0","0","塞打螺栓M5-φ6-20-改1.15-2","0.16350000000000001;-0.13393543895852714;0.075179453606658495;-1;-6.0483311809265078E-17;1.5084765188735436E-17;0.0029999999999999996;0","0","False"
"同心73","1","0","1","2_大腿-改1.15-1","0.16800000000000012;-0.13393543895853344;0.075179453606658508;-1;9.6041176133885765E-18;2.9860266512610748E-16;0.0052500000000000038;0","0","False"
"重合70","0","1","0","2_大腿-改1.15-1","0.16800000000000012;-0.13393543895853344;0.075179453606658508;-1;9.6041176133885765E-18;2.9860266512610748E-16;0;0","0","False"
"重合70","0","1","1","塞打螺栓M5-φ6-20-改1.15-2","0.16800000000000001;-0.13114794499428201;0.071028564858535148;1;6.0483311809265078E-17;-1.5084765188735436E-17;0;0","0","False"
"同心74","1","1","0","塞打螺栓M5-φ6-20-改1.15-1","0.16350000000000001;-0.148372941241661;0.0883272537575093;-1;-9.5079718408286593E-17;4.0308762089162556E-17;0.0024999999999999996;0","0","False"
"同心74","1","1","1","防松螺母M5-改1.15-1","0.19200000000000009;-0.14837294124166103;0.088327253757509314;1;1.3721838839386975E-17;-4.8017929054948546E-18;0.0025000000000000001;0","0","False"
"同心75","1","1","0","塞打螺栓M5-φ6-20-改1.15-2","0.16350000000000001;-0.13393543895852714;0.075179453606658495;-1;-6.0483311809265078E-17;1.5084765188735436E-17;0.0024999999999999996;0","0","False"
"同心75","1","1","1","防松螺母M5-改1.15-2","0.19200000000000009;-0.13393543895853344;0.075179453606658508;1;7.2118049245981338E-17;-1.7002101472665125E-16;0.0025000000000000001;0","0","False"
"同心76","1","0","0","RA6008-改1.15-1","0.13049999999999967;4.2486147373445904E-16;0.13049999999999992;1;7.2118487424205051E-17;3.6406793015031537E-16;0.037999999999999999;0","0","False"
"同心76","1","0","1","髋关节夹板-改1.15-1","0.1265;-1.4147678416388366E-16;0.13049999999999981;1;6.7472652143437598E-16;-1.5300330279738478E-15;0.031800000000000002;0","0","False"
"重合74","0","1","0","RA6008-改1.15-1","0.13049999999999967;4.2486147373445904E-16;0.13049999999999992;-1;-7.2118487424205051E-17;-3.6406793015031537E-16;0;0","0","False"
"重合74","0","1","1","髋关节夹板-改1.15-1","0.1305;-1.3877787807814615E-16;0.13049999999999981;1;6.7472652143437598E-16;-1.5300330279738478E-15;0;0","0","False"
"同心77","1","1","0","新小腿链轮20T M27-改1.15-1","0.14259999999999998;0.025685304724637596;0.13453300399237256;-1;-7.0001311773341737E-16;4.0006068649526712E-16;0.0016500000000029349;0","0","False"
"同心77","1","1","1","髋关节夹板-改1.15-1","0.1265;0.025685304724637752;0.13453300399237253;1;6.7472652143437598E-16;-1.5300330279738478E-15;0.0021000000000000012;0","0","False"
"同心78","1","0","0","新大腿链轮20T-改1.15-1","0.1545000000000003;0.020105029259421467;0.15539553772220582;1;2.1720760275899824E-16;7.262872074925088E-16;0.0016499999999999987;0","0","False"
"同心78","1","0","1","2_大腿-改1.15-1","0.16200000000000014;0.012210611404276475;0.1600787249409705;1;-9.6041176133885765E-18;-2.9860266512610748E-16;0.0021000000000000042;0","0","False"
"同心79","1","0","0","2_大腿-改1.15-1","0.16200000000000014;-0.01228111085821618;0.16004952311101406;1;-9.6041176133885765E-18;-2.9860266512610748E-16;0.0021000000000000003;0","0","False"
"同心79","1","0","1","新髋关节轴承座-改1.15-1","0.17000000000000035;-0.0033874010193668445;0.16232020606994857;1;2.0392561858053058E-16;2.9399835484327794E-16;0.0037499999999999999;0","0","False"
"限位","6","0","0","2_大腿-改1.15-1","0.17700000000000013;0.013236468798089063;0.094879838661832833;-2.7655659222830893E-16;0.34832812626566884;-0.93737266679386821;0;0","0","False"
"限位","6","0","1","小腿-改1.15-1","0.19299999999999978;-0.17814043112830349;0.069297084534581888;8.429554179460568E-17;0.63113257150955093;0.77567498166419013;0;0","0","False"
"重合77","0","1","0","新侧挂轴-改4.15-1","0.2414;1.241944470663405E-15;0.10349999999999947;-4.5398417407999678E-18;-1.5309975509580911E-13;1;0;0","0","False"
"重合77","0","1","1","装甲模块-改1.15-1/二版RM2019裁判系统支撑架AH02-改1.15-1","0.20620527905802155;-0.03999999999999599;0.10349999999999332;-1.1102230246251565E-16;1.531385755203346E-13;-1;0;0","0","False"
"同心80","1","1","0","装甲模块-改1.15-1/二版RM2019裁判系统支撑架AH02-改1.15-1","0.22240000000000004;-0.047499999999995983;0.10349999999998619;-8.3266726846886716E-17;1.531385755203346E-13;-1;0.0016500000000000041;0","0","False"
"同心80","1","1","1","新侧挂轴-改4.15-1","0.22240000000000001;-0.047499999999997988;0.098499999999992205;-4.5398417407999678E-18;-1.5309975509580911E-13;1;0.0020999999999999977;0","0","False"
"同心81","1","1","0","装甲模块-改1.15-1/二版RM2019裁判系统支撑架AH02-改1.15-1","0.24740000000000295;-0.047499999999995962;0.10349999999998731;-8.3266726846886716E-17;1.531385755203346E-13;-1;0.0016500000000000009;0","0","False"
"同心81","1","1","1","新侧挂轴-改4.15-1","0.24740000000000001;-0.047499999999997988;0.098499999999992205;-4.5398417407999678E-18;-1.5309975509580911E-13;1;0.0021000000000000042;0","0","False"
"同心82","1","0","0","膝关节二级长连杆-改1.15-1","0.19250000000000003;-0.12534663436400795;0.14690748056219724;1;9.3793676128660283E-17;-2.1981650901214114E-16;0.0040000000000000062;0","0","False"
"同心82","1","0","1","塞打螺栓 M6-φ8-20-改1.15-4","0.20550000000000004;-0.1253466343640095;0.14690748056219377;1;1.8287253055802883E-16;-2.1581249069237596E-16;0.0039999999999999983;0","0","False"
"重合78","0","1","0","膝关节二级长连杆-改1.15-1","0.20000000000000004;-0.12534663436400795;0.14690748056219724;1;9.3793676128660283E-17;-2.1981650901214114E-16;0;0","0","False"
"重合78","0","1","1","塞打螺栓 M6-φ8-20-改1.15-4","0.20000000000000004;-0.11950832181223786;0.1497647706328421;-1;-1.8287253055802883E-16;2.1581249069237596E-16;0;0","0","False"
"重合79","0","1","0","法兰轴承F698 8-19-6-改1.15-6","0.17900000000000083;-0.1253466343640095;0.14690748056219377;-1;-8.2733366558207691E-18;5.6140374263794012E-17;0;0","0","False"
"重合79","0","1","1","防松螺母M6-改1.15-4","0.17900000000000083;-0.1253466343640095;0.14690748056219377;1;8.9229835571159173E-17;6.6060488100090552E-17;0;0","0","False"
"同心83","1","1","0","防松螺母M6-改1.15-4","0.17900000000000083;-0.1253466343640095;0.14690748056219377;-1;-8.9229835571159173E-17;-6.6060488100090552E-17;0.0030000000000000005;0","0","False"
"同心83","1","1","1","塞打螺栓 M6-φ8-20-改1.15-4","0.20550000000000004;-0.1253466343640095;0.14690748056219377;1;1.8287253055802883E-16;-2.1581249069237596E-16;0.0029999999999999966;0","0","False"
"同心84","1","0","0","膝关节二级长连杆-改1.15-1","0.19250000000000003;-0.23200194434282478;0.10258034605834621;1;9.3793676128660283E-17;-2.1981650901214114E-16;0.0040000000000000001;0","0","False"
"同心84","1","0","1","塞打螺栓 M6-φ8-20-改1.15-5","0.20550000000000004;-0.23200194434282634;0.10258034605834275;1;1.1796119636642288E-16;-1.6653345369377348E-16;0.0039999999999999983;0","0","False"
"重合80","0","1","0","膝关节二级长连杆-改1.15-1","0.20000000000000004;-0.23200194434282478;0.10258034605834621;1;9.3793676128660283E-17;-2.1981650901214114E-16;0;0","0","False"
"重合80","0","1","1","塞打螺栓 M6-φ8-20-改1.15-5","0.20000000000000004;-0.23179937351585617;0.10907718875768992;-1;-1.1796119636642288E-16;1.6653345369377348E-16;0;0","0","False"
"同心85","1","1","0","塞打螺栓 M6-φ8-20-改1.15-5","0.20550000000000004;-0.23200194434282634;0.10258034605834275;1;1.1796119636642288E-16;-1.6653345369377348E-16;0.0029999999999999966;0","0","False"
"同心85","1","1","1","防松螺母M6-改1.15-5","0.17650000000000002;-0.23200194434282634;0.10258034605834275;-1;-1.1958860380703784E-16;3.1577463252643922E-16;0.0030000000000000005;0","0","False"
"重合81","0","1","0","法兰轴承F698 8-19-6-改1.15-10","0.17650000000000002;-0.23200194434282634;0.10258034605834275;-1;-6.7554681756779459E-16;3.3290325812332763E-17;0;0","0","False"
"重合81","0","1","1","防松螺母M6-改1.15-5","0.17650000000000002;-0.23200194434282634;0.10258034605834275;1;1.1958860380703784E-16;-3.1577463252643922E-16;0;0","0","False"
"距离7","5","1","0","包胶轴承 30-6-6-改1.15-1","0.081999999999999643;0.042500000000000059;-0.019999999999999976;1;-3.1253616172926588E-16;-5.1069725279216979E-22;0;0","0","False"
"距离7","5","1","1","塞打螺栓M5-φ6-20-改1.15-6","0.082999999999997853;0.037750761753260594;-0.021563565181153283;-1;3.2381510771634012E-16;1.1043464059599354E-23;0;0","0","False"
"重合87","0","1","0","塞打螺栓M5-φ6-20-改1.15-6","0.082999999999997853;0.037750761753260594;-0.021563565181153283;-1;3.2381510771634012E-16;1.1043464059599354E-23;0;0","0","False"
"重合87","0","1","1","垫片 6-10-1-改1.15-1","0.08300000000000006;0.042499999999999982;-0.020000000000000004;1;1.5991635463071675E-17;2.9850865484066621E-16;0;0","0","False"
"同心98","1","1","0","塞打螺栓M5-φ6-20-改1.15-6","0.087499999999997857;0.042499999999999073;-0.019999999999999515;1;-3.2381510771634012E-16;-1.1043464059599354E-23;0.0029999999999999996;0","0","False"
"同心98","1","1","1","垫片 6-10-1-改1.15-1","0.08300000000000006;0.042499999999999982;-0.020000000000000004;-1;-1.5991635463071675E-17;-2.9850865484066621E-16;0.0030000000000000005;0","0","False"
"同心99","1","1","0","塞打螺栓M5-φ6-20-改1.15-6","0.087499999999997857;0.042499999999999073;-0.019999999999999515;1;-3.2381510771634012E-16;-1.1043464059599354E-23;0.0029999999999999996;0","0","False"
"同心99","1","1","1","垫片 6-10-1-改1.15-2","0.075999999999999998;0.042499999999999948;-0.019999999999999987;-1;-1.5991635463071635E-17;-2.9850865484066621E-16;0.0050000000000000001;0","0","False"
"同心100","1","1","0","塞打螺栓M5-φ6-20-改1.15-6","0.087499999999997857;0.042499999999999073;-0.019999999999999515;1;-3.2381510771634012E-16;-1.1043464059599354E-23;0.0029999999999999996;0","0","False"
"同心100","1","1","1","垫片 6-10-1-改1.15-3","0.070000000000000048;0.042499999999999989;-0.020000000000000007;-1;-1.5991635463071675E-17;-2.9850865484066621E-16;0.0050000000000000001;0","0","False"
"重合90","0","1","0","包胶轴承 30-6-6-改1.15-4","0.063000000000000056;0.042500000000000017;-0.020000000000000014;-1;2.7380887189673505E-16;-4.6080607085888713E-18;0;0","0","False"
"重合90","0","1","1","防松螺母M5-改1.15-6","0.06300000000000007;0.042499999999999982;-0.019999999999999997;1;-4.8970700814850566E-16;8.9677142234344539E-17;0;0","0","False"
"同心101","1","1","0","塞打螺栓M5-φ6-20-改1.15-6","0.087499999999997857;0.042499999999999073;-0.019999999999999515;1;-3.2381510771634012E-16;-1.1043464059599354E-23;0.0024999999999999996;0","0","False"
"同心101","1","1","1","防松螺母M5-改1.15-6","0.06300000000000007;0.042499999999999982;-0.019999999999999997;-1;4.8970700814850566E-16;-8.9677142234344539E-17;0.0025000000000000001;0","0","False"
"重合93","0","1","0","小铝条M3-40-改1.15-1","0.063999999999999987;-0.020000000000000018;-1.3010426069826053E-18;-2.4629709972464969E-16;-1.6653345369377353E-16;-1;0;0","0","False"
"重合93","0","1","1","腿的RFID安装板-改1.15-1","-1.3877787807814457E-17;-2.0816681711721685E-17;-6.0715321659188248E-18;0;0;1;0;0","0","False"
"同心104","1","1","0","小铝条M3-40-改1.15-1","0.067000000000000004;0.014999999999999975;-7.8062556418956319E-18;2.4629709972464969E-16;1.6653345369377353E-16;1;0.0016000000000000001;0","0","False"
"同心104","1","1","1","腿的RFID安装板-改1.15-1","0.06699999999999999;0.014999999999999975;-6.0715321659188248E-18;0;0;-1;0.0016000000000000051;0","0","False"
"同心105","1","1","0","小铝条M3-40-改1.15-1","0.067000000000000004;-0.0050000000000000218;-4.3368086899420177E-18;2.4629709972464969E-16;1.6653345369377353E-16;1;0.0016000000000000003;0","0","False"
"同心105","1","1","1","腿的RFID安装板-改1.15-1","0.06699999999999999;-0.0050000000000000253;-6.0715321659188248E-18;0;0;-1;0.0016000000000000053;0","0","False"
"重合94","0","1","0","腿的RFID安装板-改1.15-1","-1.3877787807814457E-17;-2.0816681711721685E-17;-0.0030000000000000061;0;0;-1;0;0","0","False"
"重合94","0","1","1","RM场地交互模块-改1.15-1","0.048549999999999968;0.056549999999999968;-0.0030000000000000096;6.7388979403006736E-18;1.1105308988780274E-16;1;0;0","0","False"
"同心106","1","0","0","腿的RFID安装板-改1.15-1","0.024999999999999988;0.030999999999999979;-6.0715321659188248E-18;0;0;-1;0.0016000000000000007;0","0","False"
"同心106","1","0","1","RM场地交互模块-改1.15-1","0.024999999999999981;0.030999999999999979;0.0074999999999999928;-6.7388979403006736E-18;-1.1105308988780274E-16;-1;0.0015;0","0","False"
"同心107","1","0","0","腿的RFID安装板-改1.15-1","-0.025000000000000012;0.030999999999999979;-6.0715321659188248E-18;0;0;-1;0.0016000000000000007;0","0","False"
"同心107","1","0","1","RM场地交互模块-改1.15-1","-0.025000000000000008;0.030999999999999979;0.0074999999999999928;-6.7388979403006736E-18;-1.1105308988780274E-16;-1;0.0015;0","0","False"
"平行8","3","1","0","张紧打印件-定-改1.15-1","-0.106;5.7192382845577252E-06;0.14129172300342296;1.0253446836344595E-16;0.19685039370077476;0.9804335380329714;0;0","0","False"
"平行8","3","1","1","张紧打印件-动-改1.15-1","-0.10600000000000001;0.0033275513362016861;0.14062476911933333;-1.9037415431992402E-16;-0.19685039370077467;-0.98043353803297151;0;0","0","False"
"重合106","0","1","0","张紧打印件-定-改1.15-1","-0.106;5.7192382845577252E-06;0.14129172300342296;1.0253446836344595E-16;0.19685039370077476;0.9804335380329714;0;0","0","False"
"重合106","0","1","1","张紧打印件-动-改1.15-1","-0.10600000000000001;0.0033275513362016861;0.14062476911933333;-1.9037415431992402E-16;-0.19685039370077467;-0.98043353803297151;0;0","0","False"
"同心123","1","0","0","底盘总装","-0.086499999999999966;0.0996120474641497;0.12049999999999997;-1;-1.8312081603186217E-16;4.7767737933834152E-16;0.049500000000000002;0","0","True"
"同心123","1","0","1","张紧打印件-动-改1.15-1","-0.10599999999999998;0.10278657564686786;0.11986262163793784;-1;2.4134340359527151E-16;1.4571677198205493E-16;0.049499999999999968;0","0","True"
"同心137","1","0","0","弹簧杆-1","0.17149999999999949;-0.12728756624357013;0.029882160218970603;-1.7128286665233169E-17;0.92049091982541609;0.39076395243031276;0.0029999999999999996;0","0","False"
"同心137","1","0","1","鱼眼轴承M6内牙-1/E-GZN6_h-12.24-1","0.17150000000000026;-0.12728756624356943;0.029882160218969035;-1.7128286665222614E-17;0.92049091982541598;0.39076395243031276;0.0024585000000000006;0","0","False"
"距离12","5","1","0","弹簧杆-1","0.17149999999999949;-0.13281051176252262;0.027537576504388726;1.7128286665233169E-17;-0.92049091982541609;-0.39076395243031276;0;0","0","False"
"距离12","5","1","1","鱼眼轴承M6内牙-1/E-GZN6_h-12.24-1","0.17150000000000026;-0.12982753193436647;0.035865351197834239;-1.7128286665222614E-17;0.92049091982541598;0.39076395243031276;0;0","0","False"
"同心138","1","0","0","弹簧筒-1","0.17149999999999949;-0.017170983359165143;0.0766285107035483;4.0709969745484117E-17;-0.92049091982541598;-0.39076395243031281;0.0030000000000000005;0","0","False"
"同心138","1","0","1","鱼眼轴承M6内牙-2/E-GZN6_h-12.24-1","0.17150000000000004;-0.022693928878116932;0.074283926988964771;-2.1900644037022274E-16;-0.92049091982541609;-0.39076395243031264;0.0024585000000000006;0","0","False"
"重合114","0","1","0","弹簧筒-1","0.17149999999999949;-0.022693928878117636;0.074283926988966423;-4.0709969745484117E-17;0.92049091982541598;0.39076395243031281;0;0","0","False"
"重合114","0","1","1","鱼眼轴承M6内牙-2/E-GZN6_h-12.24-1","0.17150000000000004;-0.025233894568913964;0.080267117967829968;-2.1900644037022274E-16;-0.92049091982541609;-0.39076395243031264;0;0","0","False"
"同心140","1","1","0","弹簧杆-1","0.17149999999999949;-0.12728756624357013;0.029882160218970603;-1.7128286665233169E-17;0.92049091982541609;0.39076395243031276;0.0029999999999999996;0","0","False"
"同心140","1","1","1","弹簧筒-1","0.17149999999999949;-0.033739819916022623;0.069594759559802669;4.0709969745484117E-17;-0.92049091982541598;-0.39076395243031281;0.0030499999999999998;0","0","False"
"重合116","0","0","0","鱼眼轴承M6内牙-1/E-GZN6_b-12.24-1","0.17600000000000027;-0.15902609315914976;0.016408619139171843;1;7.7129476828189564E-16;-1.7730436488270219E-15;0;0","0","False"
"重合116","0","0","1","鱼眼轴承M6内牙-2/E-GZN6_b-12.24-1","0.17600000000000005;0.0079584187520694225;0.087296366604894177;1;-2.388955220727141E-16;2.289664845230408E-18;0;0","0","False"
"LimitDistance1","5","2","0","鱼眼轴承M6内牙-1/E-GZN6_b-12.24-1","0.12150000000000026;-0.15490229383833193;0.018159241646059743;-1;-7.7129476828189564E-16;1.7730436488270219E-15;0.0030000000000000001;0","0","True"
"LimitDistance1","5","2","1","鱼眼轴承M6内牙-2/E-GZN6_b-12.24-1","0.22150000000000003;0.0049207987166455377;0.086006845561874143;1;-2.388955220727141E-16;2.289664845230408E-18;0.0030000000000000001;0","0","True"
"重合117","0","1","0","2_大腿-改1.15-1","0.16700000000000015;-6.3633876485204218E-15;0.13049999999999987;1;-9.6041176133885765E-18;-2.9860266512610748E-16;0;0","0","False"
"重合117","0","1","1","鱼眼轴承M6内牙-2/E-GZN6_b-12.24-1","0.16700000000000004;0.0090445980374634152;0.087757468068761946;-1;2.388955220727141E-16;-2.289664845230408E-18;0;0","0","False"
"同心141","1","0","0","2_大腿-改1.15-1","0.16200000000000014;0.0049207987166383325;0.086006845561874573;1;-9.6041176133885765E-18;-2.9860266512610748E-16;0.0030000000000000001;0","0","False"
"同心141","1","0","1","鱼眼轴承M6内牙-2/E-GZN6_b-12.24-1","0.22150000000000003;0.0049207987166455377;0.086006845561874143;1;-2.388955220727141E-16;2.289664845230408E-18;0.0030000000000000001;0","0","False"
"同心144","1","1","0","小腿-改1.15-1","0.1779999999999998;-0.15490229383833348;0.01815924164604673;1;-3.122387495114957E-17;-8.3268318814791576E-17;0.0030000000000000014;0","0","False"
"同心144","1","1","1","鱼眼轴承M6内牙-1/E-GZN6_b-12.24-1","0.12150000000000026;-0.15490229383833193;0.018159241646059743;-1;-7.7129476828189564E-16;1.7730436488270219E-15;0.0030000000000000001;0","0","False"
"同心146","1","1","0","2_髋关节RA6008压紧盖-1","0.1341;-9.6996783572870034E-15;0.13049999999999998;1;3.5480852219502673E-16;3.8021565021789096E-16;0.048000000000000008;0","0","False"
"同心146","1","1","1","底盘装配v0-1/2_大侧板-v2-1","0.13400000000000001;-6.4920291364956028E-17;0.13049999999999998;-1;3.1225022567582571E-17;8.3266726846886753E-17;0.035250000000000004;0","0","False"
"重合119","0","1","0","2_髋关节RA6008压紧盖-1","0.1341;-9.6996783572870034E-15;0.13049999999999998;-1;-3.5480852219502673E-16;-3.8021565021789096E-16;0;0","0","True"
"重合119","0","1","1","底盘装配v0-1/2_大侧板-v2-1","0.13400000000000001;-7.657763312352017E-17;0.11049999999999997;1;-3.1225022567582571E-17;-8.3266726846886753E-17;0;0","0","True"
"同心147","1","0","0","2_髋关节RA6008压紧盖-1","0.1318;-0.030405591591030543;0.1609055915910198;1;3.5480852219502673E-16;3.8021565021789096E-16;0.0016500000000026021;0","0","False"
"同心147","1","0","1","底盘装配v0-1/2_大侧板-v2-1","0.126;-0.030405591591021047;0.1609055915910215;1;-3.1225022567582571E-17;-8.3266726846886753E-17;0.0021000000000000059;0","0","False"
"同心150","1","1","0","小腿-改1.15-1","0.19289999999999971;-1.6653345369377348E-16;-0.0056262799861357127;-1;3.1224597513355301E-17;8.3267145130102186E-17;0.02250000000000001;0","0","True"
"同心150","1","1","1","底盘总装","0.2011999999999998;4.3701757985582048E-16;-0.0056262799861371733;1;-6.2154619656080095E-16;-1.0551979931889038E-15;0.021000000000000001;0","0","True"
"同心151","1","0","0","小腿-改1.15-1","0.19289999999999971;-0.022625373075915112;-0.021257738432988255;-1;3.1224597513355301E-17;8.3267145130102186E-17;0.0020500000000000141;0","0","True"
"同心151","1","0","1","底盘总装","0.19289999999999979;-0.027380858405816309;-0.008183347243878732;-1;6.2154619656080095E-16;1.0551979931889038E-15;0.00165;0","0","True"
"重合121","0","1","0","小腿-改1.15-1","0.19299999999999978;-0.19391874541604226;0.049905209992977137;1;-3.122387495114957E-17;-8.3268318814791576E-17;0;0","0","False"
"重合121","0","1","1","底盘总装","0.19289999999999979;4.4297608850011338E-16;-0.0056262799861371638;-1;6.2154619656080095E-16;1.0551979931889038E-15;0;0","0","False"
"同心154","1","1","0","镜向小腿-改1.15-2","-0.19289999999999974;-1.6653345369377348E-16;-0.0056262799861357404;1;-3.1224597513355301E-17;-8.3267145130102186E-17;0.02250000000000001;0","0","False"
"同心154","1","1","1","底盘总装","-0.20119999999999971;-7.5382975544384777E-16;-0.0056262799861356155;-1;9.5180937311853074E-16;6.9566304266300646E-16;0.021000000000000001;0","0","False"
"同心155","1","0","0","镜向小腿-改1.15-2","-0.19289999999999974;-0.022625373075915112;-0.021257738432988282;1;-3.1224597513355301E-17;-8.3267145130102186E-17;0.0020500000000000141;0","0","False"
"同心155","1","0","1","底盘总装","-0.19289999999999974;-0.022625373075915486;-0.021257738432988033;1;-9.5180937311853074E-16;-6.9566304266300646E-16;0.00165;0","0","False"
"重合123","0","1","0","镜向小腿-改1.15-2","-0.193;-0.19391874541604223;0.049905209992977165;-1;3.122387495114957E-17;8.3268318814791576E-17;0;0","0","False"
"重合123","0","1","1","底盘总装","-0.19289999999999971;-7.6167147084442683E-16;-0.0056262799861356216;1;-9.5180937311853074E-16;-6.9566304266300646E-16;0;0","0","False"
"同心157","1","2","0","小腿-改1.15-1","0.19289999999999971;-0.022625373075915112;-0.021257738432988255;-1;3.1224597513355301E-17;8.3267145130102186E-17;0.0020500000000000141;0","0","True"
"同心157","1","2","1","底盘总装","0.19289999999999979;-0.027380858405816309;-0.008183347243878732;-1;6.2154619656080095E-16;1.0551979931889038E-15;0.00165;0","0","True"
"同心159","1","0","0","小腿-改1.15-1","0.19289999999999971;-0.022625373075915112;-0.021257738432988255;-1;3.1224597513355301E-17;8.3267145130102186E-17;0.0020500000000000141;0","0","True"
"同心159","1","0","1","底盘总装","0.19289999999999979;-0.027380858405816309;-0.008183347243878732;-1;6.2154619656080095E-16;1.0551979931889038E-15;0.00165;0","0","True"
"同心163","1","1","0","包胶轴承 30-6-6-改1.15-1","0.081999999999999643;0.042500000000000059;-0.019999999999999976;-1;3.1253616172926588E-16;5.1069725279216979E-22;0.0030000000000000005;0","0","False"
"同心163","1","1","1","塞打螺栓M5-φ6-20-改1.15-6","0.087499999999997857;0.042499999999999073;-0.019999999999999515;1;-3.2381510771634012E-16;-1.1043464059599354E-23;0.0029999999999999996;0","0","False"
"同心164","1","1","0","包胶轴承 30-6-6-改1.15-4","0.069000000000000061;0.042500000000000017;-0.020000000000000014;-1;2.7380887189673505E-16;-4.6080607085888713E-18;0.0030000000000000005;0","0","False"
"同心164","1","1","1","塞打螺栓M5-φ6-20-改1.15-6","0.087499999999997857;0.042499999999999073;-0.019999999999999515;1;-3.2381510771634012E-16;-1.1043464059599354E-23;0.0029999999999999996;0","0","False"
"同心165","1","1","0","塞打螺栓M5-φ6-20-改1.15-6","0.087499999999997857;0.042499999999999073;-0.019999999999999515;1;-3.2381510771634012E-16;-1.1043464059599354E-23;0.0029999999999999996;0","0","False"
"同心165","1","1","1","垫片 6-10-1-改1.15-1","0.08300000000000006;0.042499999999999982;-0.020000000000000004;-1;-1.5991635463071675E-17;-2.9850865484066621E-16;0.0050000000000000001;0","0","False"
"同心166","1","1","0","塞打螺栓M5-φ6-20-改1.15-6","0.087499999999997857;0.042499999999999073;-0.019999999999999515;1;-3.2381510771634012E-16;-1.1043464059599354E-23;0.0029999999999999996;0","0","False"
"同心166","1","1","1","垫片 6-10-1-改1.15-3","0.070000000000000048;0.042499999999999989;-0.020000000000000007;-1;-1.5991635463071675E-17;-2.9850865484066621E-16;0.0050000000000000001;0","0","False"
"同心167","1","1","0","塞打螺栓M5-φ6-20-改1.15-6","0.087499999999997857;0.042499999999999073;-0.019999999999999515;1;-3.2381510771634012E-16;-1.1043464059599354E-23;0.0029999999999999996;0","0","False"
"同心167","1","1","1","防松螺母M5-改1.15-6","0.06300000000000007;0.042499999999999982;-0.019999999999999997;-1;4.8970700814850566E-16;-8.9677142234344539E-17;0.0025000000000000001;0","0","False"
"同心168","1","1","0","塞打螺栓M5-φ6-20-改1.15-6","0.087499999999997857;0.042499999999999073;-0.019999999999999515;1;-3.2381510771634012E-16;-1.1043464059599354E-23;0.0029999999999999996;0","0","False"
"同心168","1","1","1","底盘装配v0-1/底盘骨架-final-1","0.075000000000000025;0.042499999999999982;-0.020000000000000004;-1;3.2381504884900402E-16;0;0.0030000000000000018;0","0","False"
"重合125","0","1","0","垫片 6-10-1-改1.15-2","0.074999999999999997;0.042499999999999948;-0.019999999999999987;-1;-1.5991635463071635E-17;-2.9850865484066621E-16;0;0","0","False"
"重合125","0","1","1","底盘装配v0-1/底盘骨架-final-1","0.075000000000000011;-2.3496562975359489E-17;-5.1768996905128905E-33;1;-3.1253553901592093E-16;-7.3955709864469857E-32;0;0","0","False"
"重合126","0","1","0","包胶轴承 30-6-6-改1.15-1","0.075999999999999637;0.042500000000000059;-0.019999999999999976;-1;3.1253616172926588E-16;5.1069725279216979E-22;0;0","0","False"
"重合126","0","1","1","垫片 6-10-1-改1.15-2","0.075999999999999998;0.042499999999999948;-0.019999999999999987;1;1.5991635463071635E-17;2.9850865484066621E-16;0;0","0","False"
"重合127","0","1","0","垫片 6-10-1-改1.15-3","0.070000000000000048;0.042499999999999989;-0.020000000000000007;1;1.5991635463071675E-17;2.9850865484066621E-16;0;0","0","False"
"重合127","0","1","1","底盘装配v0-1/底盘骨架-final-1","0.070000000000000007;-2.1877487731114468E-17;-5.1768996905128905E-33;-1;3.1253553901592093E-16;7.3955709864469857E-32;0;0","0","False"
"重合128","0","1","0","包胶轴承 30-6-6-改1.15-4","0.069000000000000061;0.042500000000000017;-0.020000000000000014;1;-2.7380887189673505E-16;4.6080607085888713E-18;0;0","0","False"
"重合128","0","1","1","垫片 6-10-1-改1.15-3","0.069000000000000047;0.042499999999999989;-0.020000000000000007;-1;-1.5991635463071675E-17;-2.9850865484066621E-16;0;0","0","False"
"重合129","0","1","0","小铝条M3-40-改1.15-1","0.069999999999999993;-0.020000000000000018;0.0059999999999999967;1;-2.366490429476115E-16;-1.017368100599155E-16;0;0","0","False"
"重合129","0","1","1","底盘装配v0-1/底盘骨架-final-1","0.070000000000000007;-2.1877487731114468E-17;-5.1768996905128905E-33;-1;3.1253553901592093E-16;7.3955709864469857E-32;0;0","0","False"
"同心169","1","1","0","小铝条M3-40-改1.15-1","0.064000000000000001;0.004999999999999975;0.002999999999999994;1;-2.366490429476115E-16;-1.017368100599155E-16;0.0016000000000000018;0","0","False"
"同心169","1","1","1","底盘装配v0-1/底盘骨架-final-1","0.12600000000000006;0.0049999999999999593;0.002999999999999994;-1;2.9458050438843263E-16;7.3955709864469824E-32;0.0015999999999999999;0","0","False"
"同心170","1","1","0","小铝条M3-40-改1.15-1","0.064000000000000001;-0.01500000000000002;0.0029999999999999975;1;-2.366490429476115E-16;-1.017368100599155E-16;0.0015999999999999981;0","0","False"
"同心170","1","1","1","底盘装配v0-1/底盘骨架-final-1","0.12600000000000006;-0.015000000000000043;0.0029999999999999988;-1;2.9458050438843263E-16;7.3955709864469824E-32;0.0016000000000000005;0","0","False"
"重合131","0","1","0","底盘装配v0-1/底盘骨架-final-1","-0.070000000000000007;-2.1877487731114468E-17;-5.1768996905128905E-33;1;3.1253553901592093E-16;7.3955709864469857E-32;0;0","0","False"
"重合131","0","1","1","小铝条M3-40-改1.15-2","-0.070000000000000007;0.0099999999999999777;-6.5052130349130266E-18;-1;8.6332303965316738E-16;1.544399635011863E-16;0;0","0","False"
"同心171","1","0","0","底盘装配v0-1/底盘骨架-final-1","-0.12600000000000006;0.0049999999999999593;0.002999999999999994;1;2.9458050438843263E-16;7.3955709864469824E-32;0.0015999999999999999;0","0","False"
"同心171","1","0","1","小铝条M3-40-改1.15-2","-0.070000000000000021;0.0049999999999999802;0.0029999999999999944;1;-8.6332303965316738E-16;-1.544399635011863E-16;0.0015999999999999981;0","0","False"
"同心172","1","0","0","底盘装配v0-1/底盘骨架-final-1","-0.12600000000000006;-0.015000000000000043;0.0029999999999999988;1;2.9458050438843263E-16;7.3955709864469824E-32;0.0016000000000000005;0","0","False"
"同心172","1","0","1","小铝条M3-40-改1.15-2","-0.070000000000000034;-0.015000000000000019;0.0029999999999999988;1;-8.6332303965316738E-16;-1.544399635011863E-16;0.0016000000000000018;0","0","False"
"重合132","0","1","0","底盘装配v0-1/2_大侧板-v2-2","-0.126;-7.6327832942979537E-17;0.11049999999999997;1;3.1225022567582577E-17;8.3266726846886753E-17;0;0","0","False"
"重合132","0","1","1","2_新侧挂轴固定件-改1.15-3","-0.12599999999999997;-3.1528599175878469E-15;0.13049999999999995;-1;-1.9711195791232574E-16;7.3406501448382957E-17;0;0","0","False"
"同心173","1","0","0","底盘装配v0-1/2_大侧板-v2-2","-0.126;-0.030405591591022494;0.10009440840897871;-1;-3.1225022567582577E-17;-8.3266726846886753E-17;0.0021000000000000025;0","0","False"
"同心173","1","0","1","2_新侧挂轴固定件-改1.15-3","-0.11299999999999998;-0.030405591591022442;0.10009440840897867;-1;-1.9711195791232574E-16;7.3406501448382957E-17;0.0021000000000048263;0","0","False"
"同心174","1","0","0","底盘装配v0-1/2_大侧板-v2-2","-0.126;-9.9178998347326788E-16;0.087499999999999981;-1;-3.1225022567582577E-17;-8.3266726846886753E-17;0.0021000000000000025;0","0","False"
"同心174","1","0","1","2_新侧挂轴固定件-改1.15-3","-0.11299999999999998;-9.8857335428324492E-16;0.087499999999999967;-1;-1.9711195791232574E-16;7.3406501448382957E-17;0.0021000000000049486;0","0","False"
"重合133","0","1","0","张紧打印件-动-改1.15-1","-0.126;0.0031745281827179669;0.13986262163793656;-1;2.4134340359527151E-16;1.4571677198205493E-16;0;0","0","False"
"重合133","0","1","1","底盘装配v0-1/2_大侧板-v2-2","-0.126;-7.6327832942979537E-17;0.11049999999999997;1;3.1225022567582577E-17;8.3266726846886753E-17;0;0","0","False"
"重合134","0","1","0","新侧挂轴-改4.15-1","0.21825629601348426;0.072500000000001549;0.10150000000001055;6.9427293207097206E-17;-1;-1.5309975509580911E-13;0;0","0","False"
"重合134","0","1","1","小铝条M3-40-1","0.21540000000000009;0.072500000000005518;0.093500000000010519;-8.4681997668389953E-17;1;1.5312263386401929E-13;0;0","0","False"
"同心177","1","1","0","新侧挂轴-改4.15-1","0.25040000000000001;0.076500000000002316;0.09650000000001116;6.9427293207097206E-17;-1;-1.5309975509580911E-13;0.0015999999999999983;0","0","False"
"同心177","1","1","1","小铝条M3-40-1","0.25040000000000007;0.066500000000005055;0.096500000000009606;-8.4681997668389953E-17;1;1.5312263386401929E-13;0.0016000000000000001;0","0","False"
"同心178","1","1","0","新侧挂轴-改4.15-1","0.23039999999999999;0.076500000000002316;0.09650000000001116;6.9427293207097206E-17;-1;-1.5309975509580911E-13;0.0016000000000000007;0","0","False"
"同心178","1","1","1","小铝条M3-40-1","0.23040000000000008;0.066500000000005055;0.096500000000009606;-8.4681997668389953E-17;1;1.5312263386401929E-13;0.0016000000000000003;0","0","False"
"重合136","0","1","0","新侧挂轴-改4.15-1","0.21825629601348426;0.072500000000001549;0.10150000000001055;6.9427293207097206E-17;-1;-1.5309975509580911E-13;0;0","0","False"
"重合136","0","1","1","小铝条M3-40-2","0.27170777967402832;0.072500000000010417;0.061500000000010532;-9.2181326783019345E-17;1;1.5285573732685503E-13;0;0","0","False"
"同心179","1","0","0","新侧挂轴-改4.15-1","0.26670777967402831;0.076500000000007215;0.064500000000011173;6.9427293207097206E-17;-1;-1.5309975509580911E-13;0.0016000000000000094;0","0","False"
"同心179","1","0","1","小铝条M3-40-2","0.26670777967402837;0.072500000000009959;0.064500000000010535;9.2181326783019345E-17;-1;-1.5285573732685503E-13;0.0015999999999999981;0","0","False"
"同心180","1","0","0","新侧挂轴-改4.15-1","0.24670777967402832;0.076500000000007215;0.06450000000001116;6.9427293207097206E-17;-1;-1.5309975509580911E-13;0.0016000000000000074;0","0","False"
"同心180","1","0","1","小铝条M3-40-2","0.24670777967402835;0.072500000000009959;0.064500000000010535;9.2181326783019345E-17;-1;-1.5285573732685503E-13;0.0016000000000000018;0","0","False"
"重合137","0","1","0","RA6008-改1.15-1","0.13049999999999967;4.2486147373445904E-16;0.13049999999999992;-1;-7.2118487424205051E-17;-3.6406793015031537E-16;0;0","0","False"
"重合137","0","1","1","底盘装配v0-1/2_大侧板-v2-1","0.1305;-6.4811003785969497E-17;0.13049999999999998;1;-3.1225022567582571E-17;-8.3266726846886753E-17;0;0","0","False"
"宽度4","11","0","0","6_电机梁嵌件-3","0.12479999999999999;-0.051200000000000002;0.058799999999999998;1;-7.8968420012644201E-17;-9.7618876947816732E-18;0;0","0","False"
"宽度4","11","0","1","6_电机梁嵌件-3","0.0872;-0.051200000000000002;0.058799999999999998;-1;7.8968420012644201E-17;9.7618876947816732E-18;0;0","0","False"
"宽度4","11","0","2","底盘装配v0-1/底盘骨架-final-1","0.086999999999999994;-0.090000000000000011;0.059999999999999998;1;0;0;0;0","0","False"
"宽度4","11","0","3","底盘装配v0-1/底盘骨架-final-1","0.125;-0.090000000000000011;0.059999999999999998;-1;0;0;0;0","0","False"
"宽度5","11","1","0","6_电机梁嵌件-3","0.106;-0.070000000000000007;0.058800000000000005;9.761887694781684E-18;1.2490009027033011E-16;1;0;0","0","False"
"宽度5","11","1","1","6_电机梁嵌件-3","0.106;-0.070000000000000007;0.031199999999999999;-9.761887694781684E-18;-1.2490009027033011E-16;-1;0;0","0","False"
"宽度5","11","1","2","底盘装配v0-1/底盘骨架-final-1","0;0;0.058999999999999997;0;0;-1;0;0","0","False"
"宽度5","11","1","3","底盘装配v0-1/底盘骨架-final-1","0;0;0.031;0;0;1;0;0","0","False"
"同心181","1","1","0","底盘装配v0-1/底盘骨架-final-1","-0.126;-0.077000000000000013;0.053999999999999999;1;0;0;0.0021000000000000051;0","0","False"
"同心181","1","1","1","6_电机梁嵌件-3","0.12479999999999999;-0.077000000000000013;0.053999999999999999;-1;7.8968420012644201E-17;9.7618876947816732E-18;0.0016500000000000002;0","0","False"
"宽度6","11","0","0","6_电机梁嵌件-2","0.12479999999999998;0.018800000000000004;0.058799999999999998;1;-7.8968420012644201E-17;-9.7618876947816732E-18;0;0","0","False"
"宽度6","11","0","1","6_电机梁嵌件-2","0.087199999999999986;0.018800000000000004;0.058799999999999998;-1;7.8968420012644201E-17;9.7618876947816732E-18;0;0","0","False"
"宽度6","11","0","2","底盘装配v0-1/底盘骨架-final-1","0.086999999999999994;-0.090000000000000011;0.059999999999999998;1;0;0;0;0","0","False"
"宽度6","11","0","3","底盘装配v0-1/底盘骨架-final-1","0.125;-0.090000000000000011;0.059999999999999998;-1;0;0;0;0","0","False"
"宽度7","11","1","0","6_电机梁嵌件-2","0.10599999999999998;3.4472424914611116E-18;0.058800000000000005;9.761887694781684E-18;1.2490009027033011E-16;1;0;0","0","False"
"宽度7","11","1","1","6_电机梁嵌件-2","0.10599999999999998;0;0.031199999999999999;-9.761887694781684E-18;-1.2490009027033011E-16;-1;0;0","0","False"
"宽度7","11","1","2","底盘装配v0-1/底盘骨架-final-1","0;0;0.058999999999999997;0;0;-1;0;0","0","False"
"宽度7","11","1","3","底盘装配v0-1/底盘骨架-final-1","0;0;0.031;0;0;1;0;0","0","False"
"同心182","1","1","0","底盘装配v0-1/底盘骨架-final-1","-0.126;0.0070000000000000062;0.053999999999999999;1;0;0;0.0021000000000000042;0","0","False"
"同心182","1","1","1","6_电机梁嵌件-2","0.12479999999999998;0.0070000000000000001;0.053999999999999999;-1;7.8968420012644201E-17;9.7618876947816732E-18;0.0016500000000000002;0","0","False"
"宽度8","11","1","0","横梁嵌件碳板-1","0.051000000000000024;0.088799999999999948;0.028999999999999998;0;1;0;0;0","0","False"
"宽度8","11","1","1","横梁嵌件碳板-1","0.051000000000000024;0.051199999999999954;0.028999999999999998;0;-1;0;0;0","0","False"
"宽度8","11","1","2","底盘装配v0-1/底盘骨架-final-1","-0.126;0.088999999999999996;0.029999999999999999;0;-1;0;0;0","0","False"
"宽度8","11","1","3","底盘装配v0-1/底盘骨架-final-1","-0.126;0.051000000000000004;0.029999999999999999;0;1;0;0;0","0","False"
"重合138","0","1","0","底盘装配v0-1/底盘骨架-final-1","0;0;0.028999999999999998;0;0;-1;0;0","0","False"
"重合138","0","1","1","横梁嵌件碳板-1","0.087500000000000022;0.069999999999999951;0.028999999999999998;0;0;1;0;0","0","False"
"同心183","1","0","0","底盘装配v0-1/底盘骨架-final-1","0.055000000000000014;0.083999999999999977;0.070001000000000008;0;0;-1;0.0037500000000000133;0","0","False"
"同心183","1","0","1","横梁嵌件碳板-1","0.055000000000000021;0.083999999999999977;0.028999999999999998;0;0;-1;0.0021000000000000012;0","0","False"
"同心184","1","1","0","小腿-改1.15-1","0.1779999999999998;8.737455203799982E-14;-0.10787793288481312;1;-3.122387495114957E-17;-8.3268318814791576E-17;0.022999999999999982;0","0","False"
"同心184","1","1","1","底盘总装","0.19190000000000035;-7.8062556418956319E-18;-0.033245582879473941;-1;1.324032554704193E-16;5.9825266075101949E-17;0.029999999999999999;0","0","False"
"重合139","0","1","0","小腿-改1.15-1","0.19299999999999978;-0.19391874541604226;0.049905209992977137;1;-3.122387495114957E-17;-8.3268318814791576E-17;0;0","0","False"
"重合139","0","1","1","底盘总装","0.19290000000000035;-0.012701291206783979;-0.052420493614089431;-1;1.324032554704193E-16;5.9825266075101949E-17;0;0","0","False"
"同心186","1","1","0","小腿-改1.15-1","0.17799999999999996;0.022134930847407919;-0.04375620718903464;1;-9.3836304356099792E-17;-8.2193803946965802E-17;0.0020999999999999899;0","0","False"
"同心186","1","1","1","底盘总装","0.20656690475583156;0.022092831933361316;-0.047879679269898959;-1;1.324032554704193E-16;5.9825266075101949E-17;0.0016499999999999987;0","0","False"
"同心187","1","1","0","镜向小腿-改1.15-2","-0.17799999999999999;8.737455203799982E-14;-0.10787793288481308;-1;3.122387495114957E-17;8.3268318814791576E-17;0.022999999999999982;0","0","False"
"同心187","1","1","1","底盘总装","-0.19190000000000038;-7.2858385991025898E-17;-0.033245582879473941;1;3.7056074637596498E-16;1.3856157389920998E-15;0.029999999999999999;0","0","False"
"重合140","0","1","0","镜向小腿-改1.15-2","-0.193;-0.19391874541604223;0.049905209992977165;-1;3.122387495114957E-17;8.3268318814791576E-17;0;0","0","False"
"重合140","0","1","1","底盘总装","-0.1929000000000004;0.012701291206783889;-0.014070672144858447;1;3.7056074637596498E-16;1.3856157389920998E-15;0;0","0","False"
"同心188","1","1","0","镜向小腿-改1.15-2","-0.17799999999999996;0.02213493084740803;-0.043756207189034863;-1;-9.0640059357427427E-17;-7.7338141193687859E-17;0.0020999999999999899;0","0","False"
"同心188","1","1","1","底盘总装","-0.20656690475583159;0.022092831933361253;-0.047879679269898959;1;3.7056074637596498E-16;1.3856157389920998E-15;0.0016499999999999987;0","0","False"
"腿长350","5","2","0","2_大腿-改1.15-1","0.17700000000000013;-6.3634836896965559E-15;0.13049999999999987;-1;9.6041176133885765E-18;2.9860266512610748E-16;0.037999999999999999;0","0","True"
"腿长350","5","2","1","小腿-改1.15-1","0.19299999999999978;5.2458037913538647E-15;-0.10787793288441057;-1;3.122387495114957E-17;8.3268318814791576E-17;0.032499999999999994;0","0","True"
"重合141","0","1","0","小腿-改1.15-1","0.19299999999999978;-0.19391874541604226;0.049905209992977137;1;-3.122387495114957E-17;-8.3268318814791576E-17;0;0","0","False"
"重合141","0","1","1","底盘总装","0.19290000000000052;-0.012479727778804951;-0.023626725552181531;-1;-5.5508276097847945E-17;6.3623460185332705E-17;0;0","0","False"
"同心189","1","0","0","小腿-改1.15-1","0.19299999999999978;5.2458037913538647E-15;-0.10787793288441057;-1;3.122387495114957E-17;8.3268318814791576E-17;0.032499999999999994;0","0","False"
"同心189","1","0","1","底盘总装","0.28575281374238626;-1.2591168235928849E-16;-0.0043068809729172606;-1;-5.5508276097847945E-17;6.3623460185332705E-17;0.0293;0","0","False"
"同心190","1","1","0","小腿-改1.15-1","0.17799999999999996;0.0015508200099574043;-0.0027312832886601801;1;-9.3836304356099792E-17;-8.2193803946965802E-17;0.0020999999999999912;0","0","False"
"同心190","1","1","1","底盘总装","0.20040000000000052;0.0013225101511680135;0.022160097828979597;-1;-5.5508276097847945E-17;6.3623460185332705E-17;0.0016499999999999993;0","0","False"
"重合142","0","1","0","镜向小腿-改1.15-2","-0.193;-0.19391874541604223;0.049905209992977165;-1;3.122387495114957E-17;8.3268318814791576E-17;0;0","0","False"
"重合142","0","1","1","底盘总装","-0.19290000000000052;0.012479727778804716;0.015012963606347371;1;3.1649508127578659E-17;-5.50987316428652E-18;0;0","0","False"
"同心191","1","1","0","镜向小腿-改1.15-2","-0.17799999999999999;8.737455203799982E-14;-0.10787793288481308;-1;3.122387495114957E-17;8.3268318814791576E-17;0.022999999999999982;0","0","False"
"同心191","1","1","1","底盘总装","-0.2857528137423862;-8.2333994416988472E-17;-0.0043068809729169205;1;3.1649508127578659E-17;-5.50987316428652E-18;0.0293;0","0","False"
"同心192","1","1","0","镜向小腿-改1.15-2","-0.17799999999999996;-0.023685750857365517;-0.041070108138393957;-1;-9.0640059357427427E-17;-7.7338141193687859E-17;0.0020999999999999166;0","0","False"
"同心192","1","1","1","底盘总装","-0.20040000000000052;-0.023582331079451152;-0.016395042986190735;1;3.1649508127578659E-17;-5.50987316428652E-18;0.0016499999999999993;0","0","False"
"重合145","0","1","0","激光测距-1","-0.095499999999999974;0.18450000000000014;0.085999999999999993;-7.7218400070571904E-35;-1;0;0;0","0","False"
"重合145","0","1","1","激光测距盒-1","-0.095499999999999946;0.18450000000000008;0.091999999999999971;2.3063920903282954E-16;1;7.9810488457750395E-16;0;0","0","False"
"同心195","1","0","0","激光测距-1","-0.080499999999999974;0.18650000000000014;0.085999999999999993;-7.7218400070571904E-35;-1;0;0.0010500000000000004;0","0","False"
"同心195","1","0","1","激光测距盒-1","-0.080499999999999933;0.18450000000000008;0.085999999999999979;-2.3063920903282954E-16;-1;-7.9810488457750395E-16;0.00079999999999999895;0","0","False"
"同心196","1","0","0","激光测距-1","-0.11049999999999997;0.18650000000000014;0.085999999999999993;-7.7218400070571904E-35;-1;0;0.0010500000000000004;0","0","False"
"同心196","1","0","1","激光测距盒-1","-0.11049999999999996;0.18450000000000008;0.085999999999999979;-2.3063920903282954E-16;-1;-7.9810488457750395E-16;0.00079999999999999895;0","0","False"
"重合146","0","1","0","底盘装配v0-1/底盘骨架-final-1","0;0;0.07400000000000001;0;0;1;0;0","0","False"
"重合146","0","1","1","激光测距盒-1","-0.095499999999999932;0.22250000000000009;0.07400000000000001;2.9143354396410359E-16;7.9810488457750385E-16;-1;0;0","0","False"
"同心197","1","1","0","底盘装配v0-1/底盘骨架-final-1","0.087499999999999939;0.21900000000000008;0.029971884880749151;0;0;1;0.0020999999999999877;0","0","True"
"同心197","1","1","1","激光测距盒-1","0.087499999999999925;0.21900000000000006;0.11000000000000001;2.9143354396410359E-16;7.9810488457750385E-16;-1;0.0021499999999999991;0","0","True"
"同心198","1","1","0","底盘装配v0-1/底盘骨架-final-1","0.087499999999999939;0.20300000000000007;0.029971884880749151;0;0;1;0.0020999999999999877;0","0","True"
"同心198","1","1","1","激光测距盒-1","0.087499999999999925;0.20300000000000007;0.11;2.9143354396410359E-16;7.9810488457750385E-16;-1;0.0021499999999999991;0","0","True"
"同心199","1","1","0","底盘装配v0-1/底盘骨架-final-1","-0.087499999999999939;0.20300000000000007;0.029971884880749151;0;0;1;0.0020999999999999877;0","0","False"
"同心199","1","1","1","激光测距盒-1","-0.087499999999999939;0.20300000000000007;0.10999999999999999;2.9143354396410359E-16;7.9810488457750385E-16;-1;0.0021499999999999991;0","0","False"
"同心200","1","1","0","底盘装配v0-1/底盘骨架-final-1","-0.087499999999999939;0.21900000000000008;0.029971884880749151;0;0;1;0.0020999999999999877;0","0","False"
"同心200","1","1","1","激光测距盒-1","-0.087499999999999939;0.21900000000000006;0.11000000000000001;2.9143354396410359E-16;7.9810488457750385E-16;-1;0.0021499999999999991;0","0","False"
"腿长(弹簧)行程","5","2","0","小腿-改1.15-1","0.1779999999999998;-0.15490229383833348;0.01815924164604673;1;-3.122387495114957E-17;-8.3268318814791576E-17;0.0030000000000000014;0","0","False"
"腿长(弹簧)行程","5","2","1","鱼眼轴承M6内牙-2/E-GZN6_b-12.24-1","0.22150000000000003;0.0049207987166455377;0.086006845561874143;1;-2.388955220727141E-16;2.289664845230408E-18;0.0030000000000000001;0","0","False"
"平衡姿态","0","2","0","小腿-改1.15-1","0.28295325166489443;5.2458037913538647E-15;-0.10787793288441057;-1;3.122387495114957E-17;8.3268318814791576E-17;0;0","0","False"
"平衡姿态","0","2","1","底盘总装","0;0;0;0;1;0;0;0","0","False"
"重合150","0","1","0","新侧挂轴-改4.15-1","0.2414;2.00744324614245E-15;0.098499999999999477;4.5398417407999678E-18;1.5309975509580911E-13;-1;0;0","0","False"
"重合150","0","1","1","小铝条M3-40-9","0.28540000000000004;0.07750000000000197;0.098500000000011328;-1.4320544301726041E-18;-1.5312001460892364E-13;1;0;0","0","False"
"同心207","1","0","0","新侧挂轴-改4.15-1","0.28039999999999998;0.080500000000001987;0.0985000000000118;-4.5398417407999678E-18;-1.5309975509580911E-13;1;0.0016000000000000061;0","0","False"
"同心207","1","0","1","小铝条M3-40-9","0.28040000000000004;0.080500000000002889;0.092500000000011781;-1.4320544301726041E-18;-1.5312001460892364E-13;1;0.0015999999999999981;0","0","False"
"同心208","1","0","0","新侧挂轴-改4.15-1","0.26039999999999996;0.080500000000001987;0.0985000000000118;-4.5398417407999678E-18;-1.5309975509580911E-13;1;0.0016000000000000051;0","0","False"
"同心208","1","0","1","小铝条M3-40-9","0.26040000000000002;0.080500000000002861;0.092500000000011781;-1.4320544301726041E-18;-1.5312001460892364E-13;1;0.0016000000000000018;0","0","False"
"重合151","0","1","0","新侧挂轴-改4.15-1","0.2414;7.6721341846873842E-15;0.061499999999999486;-4.5398417407999678E-18;-1.5309975509580911E-13;1;0;0","0","False"
"重合151","0","1","1","小铝条M3-40-10","0.29700000000000004;0.077500000000007702;0.061500000000011351;1.4320544301726041E-18;1.5312001460892364E-13;-1;0;0","0","False"
"同心209","1","0","0","新侧挂轴-改4.15-1","0.29199999999999998;0.080500000000008426;0.056500000000011805;-4.5398417407999678E-18;-1.5309975509580911E-13;1;0.0016000000000000061;0","0","False"
"同心209","1","0","1","小铝条M3-40-10","0.29200000000000004;0.08050000000000769;0.061500000000011809;-1.4320544301726041E-18;-1.5312001460892364E-13;1;0.0015999999999999981;0","0","False"
"同心210","1","0","0","新侧挂轴-改4.15-1","0.27199999999999996;0.080500000000008426;0.056500000000011805;-4.5398417407999678E-18;-1.5309975509580911E-13;1;0.0016000000000000051;0","0","False"
"同心210","1","0","1","小铝条M3-40-10","0.27200000000000008;0.080500000000007663;0.061500000000011809;-1.4320544301726041E-18;-1.5312001460892364E-13;1;0.0016000000000000018;0","0","False"
"同心211","1","0","0","2_大腿-改1.15-1","0.16200000000000012;-0.148372941241661;0.0883272537575093;1;-9.6041176133885765E-18;-2.9860266512610748E-16;0.0029999999999999949;0","0","False"
"同心211","1","0","1","改4.28限位块-1","0.1770000000000001;-0.14837294124166098;0.0883272537575093;1;-2.6658316072858189E-17;-3.2413952780805242E-16;0.003025000000000006;0","0","False"
"同心212","1","0","0","2_大腿-改1.15-1","0.16200000000000012;-0.13393543895853344;0.075179453606658508;1;-9.6041176133885765E-18;-2.9860266512610748E-16;0.0029999999999999949;0","0","False"
"同心212","1","0","1","改4.28限位块-1","0.1770000000000001;-0.13393543895853344;0.075179453606658508;1;-2.6658316072858189E-17;-3.2413952780805242E-16;0.003025000000000006;0","0","False"
"重合152","0","1","0","2_大腿-改1.15-1","0.17700000000000013;-6.3634836896965559E-15;0.13049999999999987;1;-9.6041176133885765E-18;-2.9860266512610748E-16;0;0","0","False"
"重合152","0","1","1","改4.28限位块-1","0.1770000000000001;-6.3200461551222566E-15;0.13049999999999981;-1;2.6658316072858189E-17;3.2413952780805242E-16;0;0","0","False"
"重合153","0","1","0","防松螺母M5-改1.15-1","0.19200000000000009;-0.14837294124166103;0.088327253757509314;-1;-1.3721838839386975E-17;4.8017929054948546E-18;0;0","0","False"
"重合153","0","1","1","改4.28限位块-1","0.19200000000000012;-6.3204460298633499E-15;0.13049999999999981;1;-2.6658316072858189E-17;-3.2413952780805242E-16;0;0","0","False"
"平行9","3","0","0","防松螺母M5-改1.15-1","0.1952000000000001;-0.15204626633716795;0.091127256628231512;1.4221626131075903E-17;-0.99185765749689159;0.1273514321269261;0;0","0","False"
"平行9","3","0","1","改4.28限位块-1","0.19200000000000012;-0.15592472982361996;0.15052024937444539;1.4838378142464151E-17;-0.99185765749689148;0.12735143212692604;0;0","0","False"
"重合155","0","1","0","防松螺母M5-改1.15-2","0.19200000000000009;-0.13393543895853344;0.075179453606658508;-1;-7.2118049245981338E-17;1.7002101472665125E-16;0;0","0","False"
"重合155","0","1","1","改4.28限位块-1","0.19200000000000012;-6.3204460298633499E-15;0.13049999999999981;1;-2.6658316072858189E-17;-3.2413952780805242E-16;0;0","0","False"
"平行10","3","0","0","防松螺母M5-改1.15-1","0.1952000000000001;-0.15204626633716795;0.091127256628231512;1.4221626131075903E-17;-0.99185765749689159;0.1273514321269261;0;0","0","False"
"平行10","3","0","1","防松螺母M5-改1.15-2","0.1952000000000001;-0.13760876405404035;0.077979456477380707;9.3183259105476745E-17;-0.99185765749689159;0.1273514321269261;0;0","0","False"
"同心213","1","1","0","底盘装配v0-1/底盘骨架-final-1","-0.025000000000000008;0.21299999999999999;0.023;0;0;1;0.0015999999999999888;0","0","False"
"同心213","1","1","1","RM场地交互模块-改1.15-2","-0.025000000000000005;0.21300000000000005;0.033500000000000002;4.1633363423443395E-17;-1.3756656688760394E-16;-1;0.0015;0","0","False"
"同心214","1","1","0","底盘装配v0-1/底盘骨架-final-1","0.024999999999999988;0.151;0.023;0;0;1;0.0015999999999999888;0","0","False"
"同心214","1","1","1","RM场地交互模块-改1.15-2","0.024999999999999998;0.15100000000000005;0.033500000000000002;4.1633363423443395E-17;-1.3756656688760394E-16;-1;0.0015;0","0","False"
"重合157","0","1","0","底盘装配v0-1/底盘骨架-final-1","0;0;0.023;0;0;-1;0;0","0","False"
"重合157","0","1","1","RM场地交互模块-改1.15-2","-0.048549999999999996;0.12545000000000006;0.023000000000000007;-4.1633363423443395E-17;1.3756656688760394E-16;1;0;0","0","False"
"重合162","0","1","0","底盘装配v0-1/底盘骨架-final-1","0;0;0.029999999999999999;0;0;1;0;0","0","False"
"重合162","0","1","1","北醒测距模块装配-1/北醒测距单元-1","8.0442604546486263E-17;0.20294999999999996;0.030000000000000013;2.7755898991532772E-17;1.1102230246251559E-16;-1;0;0","0","False"
"同心223","1","1","0","底盘装配v0-1/底盘骨架-final-1","0.049499999999999995;0.24899999999999997;0.1875;0;0;-1;0.0015999999999999953;0","0","False"
"同心223","1","1","1","北醒测距模块装配-1/北醒测距单元-1","0.049500000000000113;0.24899999999999997;0.030000000000000016;-2.7755898991532772E-17;-1.1102230246251559E-16;1;0.0015999999999999975;0","0","False"
"同心224","1","1","0","底盘装配v0-1/底盘骨架-final-1","-0.049499999999999995;0.24899999999999997;0.1875;0;0;-1;0.0015999999999999953;0","0","False"
"同心224","1","1","1","北醒测距模块装配-1/北醒测距单元-1","-0.049499999999999961;0.24899999999999994;0.030000000000000016;-2.7755898991532772E-17;-1.1102230246251559E-16;1;0.0015999999999999975;0","0","False"
"重合163","0","1","0","腿的RFID安装板-改1.15-1","-1.3877787807814457E-17;-2.0816681711721685E-17;-6.0715321659188248E-18;0;0;1;0;0","0","False"
"重合163","0","1","1","电源管理模块-1","0.00010000000000003409;-6.9388939039072284E-18;-0.01;5.5511151231257821E-17;1.1102230246251565E-16;-1;0;0","0","False"
"宽度11","11","1","0","电源管理模块-1","0.024100000000000024;0.034500000000000003;-0.0029999999999999983;1;1.1102230246251565E-16;-5.1414497012682332E-17;0;0","0","False"
"宽度11","11","1","1","电源管理模块-1","-0.023899999999999966;-0.034500000000000017;-0.0030000000000000009;-1;-1.1102230246251565E-16;5.1414497012682332E-17;0;0","0","False"
"宽度11","11","1","2","腿的RFID安装板-改1.15-1","-0.069900000000000018;-0.019999999999999983;-6.0715321659188248E-18;-1;0;0;0;0","0","False"
"宽度11","11","1","3","腿的RFID安装板-改1.15-1","0.06989999999999999;-0.019999999999999983;-6.0715321659188248E-18;1;0;0;0;0","0","False"
"宽度12","11","1","0","电源管理模块-1","-0.02389999999999997;0.034500000000000003;-0.0029999999999999962;-5.5511151231257827E-17;1;7.0932516694569309E-17;0;0","0","False"
"宽度12","11","1","1","电源管理模块-1","0.024100000000000031;-0.03450000000000001;-0.0030000000000000035;5.5511151231257827E-17;-1;-7.0932516694569309E-17;0;0","0","False"
"宽度12","11","1","2","腿的RFID安装板-改1.15-1","-0.027071067811865513;-0.036000000000000018;-6.0715321659188248E-18;0;-1;0;0;0","0","False"
"宽度12","11","1","3","腿的RFID安装板-改1.15-1","-0.027071067811865496;0.035999999999999976;-6.0715321659188248E-18;0;1;0;0;0","0","False"
"重合164","0","1","0","小铝条M3-40-改1.15-1","0.063999999999999987;-0.020000000000000018;-1.3010426069826053E-18;-2.4629709972464969E-16;-1.6653345369377353E-16;-1;0;0","0","True"
"重合164","0","1","1","新电管安装板-6.16-1","0.00010000000000001999;-2.4286128663675299E-17;-0.012999999999999994;0;0;-1;0;0","0","True"
"同心225","1","0","0","小铝条M3-40-改1.15-1","0.067000000000000004;0.014999999999999975;-7.8062556418956319E-18;2.4629709972464969E-16;1.6653345369377353E-16;1;0.0016000000000000001;0","0","True"
"同心225","1","0","1","新电管安装板-6.16-1","0.06699999999999999;0.014999999999999968;-0.0029999999999999914;9.5171086719701344E-17;1.9280317996837005E-16;1;0.0016000000000000053;0","0","True"
"同心226","1","0","0","小铝条M3-40-改1.15-1","0.067000000000000004;-0.0050000000000000218;-4.3368086899420177E-18;2.4629709972464969E-16;1.6653345369377353E-16;1;0.0016000000000000003;0","0","True"
"同心226","1","0","1","新电管安装板-6.16-1","0.06699999999999999;-0.0050000000000000322;-0.0029999999999999866;9.5171086719701344E-17;1.9280317996837005E-16;1;0.0016000000000000051;0","0","True"
"距离17","5","1","0","小铝条M3-40-改1.15-1","0.063999999999999987;-0.020000000000000018;-1.3010426069826053E-18;-2.4629709972464969E-16;-1.6653345369377353E-16;-1;0;0","0","False"
"距离17","5","1","1","新电管安装板-6.16-1","0.00010000000000001999;-2.4286128663675299E-17;-0.009999999999999995;0;0;1;0;0","0","False"
"同心231","1","1","0","小铝条M3-40-改1.15-1","0.067000000000000004;0.014999999999999975;-7.8062556418956319E-18;2.4629709972464969E-16;1.6653345369377353E-16;1;0.0016000000000000001;0","0","False"
"同心231","1","1","1","新电管安装板-6.16-1","0.067000000000000018;0.014999999999999982;-0.010000000000000005;0;0;-1;0.0016000000000000051;0","0","False"
"同心232","1","1","0","小铝条M3-40-改1.15-1","0.067000000000000004;-0.0050000000000000218;-4.3368086899420177E-18;2.4629709972464969E-16;1.6653345369377353E-16;1;0.0016000000000000003;0","0","False"
"同心232","1","1","1","新电管安装板-6.16-1","0.067000000000000018;-0.0050000000000000192;-0.010000000000000005;0;0;-1;0.0016000000000000053;0","0","False"
"重合172","0","1","0","电源管理模块-1","0.00010000000000003409;-6.9388939039072284E-18;-0.01;5.5511151231257821E-17;1.1102230246251565E-16;-1;0;0","0","False"
"重合172","0","1","1","新电管安装板-6.16-1","0.00010000000000001999;-2.4286128663675299E-17;-0.009999999999999995;0;0;1;0;0","0","False"
"同心233","1","0","0","电源管理模块-1","0.021100000000000022;0.0315;-0.0039999999999999983;5.5511151231257821E-17;1.1102230246251565E-16;-1;0.0013500000000000001;0","0","False"
"同心233","1","0","1","新电管安装板-6.16-1","0.021100000000000025;0.031499999999999986;-0.009999999999999995;0;0;-1;0.0013499999999999979;0","0","False"
"同心234","1","0","0","电源管理模块-1","-0.020899999999999967;-0.031500000000000014;-0.004000000000000001;5.5511151231257821E-17;1.1102230246251565E-16;-1;0.0013500000000000001;0","0","False"
"同心234","1","0","1","新电管安装板-6.16-1","-0.020899999999999967;-0.031500000000000014;-0.009999999999999995;0;0;-1;0.0013500000000000022;0","0","False"
"重合169","0","1","0","底盘装配v0-1/底盘骨架-final-1","0.070000000000000007;-2.1877487731114468E-17;-5.1768996905128905E-33;-1;3.1253553901592093E-16;7.3955709864469857E-32;0;0","0","False"
"重合169","0","1","1","电管7孔转接件-1","0.070000000000000007;-3.9913886540517141E-17;-0.0020000000000000026;1;-3.8924915281334316E-16;-1.6376293699898028E-16;0;0","0","False"
"同心235","1","1","0","底盘装配v0-1/底盘骨架-final-1","0.12600000000000006;-0.015000000000000043;0.0029999999999999988;-1;2.9458050438843263E-16;7.3955709864469824E-32;0.0016000000000000005;0","0","False"
"同心235","1","1","1","电管7孔转接件-1","0.064000000000000001;-0.015000000000000024;0.0029999999999999992;1;-3.8924915281334316E-16;-1.6376293699898028E-16;0.0012500000000000011;0","0","False"
"同心236","1","1","0","底盘装配v0-1/底盘骨架-final-1","0.12600000000000006;0.0049999999999999593;0.002999999999999994;-1;2.9458050438843263E-16;7.3955709864469824E-32;0.0015999999999999999;0","0","False"
"同心236","1","1","1","电管7孔转接件-1","0.064000000000000015;0.0049999999999999784;0.0029999999999999957;1;-3.8924915281334316E-16;-1.6376293699898028E-16;0.0012500000000000002;0","0","False"
"重合170","0","1","0","底盘装配v0-1/底盘骨架-final-1","-0.070000000000000007;-2.1877487731114468E-17;-5.1768996905128905E-33;1;3.1253553901592093E-16;7.3955709864469857E-32;0;0","0","False"
"重合170","0","1","1","电管7孔转接件-2","-0.070000000000000007;-3.9297868506563312E-17;-0.0020000000000000009;-1;3.8924915281334316E-16;1.6376293699898028E-16;0;0","0","False"
"同心237","1","0","0","底盘装配v0-1/底盘骨架-final-1","-0.12600000000000006;-0.015000000000000043;0.0029999999999999988;1;2.9458050438843263E-16;7.3955709864469824E-32;0.0016000000000000005;0","0","False"
"同心237","1","0","1","电管7孔转接件-2","-0.070000000000000007;-0.015000000000000025;0.0030000000000000001;1;-3.8924915281334316E-16;-1.6376293699898028E-16;0.0012500000000000011;0","0","False"
"同心238","1","0","0","底盘装配v0-1/底盘骨架-final-1","-0.12600000000000006;0.0049999999999999593;0.002999999999999994;1;2.9458050438843263E-16;7.3955709864469824E-32;0.0015999999999999999;0","0","False"
"同心238","1","0","1","电管7孔转接件-2","-0.069999999999999993;0.0049999999999999767;0.0029999999999999966;1;-3.8924915281334316E-16;-1.6376293699898028E-16;0.0012500000000000002;0","0","False"
"重合171","0","1","0","新电管安装板-6.16-1","0.00010000000000001999;-2.4286128663675299E-17;-0.009999999999999995;0;0;1;0;0","0","False"
"重合171","0","1","1","电管7孔转接件-1","0.064000000000000015;0.019999999999999976;-0.010000000000000005;-1.6376293699898032E-16;-1.4484941024406324E-16;-1;0;0","0","False"
"同心239","1","1","0","新电管安装板-6.16-1","0.067000000000000018;0.0099999999999999759;-0.012999999999999994;0;0;1;0.0016000000000000051;0","0","False"
"同心239","1","1","1","电管7孔转接件-1","0.067000000000000018;0.0099999999999999777;0.0059999999999999941;-1.6376293699898032E-16;-1.4484941024406324E-16;-1;0.0012499999999999992;0","0","False"
"同心240","1","1","0","新电管安装板-6.16-1","0.067000000000000018;-0.010000000000000024;-0.012999999999999994;0;0;1;0.0016000000000000051;0","0","False"
"同心240","1","1","1","电管7孔转接件-1","0.067000000000000004;-0.010000000000000023;0.0059999999999999975;-1.6376293699898032E-16;-1.4484941024406324E-16;-1;0.0012499999999999992;0","0","False"
"同心241","1","1","0","RA6008-改1.15-1","0.13049999999999967;4.2486147373445904E-16;0.13049999999999992;1;7.2118487424205051E-17;3.6406793015031537E-16;0.029999999999999999;0","0","False"
"同心241","1","1","1","2_新小腿链轮20T M27-1","0.13060000000000002;-6.6193512698351339E-17;0.13049999999999998;-1;0;0;0.030000000000000002;0","0","False"
"重合173","0","1","0","RA6008-改1.15-1","0.13849999999999968;4.2543842163385267E-16;0.13049999999999992;1;7.2118487424205051E-17;3.6406793015031537E-16;0;0","0","False"
"重合173","0","1","1","2_新小腿链轮20T M27-1","0.13850000000000001;0.029999999999999936;0.13049999999999998;-1;0;0;0;0","0","False"
"同心242","1","1","0","RA6008-改1.15-1","0.13049999999999967;4.2486147373445904E-16;0.13049999999999992;1;7.2118487424205051E-17;3.6406793015031537E-16;0.029999999999999999;0","0","False"
"同心242","1","1","1","2_髋关节Ra轴承端盖-1","0.12700000000000003;7.2852079989925894E-15;0.13049999999999998;-1;-8.1373824619348746E-17;-3.6330732072307673E-16;0.029999999999999999;0","0","False"
"重合174","0","1","0","RA6008-改1.15-1","0.13049999999999967;4.2486147373445904E-16;0.13049999999999992;-1;-7.2118487424205051E-17;-3.6406793015031537E-16;0;0","0","False"
"重合174","0","1","1","2_髋关节Ra轴承端盖-1","0.13050000000000003;-0.031499999999992714;0.13050000000000175;1;8.1373824619348746E-17;3.6330732072307673E-16;0;0","0","False"
"同心243","1","0","0","2_新小腿链轮20T M27-1","0.14560000000000001;1.4034898082140291E-15;0.15650000000000144;-1;0;0;0.0016500000000010616;0","0","False"
"同心243","1","0","1","2_髋关节Ra轴承端盖-1","0.13350000000000001;8.7535627897095348E-15;0.15649999999999997;-1;-8.1373824619348746E-17;-3.6330732072307673E-16;0.0021000000000000012;0","0","False"
"同心244","1","0","0","碗组轴承42-52-7-改1.15-2","0.17950000000000002;-6.0175940696138135E-17;0.13049999999999998;-1;3.4248999711674418E-16;3.7765340563276536E-16;0.026000000000000002;0","0","False"
"同心244","1","0","1","2_新髋关节轴承座-1","0.17000000000000001;-6.373738897868454E-15;0.1305;-1;-9.1122157459571355E-17;-1.5836050313093724E-17;0.025999999999999999;0","0","False"
"重合175","0","1","0","碗组轴承42-52-7-改1.15-2","0.17250000000000001;-5.7778510716320926E-17;0.13049999999999998;-1;3.4248999711674418E-16;3.7765340563276536E-16;0;0","0","False"
"重合175","0","1","1","2_新髋关节轴承座-1","0.17250000000000001;0.021700431034644665;0.13951894078649782;1;9.1122157459571355E-17;1.5836050313093724E-17;0;0","0","False"
"同心245","1","0","0","2_大腿-改1.15-1","0.16200000000000014;-0.01228111085821618;0.16004952311101406;1;-9.6041176133885765E-18;-2.9860266512610748E-16;0.0021000000000000003;0","0","False"
"同心245","1","0","1","2_新髋关节轴承座-1","0.17000000000000001;-0.012281110858216185;0.16004952311101417;1;9.1122157459571355E-17;1.5836050313093724E-17;0.0037499999999999999;0","0","False"
"同心247","1","1","0","碗组轴承42-52-7-改1.15-1","0.1575;1.911426672243788E-16;0.13050000000000034;1;3.588175780739458E-17;3.2579126663241606E-17;0.026000000000000002;0","0","False"
"同心247","1","1","1","2_新大腿链轮20T-1","0.15450000000000008;-5.9963325044152108E-15;0.13049999999999995;-1;2.4183768325402227E-16;-2.6017697848383796E-16;0.025999999999999995;0","0","False"
"重合176","0","1","0","碗组轴承42-52-7-改1.15-1","0.16450000000000001;1.9139383952903055E-16;0.13050000000000034;1;3.588175780739458E-17;3.2579126663241606E-17;0;0","0","False"
"重合176","0","1","1","2_新大腿链轮20T-1","0.16450000000000009;-5.9987508812477513E-15;0.13049999999999995;-1;2.4183768325402227E-16;-2.6017697848383796E-16;0;0","0","False"
"同心248","1","0","0","2_大腿-改1.15-1","0.16200000000000014;-0.01228111085821618;0.16004952311101406;1;-9.6041176133885765E-18;-2.9860266512610748E-16;0.0021000000000000003;0","0","False"
"同心248","1","0","1","2_新大腿链轮20T-1","0.15450000000000008;-0.012281110858216123;0.160049523111014;1;-2.4183768325402227E-16;2.6017697848383796E-16;0.0016499999999999987;0","0","False"
"同心249","1","0","0","2_大腿-改1.15-1","0.16200000000000012;-0.1939187454160369;0.049905209992997968;1;-9.6041176133885765E-18;-2.9860266512610748E-16;0.02399999999999998;0","0","False"
"同心249","1","0","1","4_膝关节轴承座-改7.1-1","0.16700000000000001;-0.1939187454160369;0.049905209992997968;1;1.3383354187498955E-16;0;0.024;0","0","False"
"重合177","0","1","0","2_大腿-改1.15-1","0.16200000000000014;-6.3633396279323552E-15;0.13049999999999987;-1;9.6041176133885765E-18;2.9860266512610748E-16;0;0","0","False"
"重合177","0","1","1","4_膝关节轴承座-改7.1-1","0.16200000000000001;-0.16991874541603691;0.049905209992997968;1;1.3383354187498955E-16;0;0;0","0","False"
"重合178","0","1","0","碗组轴承32.7-41.8-6-改1.15-1","0.16500000000000001;-0.1939187454160369;0.049905209992997968;1;4.906824662407985E-16;2.7806066276456991E-17;0;0","0","False"
"重合178","0","1","1","4_膝关节轴承座-改7.1-1","0.16500000000000001;-0.17301874541603693;0.049905209992997968;-1;-1.3383354187498955E-16;0;0;0","0","False"
"同心250","1","1","0","2_大腿-改1.15-1","0.16200000000000012;-0.1939187454160369;0.049905209992997968;1;-9.6041176133885765E-18;-2.9860266512610748E-16;0.02399999999999998;0","0","False"
"同心250","1","1","1","4_膝关节轴承座-改7.1-2","0.16800000000000001;-0.1939187454160369;0.049905209992997968;-1;-1.1892992531930465E-16;-4.5685100675596562E-17;0.024;0","0","False"
"重合179","0","1","0","2_大腿-改1.15-1","0.17300000000000013;-0.19391874541603693;0.04990520999299794;1;-9.6041176133885765E-18;-2.9860266512610748E-16;0;0","0","False"
"重合179","0","1","1","4_膝关节轴承座-改7.1-2","0.17300000000000001;-0.16998351867414993;0.05166728854245569;-1;-1.1892992531930465E-16;-4.5685100675596562E-17;0;0","0","False"
"重合180","0","1","0","碗组轴承32.7-41.8-6-改1.15-2","0.17000000000000001;-0.1939187454160369;0.049905209992997968;-1;4.4895869143701383E-17;-1.237648190453037E-16;0;0","0","False"
"重合180","0","1","1","4_膝关节轴承座-改7.1-2","0.17000000000000001;-0.17307515212831034;0.051439686729817399;1;1.1892992531930465E-16;4.5685100675596562E-17;0;0","0","False"
"同心251","1","1","0","碗组轴承32.7-41.8-6-改1.15-1","0.16500000000000001;-0.1939187454160369;0.049905209992997968;-1;-4.906824662407985E-16;-2.7806066276456991E-17;0.020899999999999995;0","0","False"
"同心251","1","1","1","4_膝关节轴承座-改7.1-1","0.16700000000000001;-0.1939187454160369;0.049905209992997968;1;1.3383354187498955E-16;0;0.020899999999999995;0","0","False"
"同心252","1","1","0","碗组轴承32.7-41.8-6-改1.15-2","0.17000000000000001;-0.1939187454160369;0.049905209992997968;1;-4.4895869143701383E-17;1.237648190453037E-16;0.020899999999999995;0","0","False"
"同心252","1","1","1","4_膝关节轴承座-改7.1-2","0.16800000000000001;-0.1939187454160369;0.049905209992997968;-1;-1.1892992531930465E-16;-4.5685100675596562E-17;0.020899999999999995;0","0","False"
"重合181","0","1","0","底盘装配v0-1/底盘骨架-final-1","0;0;0.028999999999999998;0;0;-1;0;0","0","False"
"重合181","0","1","1","横梁嵌件铝件7.2-1","0.087499999999999967;0.069999999999999965;0.028999999999999998;0;0;1;0;0","0","False"
"同心253","1","1","0","底盘装配v0-1/底盘骨架-final-1","0.11999999999999997;0.083999999999999977;0;0;0;1;0.0021000000000000051;0","0","False"
"同心253","1","1","1","横梁嵌件铝件7.2-1","0.11999999999999997;0.083999999999999977;0.028999999999999998;0;0;-1;0.0020999999999999968;0","0","False"
"同心254","1","1","0","底盘装配v0-1/底盘骨架-final-1","0.11999999999999997;0.05599999999999998;0;0;0;1;0.0021000000000000051;0","0","False"
"同心254","1","1","1","横梁嵌件铝件7.2-1","0.11999999999999997;0.055999999999999973;0.028999999999999998;0;0;-1;0.0020999999999999968;0","0","False"
"重合182","0","1","0","底盘装配v0-1/底盘骨架-final-1","0.091499999999999942;0.27700000000000002;0.0070000000000000001;-1;0;0;0;0","0","False"
"重合182","0","1","1","4_导轮加强件-1","0.091499999999999942;0;0;1;0;0;0;0","0","False"
"同心255","1","0","0","底盘装配v0-1/底盘骨架-final-1","0.097499999999999948;0.27700000000000002;0.0070000000000000001;-1;0;0;0.003000000000000004;0","0","False"
"同心255","1","0","1","4_导轮加强件-1","0.099985281374238524;0.27700000000000002;0.0070000000000000001;-1;0;0;0.0025000000000000001;0","0","False"
"重合183","0","1","0","底盘装配v0-1/底盘骨架-final-1","0;0;0.025999999999999999;0;0;-1;0;0","0","False"
"重合183","0","1","1","4_导轮加强件-1","0.081499999999999947;3.2216293125283673E-18;0.026000000000000034;0;1.2390881971262935E-16;1;0;0","0","False"
"同心256","1","0","0","底盘装配v0-1/LK8016-promax-4/MG8016-i6v3-1","-0.081499999999999989;0.099612047464154016;0.11049999999999613;-1;8.9959809299986005E-17;-1.4599758625748338E-16;0.049500000000000002;0","0","False"
"同心256","1","0","1","平衡总装-输入1192-1","-0.12870000000000004;0.099612047464154016;0.11049999999999613;-1;-1.5067932618883546E-16;-1.1340386601822135E-18;0.049000000000000002;0","0","False"
"同心257","1","0","0","底盘装配v0-1/LK8016-promax-3/MG8016-i6v3-1","-0.081499999999999989;-0.099612047464154002;0.11049999999999616;-1;1.2655450080285937E-16;-3.0260597548260961E-16;0.049500000000000002;0","0","False"
"同心257","1","0","1","平衡总装-输入1192-2","-0.12869999999999998;-0.09961204746415403;0.11049999999999614;-1;-8.376277165941209E-17;7.4712870712929085E-17;0.049000000000000002;0","0","False"
"重合184","0","1","0","底盘装配v0-1/2_大侧板-v2-2","-0.126;-7.6327832942979537E-17;0.11049999999999997;1;3.1225022567582577E-17;8.3266726846886753E-17;0;0","0","False"
"重合184","0","1","1","平衡总装-输入1192-2","-0.12599999999999997;-0.099612047464154363;0.069499999999995954;-1;-8.376277165941209E-17;7.4712870712929085E-17;0;0","0","False"
"重合185","0","1","0","底盘装配v0-1/2_大侧板-v2-2","-0.126;-7.6327832942979537E-17;0.11049999999999997;1;3.1225022567582577E-17;8.3266726846886753E-17;0;0","0","False"
"重合185","0","1","1","平衡总装-输入1192-1","-0.12600000000000006;0.11413514692811122;0.072158383159283454;-1;-1.5067932618883546E-16;-1.1340386601822135E-18;0;0","0","False"
"同心258","1","1","0","底盘装配v0-1/2_大侧板-v2-2","-0.13400000000000001;0.14402634934754985;0.10326330267244398;1;3.1225022567582577E-17;8.3266726846886753E-17;0.0022500000000000055;0","0","False"
"同心258","1","1","1","平衡总装-输入1192-1","-0.12000000000000004;0.14402634934754971;0.103263302672444;-1;-1.5067932618883546E-16;-1.1340386601822135E-18;0.002;0","0","False"
"同心259","1","0","0","镜向小腿-改1.15-2","-0.17800000000000002;1.1574075031717257E-14;-0.10787793288441047;-1;3.122387495114957E-17;8.3268318814791576E-17;0.022999999999999982;0","51","False"
"同心259","1","0","1","ASM减速箱-1/3508屁屁-1","-0.20300000000000562;-3.1641356201816961E-15;-0.10787793288441401;-1;5.5511151231257839E-17;1.5265566588595905E-16;0.021000000000000001;0","51","False"
"宽度13","11","0","0","ASM减速箱-1/平衡总装-输入1127-2","-0.20000000000000007;3.9812597663058114E-13;-0.10787793288385063;2.4531073708348868E-15;-0.99980423695672538;0.019786049716413984;0;0","0","False"
"宽度13","11","0","1","ASM减速箱-1/平衡总装-输入1127-2","-0.20000000000000007;3.9812597663058114E-13;-0.10787793288385063;5.6637292898646908E-16;-0.2226762167534333;0.97489245688556747;0;0","0","False"
"宽度13","11","0","2","镜向小腿-改1.15-2","-0.193;-0.17814043112830347;0.069297084534581915;8.429554179460568E-17;0.63113257150955093;0.77567498166419013;0;0","0","False"
"宽度13","11","0","3","镜向小腿-改1.15-2","-0.193;-0.209697059703781;0.030513335451372411;-8.429554179460568E-17;-0.63113257150955093;-0.77567498166419013;0;0","0","False"
"重合186","0","1","0","镜向小腿-改1.15-2","-0.193;-0.19391874541604223;0.049905209992977165;-1;3.122387495114957E-17;8.3268318814791576E-17;0;0","0","False"
"重合186","0","1","1","ASM减速箱-1/平衡总装-输入1127-2","-0.19300000000000012;0.025751012658040501;-0.092486852768863925;1;2.4592452783809777E-15;-4.7710719628775872E-17;0;0","0","False"
"同心260","1","0","0","小腿-改1.15-1","0.1779999999999998;1.1574075031717257E-14;-0.10787793288441051;1;-3.122387495114957E-17;-8.3268318814791576E-17;0.022999999999999982;0","51","False"
"同心260","1","0","1","ASM减速箱-2/3508屁屁-1","0.20300000000000573;4.5434142559308555E-13;-0.10787793288388539;1;8.3266726846886741E-16;0;0.021000000000000001;0","51","False"
"宽度15","11","1","0","ASM减速箱-2/平衡总装-输入1127-2","0.20000000000000034;-1.5820678100908481E-14;-0.10787793288439279;-2.2144526275986532E-15;-0.22267621675343377;0.97489245688556747;0;0","0","False"
"宽度15","11","1","1","ASM减速箱-2/平衡总装-输入1127-2","0.20000000000000034;-1.5820678100908481E-14;-0.10787793288439279;4.6535824151695236E-16;-0.99980423695672538;0.019786049716413505;0;0","0","False"
"宽度15","11","1","2","小腿-改1.15-1","0.19299999999999978;-0.17814043112830349;0.069297084534581888;8.429554179460568E-17;0.63113257150955093;0.77567498166419013;0;0","0","False"
"宽度15","11","1","3","小腿-改1.15-1","0.19299999999999978;-0.20969705970378102;0.030513335451372383;-8.429554179460568E-17;-0.63113257150955093;-0.77567498166419013;0;0","0","False"
"重合187","0","1","0","小腿-改1.15-1","0.19299999999999978;-0.19391874541604226;0.049905209992977137;1;-3.122387495114957E-17;-8.3268318814791576E-17;0;0","0","False"
"重合187","0","1","1","ASM减速箱-2/平衡总装-输入1127-2","0.19300000000000042;-0.0098332245534829971;-0.13622061615329104;-1;-4.8496724830361386E-16;-2.3890263670902766E-15;0;0","0","False"
"同心261","1","1","0","RA6008-改1.15-1","0.13049999999999967;4.2486147373445904E-16;0.13049999999999992;1;7.2118487424205051E-17;3.6406793015031537E-16;0.029999999999999999;0","0","False"
"同心261","1","1","1","碗组轴承42-52-7-改1.15-2","0.17950000000000002;-6.0175940696138135E-17;0.13049999999999998;-1;3.4248999711674418E-16;3.7765340563276536E-16;0.026000000000000002;0","0","False"
"同心262","1","1","0","2_新小腿主动连杆-2","-0.18050000000000074;-6.3502763515391609E-15;0.1305;-1;3.375423018753885E-16;1.8095277708729081E-16;0.01375;0","0","False"
"同心262","1","1","1","2_新小腿链轮20T M27-2","-0.13060000000000002;-6.6193512698351339E-17;0.13049999999999998;1;0;0;0.0135;0","0","False"
"同心263","1","0","0","碗组轴承32.7-41.8-6-改1.15-3","-0.17000000000000001;-0.19391874541603688;0.04990520999299794;-1;-4.4895869143701364E-17;1.2376481904530368E-16;0.01635;0","0","False"
"同心263","1","0","1","2_膝关节螺母M27-改1.15-2","-0.1605;-0.19391874541603699;0.049905209992997676;-1;1.7817431487470582E-16;8.2413277638238322E-16;0.016350000000000003;0","0","False"
"重合190","0","1","0","2_新小腿主动连杆-2","-0.17950000000000074;-6.3506138938410357E-15;0.1305;1;-3.375423018753885E-16;-1.8095277708729081E-16;0;0","0","False"
"重合190","0","1","1","2_新小腿链轮20T M27-2","-0.17950000000000002;0.020999999999999935;0.13049999999999998;-1;0;0;0;0","0","False"
"同心270","1","1","0","镜向小腿-改1.15-2","-0.19300000000000003;5.2735593669694936E-15;-0.10787793288441054;1;-3.122387495114957E-17;-8.3268318814791576E-17;0.032499999999999994;0","0","False"
"同心270","1","1","1","ASM减速箱-1/平衡总装-输入1144-2","-0.21539999999999127;5.2735593669694936E-15;-0.10787793288441049;-1;-3.2633110765309001E-17;8.5811635405230066E-17;0.0304;0","0","False"
"同心272","1","0","0","镜向大腿-3","-0.17699999999999974;-6.332328256445659E-15;0.13049999999999998;1;-9.6041176133885765E-18;-2.9860266512610748E-16;0.028000000000000001;0","0","False"
"同心272","1","0","1","2_新髋关节轴承座-2","-0.17000000000000001;-6.4448169023734113E-15;0.1305;1;-9.1122157459571355E-17;-1.5836050313093724E-17;0.028000000000000004;0","0","False"
"重合198","0","1","0","镜向大腿-3","-0.17699999999999974;-6.332328256445659E-15;0.13049999999999998;-1;9.6041176133885765E-18;2.9860266512610748E-16;0;0","0","False"
"重合198","0","1","1","2_新髋关节轴承座-2","-0.17700000000000002;0.025855832722130965;0.14124597200093358;1;-9.1122157459571355E-17;-1.5836050313093724E-17;0;0","0","False"
"重合199","0","1","0","2_新小腿链轮20T M27-2","-0.15750000000000003;-6.6193512698351339E-17;0.13049999999999998;-1;0;0;0;0","0","False"
"重合199","0","1","1","碗组轴承42-52-7-改1.15-5","-0.15750000000000003;-1.7382617004315735E-16;0.13050000000000025;1;3.4248999711650821E-16;3.776534056327873E-16;0;0","0","False"
"重合200","0","1","0","2_新大腿链轮20T-2","-0.1645000000000002;-6.4151912288256399E-15;0.13049999999999967;1;-3.162126892195973E-18;3.2931591312828249E-16;0;0","0","False"
"重合200","0","1","1","碗组轴承42-52-7-改1.15-5","-0.16450000000000004;-1.7622360002297291E-16;0.13050000000000025;-1;-3.4248999711650821E-16;-3.776534056327873E-16;0;0","0","False"
"重合201","0","1","0","镜向大腿-3","-0.16199999999999976;-6.3324723182098597E-15;0.13049999999999998;1;-9.6041176133885765E-18;-2.9860266512610748E-16;0;0","0","False"
"重合201","0","1","1","2_新大腿链轮20T-2","-0.1620000000000002;0.032781502201274806;0.14412435735832652;-1;3.162126892195973E-18;-3.2931591312828249E-16;0;0","0","False"
"同心275","1","0","0","镜向大腿-3","-0.16199999999999976;0.029578724940964304;0.11828938859571714;-1;9.6041176133885765E-18;2.9860266512610748E-16;0.0021000000000000012;0","0","False"
"同心275","1","0","1","2_新大腿链轮20T-2","-0.15450000000000019;0.029578724940964335;0.11828938859571711;-1;3.162126892195973E-18;-3.2931591312828249E-16;0.0016499999999999985;0","0","False"
"同心276","1","1","0","ASM减速箱-1/平衡总装-输入1144-2","-0.30888418459227529;5.2180482157382357E-15;-0.10787793288441044;1;3.2633110765309001E-17;-8.5811635405230066E-17;0.027;0","0","False"
"同心276","1","1","1","2_轮包胶-1","-0.21479999999999111;5.1625370645069779E-15;-0.10787793288441047;-1;-2.2504800824194625E-16;-1.1100195103128314E-15;0.032050000000000002;0","0","False"
"重合202","0","1","0","ASM减速箱-1/平衡总装-输入1144-2","-0.21229999999999122;0.014879338877002157;-0.079547643888646671;-1;-3.2633110765309001E-17;8.5811635405230066E-17;0;0","0","False"
"重合202","0","1","1","2_轮包胶-1","-0.21229999999999111;0.050959230927337146;-0.10583911379118725;1;2.2504800824194625E-16;1.1100195103128314E-15;0;0","0","False"
"同心277","1","0","0","ASM减速箱-1/平衡总装-输入1144-2","-0.20279999999999121;-0.0013991895737749949;-0.072905911659771089;-1;-3.2633110765309001E-17;8.5811635405230066E-17;0.00125;0","0","False"
"同心277","1","0","1","2_轮包胶-1","-0.20229999999999113;-0.0013991895737750504;-0.072905911659771144;-1;-2.2504800824194625E-16;-1.1100195103128314E-15;0.0016000000000000001;0","0","False"
"同心278","1","1","0","ASM减速箱-2/平衡总装-输入1144-2","0.2153999999999916;4.5245751589817473E-13;-0.10787793288389447;1;9.4109781412003024E-16;5.3646463900829653E-18;0.0304;0","0","False"
"同心278","1","1","1","2_轮包胶-2","0.21479999999999147;4.5255466041282943E-13;-0.10787793288389472;-1;-6.3205824510068526E-16;-1.1836567991421242E-15;0.032050000000000002;0","0","False"
"重合203","0","1","0","ASM减速箱-2/平衡总装-输入1144-2","0.21229999999999158;-0.024712783518482204;-0.1282071810437817;1;9.4109781412003024E-16;5.3646463900829653E-18;0;0","0","False"
"重合203","0","1","1","2_轮包胶-2","0.21229999999999138;0.050309145084324158;-0.099511934979879119;-1;-6.3205824510068526E-16;-1.1836567991421242E-15;0;0","0","False"
"同心279","1","1","0","ASM减速箱-2/平衡总装-输入1144-2","0.2027999999999916;-0.034525883880635724;-0.11361930399449349;1;9.4109781412003024E-16;5.3646463900829653E-18;0.00125;0","0","False"
"同心279","1","1","1","2_轮包胶-2","0.22729999999999145;-0.034525883880635627;-0.11361930399449365;-1;-6.3205824510068526E-16;-1.1836567991421242E-15;0.0016000000000000001;0","0","False"
"同心280","1","1","0","滚针轴承20-26-10-改1.15-1","0.19950000000000012;-0.00011637143067797646;0.13070851336240855;1;-1.365987353515775E-16;1.6289509668785473E-18;0.012999999999999998;0","0","False"
"同心280","1","1","1","新髋关节锁盖M27-改1.15-1","0.1905000000000007;-0.0001163714306779232;0.13070851336240855;-1;-2.9896329595399269E-16;4.886347168989121E-16;0.016500000000000001;0","0","False"
"重合204","0","1","0","2_新小腿主动连杆-1","0.19050000000000075;-6.458706848656118E-15;0.13049999999999995;1;3.3754230187537973E-16;1.8095277708729421E-16;0;0","0","False"
"重合204","0","1","1","新髋关节锁盖M27-改1.15-1","0.1905000000000007;0.010390637378919576;0.12305326902437201;-1;-2.9896329595399269E-16;4.886347168989121E-16;0;0","0","False"
"重合205","0","0","0","MT2042-6线5A-改1.15-1","0.20750000000000013;-0.020171168901773538;0.14272186341076157;-3.4661130499575947E-16;0.58886494907958309;0.80823144689222548;0;0","0","False"
"重合205","0","0","1","新髋关节锁盖M27-改1.15-1","0.20400000000000068;-0.0013529878237453568;0.12901122732393511;2.1888093819226977E-16;0.58886494907973363;0.80823144689211568;0;0","0","False"
"同心281","1","0","0","滚针轴承20-26-10-改1.15-3","-0.20950000000000013;-0.00011637143067797785;0.13070851336240855;1;1.3659873535157745E-16;-1.6289509668785476E-18;0.012999999999999998;0","0","False"
"同心281","1","0","1","新髋关节锁盖M27-改1.15-2","-0.19050000000000075;-0.00011637143067808053;0.13070851336240885;1;2.98963295953992E-16;-4.886347168989125E-16;0.012999999999999998;0","0","False"
"重合206","0","1","0","2_新小腿主动连杆-2","-0.19050000000000075;-6.3469009285204066E-15;0.1305;-1;3.375423018753885E-16;1.8095277708729081E-16;0;0","0","False"
"重合206","0","1","1","新髋关节锁盖M27-改1.15-2","-0.19050000000000075;-0.010623380240275589;0.13836375770044537;1;2.98963295953992E-16;-4.886347168989125E-16;0;0","0","False"
"重合207","0","0","0","MT2042-6线5A-改1.15-2","-0.20750000000000013;-0.020171168901776476;0.14272186341075799;3.4661130499574152E-16;0.58886494907941922;0.80823144689234483;0;0","0","False"
"重合207","0","0","1","新髋关节锁盖M27-改1.15-2","-0.20400000000000074;-0.0013529878237455212;0.12901122732393541;2.188809381922706E-16;0.5888649490797333;0.8082314468921159;0;0","0","False"
