rank,score,pose_LL,pose_Lcrank,pose_RL,pose_Rcrank,init_roll,kp,kd,kv,tail_abs_roll,max_abs_roll,tail_height,tail_abs_v,tail_leg_error,height_deficit,saturation,done,passed
1,0.166378,+0.0000,+0.0000,+0.0000,+0.0000,+0.0000,-2.0000,+0.5000,-0.3000,0.000024,0.004781,0.086523,0.002590,0.017459,0.000842,0.000000,False,True
2,0.167127,+0.0000,+0.0000,+0.0000,+0.0000,+0.0000,-0.5000,-0.5000,-0.5000,0.000004,0.004569,0.086477,0.003196,0.016894,0.000886,0.000000,False,True
3,0.174553,+0.0000,+0.0000,+0.0000,+0.0000,+0.0000,+1.0000,+3.0000,-0.3000,0.000001,0.004799,0.086597,0.001172,0.017172,0.001281,0.000000,False,True
4,0.176847,+0.0000,+0.0000,+0.0000,+0.0000,+0.0000,-2.0000,+2.0000,+0.3000,0.000001,0.004569,0.086727,0.001231,0.015459,0.001437,0.000000,False,True
5,0.177853,+0.0000,+0.0000,+0.0000,+0.0000,+0.0000,-0.5000,+0.5000,+0.5000,0.000004,0.004705,0.086701,0.001208,0.016182,0.001470,0.000000,False,True
6,0.178228,+0.0000,+0.0000,+0.0000,+0.0000,+0.0000,+0.5000,+1.5000,+0.0000,0.000001,0.004666,0.086681,0.001144,0.016395,0.001484,0.000000,False,True
7,0.178482,+0.0000,+0.0000,+0.0000,+0.0000,+0.0000,+1.0000,+2.0000,+0.0000,0.003481,0.004923,0.085566,0.000962,0.020267,0.001229,0.000000,False,True
8,0.178711,+0.0000,+0.0000,+0.0000,+0.0000,+0.0000,+2.0000,-0.5000,-0.5000,0.000614,0.004638,0.086257,0.002453,0.017421,0.001433,0.000000,False,True
9,0.180382,+0.0000,+0.0000,+0.0000,+0.0000,+0.0000,+2.0000,+1.5000,+0.0000,0.001364,0.005012,0.085127,0.003269,0.016607,0.001487,0.000000,False,True
10,0.182693,+0.0000,+0.0000,+0.0000,+0.0000,+0.0000,+1.5000,-1.0000,-0.5000,0.000001,0.004857,0.084718,0.001291,0.012856,0.001794,0.000000,False,True
11,0.182923,+0.0000,+0.0000,+0.0000,+0.0000,+0.0000,+0.5000,+1.0000,-0.5000,0.000001,0.004935,0.084709,0.001279,0.012880,0.001805,0.000000,False,True
12,0.182976,+0.0000,+0.0000,+0.0000,+0.0000,+0.0000,+1.0000,+2.0000,-0.5000,0.000001,0.004533,0.084709,0.001258,0.013021,0.001804,0.000000,False,True
13,0.182981,+0.0000,+0.0000,+0.0000,+0.0000,+0.0000,+1.0000,-2.0000,+0.0000,0.000001,0.004467,0.084710,0.001308,0.013046,0.001803,0.000000,False,True
14,0.182984,+0.0000,+0.0000,+0.0000,+0.0000,+0.0000,-1.0000,+1.0000,-0.5000,0.000004,0.005264,0.084738,0.001199,0.012818,0.001811,0.000000,False,True
15,0.183030,+0.0000,+0.0000,+0.0000,+0.0000,+0.0000,+1.5000,+0.5000,-0.5000,0.000001,0.005222,0.084711,0.001331,0.013196,0.001802,0.000000,False,True
16,0.183215,+0.0000,+0.0000,+0.0000,+0.0000,+0.0000,-0.5000,+2.0000,-0.5000,0.000001,0.005129,0.084720,0.001316,0.013285,0.001809,0.000000,False,True
17,0.183505,+0.0000,+0.0000,+0.0000,+0.0000,+0.0000,-2.0000,+3.0000,-0.3000,0.000001,0.004718,0.084692,0.001330,0.013161,0.001826,0.000000,False,True
18,0.183533,+0.0000,+0.0000,+0.0000,+0.0000,+0.0000,+1.5000,-1.0000,+0.5000,0.000001,0.005191,0.084693,0.001310,0.013537,0.001819,0.000000,False,True
19,0.183705,+0.0000,+0.0000,+0.0000,+0.0000,+0.0000,+1.5000,-1.0000,+0.0000,0.000001,0.004968,0.084686,0.001283,0.013452,0.001830,0.000000,False,True
20,0.183794,+0.0000,+0.0000,+0.0000,+0.0000,+0.0000,-0.5000,+3.0000,+0.3000,0.000001,0.004647,0.084683,0.001312,0.013380,0.001836,0.000000,False,True
21,0.183833,+0.0000,+0.0000,+0.0000,+0.0000,+0.0000,-1.0000,+1.5000,-0.3000,0.000001,0.004953,0.084680,0.001333,0.013359,0.001838,0.000000,False,True
22,0.183922,+0.0000,+0.0000,+0.0000,+0.0000,+0.0000,-2.0000,+3.0000,+0.5000,0.000001,0.004601,0.084677,0.001308,0.013617,0.001836,0.000000,False,True
23,0.183935,+0.0000,+0.0000,+0.0000,+0.0000,+0.0000,-0.5000,-1.0000,+0.0000,0.000001,0.004685,0.084685,0.001308,0.013554,0.001838,0.000000,False,True
24,0.183970,+0.0000,+0.0000,+0.0000,+0.0000,+0.0000,+2.0000,+3.0000,+0.3000,0.000001,0.004478,0.084679,0.001294,0.013526,0.001841,0.000000,False,True
25,0.184052,+0.0000,+0.0000,+0.0000,+0.0000,+0.0000,-2.0000,+2.0000,-0.3000,0.000001,0.004933,0.084683,0.001314,0.013581,0.001843,0.000000,False,True
26,0.184065,+0.0000,+0.0000,+0.0000,+0.0000,+0.0000,+1.0000,-1.0000,-0.5000,0.000001,0.004729,0.084683,0.001319,0.013841,0.001837,0.000000,False,True
27,0.184180,+0.0000,+0.0000,+0.0000,+0.0000,+0.0000,-1.0000,+2.0000,+0.5000,0.000001,0.004600,0.084675,0.001245,0.013573,0.001851,0.000000,False,True
28,0.184210,+0.0000,+0.0000,+0.0000,+0.0000,+0.0000,-0.5000,+1.0000,-0.3000,0.000001,0.004434,0.084673,0.001251,0.013806,0.001847,0.000000,False,True
29,0.184246,+0.0000,+0.0000,+0.0000,+0.0000,+0.0000,+0.5000,-2.0000,+0.3000,0.000001,0.004403,0.084678,0.001263,0.013758,0.001849,0.000000,False,True
30,0.184251,+0.0000,+0.0000,+0.0000,+0.0000,+0.0000,+2.0000,-1.0000,+0.5000,0.000001,0.004920,0.084669,0.001269,0.013738,0.001850,0.000000,False,True
31,0.184320,+0.0000,+0.0000,+0.0000,+0.0000,+0.0000,-1.0000,+3.0000,+0.5000,0.000001,0.004498,0.084674,0.001258,0.013829,0.001851,0.000000,False,True
32,0.184383,+0.0000,+0.0000,+0.0000,+0.0000,+0.0000,-0.5000,-3.0000,+0.0000,0.000001,0.004522,0.084661,0.001238,0.013732,0.001857,0.000000,False,True
33,0.184408,+0.0000,+0.0000,+0.0000,+0.0000,+0.0000,-1.0000,+3.0000,+0.0000,0.000001,0.004486,0.084663,0.001274,0.013726,0.001858,0.000000,False,True
34,0.184410,+0.0000,+0.0000,+0.0000,+0.0000,+0.0000,-2.0000,+1.5000,-0.5000,0.000001,0.004828,0.084666,0.001239,0.013461,0.001865,0.000000,False,True
35,0.184462,+0.0000,+0.0000,+0.0000,+0.0000,+0.0000,+1.5000,+1.0000,+0.0000,0.000001,0.004364,0.084662,0.001264,0.013835,0.001858,0.000000,False,True
36,0.184477,+0.0000,+0.0000,+0.0000,+0.0000,+0.0000,-1.0000,+3.0000,-0.3000,0.000001,0.004626,0.084665,0.001259,0.013897,0.001857,0.000000,False,True
37,0.184511,+0.0000,+0.0000,+0.0000,+0.0000,+0.0000,+1.5000,+2.0000,+0.5000,0.000001,0.004606,0.084664,0.001237,0.013766,0.001863,0.000000,False,True
38,0.184522,+0.0000,+0.0000,+0.0000,+0.0000,+0.0000,+1.0000,-0.5000,-0.3000,0.000001,0.004501,0.084661,0.001243,0.013942,0.001859,0.000000,False,True
39,0.184566,+0.0000,+0.0000,+0.0000,+0.0000,+0.0000,-1.0000,+3.0000,+0.3000,0.000001,0.004495,0.084657,0.001234,0.013821,0.001864,0.000000,False,True
40,0.184598,+0.0000,+0.0000,+0.0000,+0.0000,+0.0000,-0.5000,+0.5000,-0.5000,0.000001,0.004445,0.084658,0.001215,0.013711,0.001869,0.000000,False,True
41,0.184600,+0.0000,+0.0000,+0.0000,+0.0000,+0.0000,-0.5000,+0.5000,+0.3000,0.000001,0.004419,0.084661,0.001219,0.013756,0.001868,0.000000,False,True
42,0.184663,+0.0000,+0.0000,+0.0000,+0.0000,+0.0000,-0.5000,+1.0000,-0.5000,0.000001,0.004464,0.084656,0.001227,0.013995,0.001865,0.000000,False,True
43,0.184743,+0.0000,+0.0000,+0.0000,+0.0000,+0.0000,+2.0000,+3.0000,+0.5000,0.000001,0.004640,0.084652,0.001253,0.013926,0.001870,0.000000,False,True
44,0.184764,+0.0000,+0.0000,+0.0000,+0.0000,+0.0000,-0.5000,-0.5000,-0.3000,0.000001,0.004411,0.084667,0.001272,0.014001,0.001869,0.000000,False,True
45,0.184832,+0.0000,+0.0000,+0.0000,+0.0000,+0.0000,+0.5000,+1.0000,+0.3000,0.000001,0.004753,0.084654,0.001301,0.014314,0.001864,0.000000,False,True
46,0.184859,+0.0000,+0.0000,+0.0000,+0.0000,+0.0000,+0.5000,-3.0000,+0.0000,0.000001,0.004300,0.084672,0.001254,0.013759,0.001880,0.000000,False,True
47,0.185090,+0.0000,+0.0000,+0.0000,+0.0000,+0.0000,+1.5000,+2.0000,+0.3000,0.000001,0.005016,0.084645,0.001240,0.014065,0.001884,0.000000,False,True
48,0.185112,+0.0000,+0.0000,+0.0000,+0.0000,+0.0000,+0.5000,+2.0000,-0.5000,0.000001,0.004481,0.084659,0.001266,0.014014,0.001886,0.000000,False,True
49,0.185193,+0.0000,+0.0000,+0.0000,+0.0000,+0.0000,+2.0000,-1.0000,-0.3000,0.000001,0.004707,0.084647,0.001280,0.014010,0.001890,0.000000,False,True
50,0.185287,+0.0000,+0.0000,+0.0000,+0.0000,+0.0000,-1.0000,-3.0000,+0.3000,0.000001,0.004413,0.084643,0.001310,0.014321,0.001887,0.000000,False,True
51,0.186001,+0.0000,+0.0000,+0.0000,+0.0000,+0.0000,+2.0000,+3.0000,+0.0000,0.000001,0.004714,0.084667,0.001251,0.013657,0.001940,0.000000,False,True
52,0.186174,+0.0000,+0.0000,+0.0000,+0.0000,+0.0000,-1.0000,+1.5000,-0.5000,0.000001,0.005214,0.084671,0.001304,0.013517,0.001951,0.000000,False,True
53,0.186389,+0.0000,+0.0000,+0.0000,+0.0000,+0.0000,-0.5000,+1.5000,+0.5000,0.000001,0.004789,0.084669,0.001275,0.014356,0.001941,0.000000,False,True
54,0.186404,+0.0000,+0.0000,+0.0000,+0.0000,+0.0000,-2.0000,+1.0000,-0.3000,0.000001,0.004596,0.084661,0.001239,0.014307,0.001944,0.000000,False,True
55,0.186437,+0.0000,+0.0000,+0.0000,+0.0000,+0.0000,+2.0000,-1.0000,+0.3000,0.000001,0.004611,0.084691,0.001288,0.014310,0.001945,0.000000,False,True
56,0.186623,+0.0000,+0.0000,+0.0000,+0.0000,+0.0000,+1.5000,+2.0000,-0.5000,0.000001,0.004473,0.084677,0.001222,0.013676,0.001971,0.000000,False,True
57,0.186649,+0.0000,+0.0000,+0.0000,+0.0000,+0.0000,+0.5000,+1.5000,+0.5000,0.000001,0.004600,0.084670,0.001238,0.015116,0.001936,0.000000,False,True
58,0.186718,+0.0000,+0.0000,+0.0000,+0.0000,+0.0000,+1.5000,+3.0000,-0.5000,0.000001,0.004425,0.084694,0.001297,0.013385,0.001982,0.000000,False,True
59,0.186757,+0.0000,+0.0000,+0.0000,+0.0000,+0.0000,+0.5000,-1.0000,+0.3000,0.000001,0.006208,0.084694,0.001126,0.014820,0.001950,0.000000,False,True
60,0.186765,+0.0000,+0.0000,+0.0000,+0.0000,+0.0000,-0.5000,-3.0000,-0.3000,0.000001,0.004450,0.084656,0.001214,0.014044,0.001969,0.000000,False,True
61,0.186821,+0.0000,+0.0000,+0.0000,+0.0000,+0.0000,+1.5000,-0.5000,+0.3000,0.000000,0.004915,0.084699,0.001310,0.013612,0.001981,0.000000,False,True
62,0.186827,+0.0000,+0.0000,+0.0000,+0.0000,+0.0000,-1.0000,-3.0000,+0.0000,0.000052,0.004579,0.084747,0.003373,0.012714,0.001933,0.001250,False,True
63,0.186883,+0.0000,+0.0000,+0.0000,+0.0000,+0.0000,-0.5000,-1.5000,+0.3000,0.000001,0.004592,0.084711,0.001318,0.013249,0.001993,0.000000,False,True
64,0.186918,+0.0000,+0.0000,+0.0000,+0.0000,+0.0000,-0.5000,-1.0000,-0.5000,0.000001,0.004553,0.084641,0.001246,0.015191,0.001947,0.000000,False,True
65,0.187019,+0.0000,+0.0000,+0.0000,+0.0000,+0.0000,-0.5000,+1.5000,-0.5000,0.000001,0.004454,0.084652,0.001222,0.014414,0.001972,0.000000,False,True
66,0.187071,+0.0000,+0.0000,+0.0000,+0.0000,+0.0000,+1.0000,-0.5000,-0.5000,0.000001,0.004609,0.084659,0.001250,0.014015,0.001984,0.000000,False,True
67,0.187104,+0.0000,+0.0000,+0.0000,+0.0000,+0.0000,+1.5000,+1.5000,+0.0000,0.000000,0.004588,0.084665,0.001286,0.014469,0.001974,0.000000,False,True
68,0.187138,+0.0000,+0.0000,+0.0000,+0.0000,+0.0000,+2.0000,+2.0000,-0.3000,0.000001,0.004864,0.084634,0.001250,0.015808,0.001943,0.000000,False,True
69,0.187221,+0.0000,+0.0000,+0.0000,+0.0000,+0.0000,+2.0000,+0.5000,+0.0000,0.000001,0.004744,0.084676,0.001233,0.014701,0.001975,0.000000,False,True
70,0.187261,+0.0000,+0.0000,+0.0000,+0.0000,+0.0000,-2.0000,-2.0000,+0.0000,0.000001,0.004621,0.084633,0.001204,0.015885,0.001948,0.000000,False,True
71,0.187266,+0.0000,+0.0000,+0.0000,+0.0000,+0.0000,-1.0000,+3.0000,-0.5000,0.000001,0.004837,0.084669,0.001288,0.014554,0.001980,0.000000,False,True
72,0.187278,+0.0000,+0.0000,+0.0000,+0.0000,+0.0000,+2.0000,+2.0000,+0.5000,0.000001,0.004575,0.084666,0.001218,0.014897,0.001973,0.000000,False,True
73,0.187332,+0.0000,+0.0000,+0.0000,+0.0000,+0.0000,+1.0000,+0.5000,-0.5000,0.000001,0.004489,0.084667,0.001301,0.014801,0.001977,0.000000,False,True
74,0.187358,+0.0000,+0.0000,+0.0000,+0.0000,+0.0000,-1.0000,-1.0000,-0.5000,0.000001,0.006671,0.084654,0.001133,0.014001,0.002001,0.000000,False,True
75,0.187370,+0.0000,+0.0000,+0.0000,+0.0000,+0.0000,+2.0000,+1.5000,+0.5000,0.000001,0.004567,0.084675,0.001253,0.014721,0.001982,0.000000,False,True
76,0.187449,+0.0000,+0.0000,+0.0000,+0.0000,+0.0000,-2.0000,+1.0000,+0.5000,0.000001,0.004596,0.084676,0.001232,0.014525,0.001991,0.000000,False,True
77,0.187516,+0.0000,+0.0000,+0.0000,+0.0000,+0.0000,+1.0000,-2.0000,-0.3000,0.000001,0.004549,0.084702,0.001297,0.013416,0.002021,0.000000,False,True
78,0.187518,+0.0000,+0.0000,+0.0000,+0.0000,+0.0000,+1.0000,+0.5000,-0.3000,0.000000,0.004432,0.084678,0.001275,0.014160,0.002003,0.000000,False,True
79,0.187525,+0.0000,+0.0000,+0.0000,+0.0000,+0.0000,-1.0000,+1.5000,+0.0000,0.000001,0.004420,0.084674,0.001271,0.014395,0.001997,0.000000,False,True
80,0.187670,+0.0000,+0.0000,+0.0000,+0.0000,+0.0000,-0.5000,+1.0000,+0.0000,0.000001,0.004567,0.084684,0.001264,0.014105,0.002012,0.000000,False,True
81,0.187672,+0.0000,+0.0000,+0.0000,+0.0000,+0.0000,-1.0000,+2.0000,-0.5000,0.000001,0.004452,0.084656,0.001241,0.015057,0.001988,0.000000,False,True
82,0.187682,+0.0000,+0.0000,+0.0000,+0.0000,+0.0000,-1.0000,+1.5000,+0.5000,0.000001,0.004956,0.084617,0.001111,0.016254,0.001961,0.000000,False,True
83,0.187695,+0.0000,+0.0000,+0.0000,+0.0000,+0.0000,+2.0000,+1.5000,+0.3000,0.000001,0.004849,0.084672,0.001215,0.014065,0.002015,0.000000,False,True
84,0.187780,+0.0000,+0.0000,+0.0000,+0.0000,+0.0000,+0.5000,+2.0000,+0.5000,0.000002,0.004572,0.084673,0.000992,0.015091,0.001997,0.000000,False,True
85,0.187870,+0.0000,+0.0000,+0.0000,+0.0000,+0.0000,+0.5000,-3.0000,+0.5000,0.000001,0.004385,0.084653,0.001211,0.015102,0.001998,0.000000,False,True
86,0.188021,+0.0000,+0.0000,+0.0000,+0.0000,+0.0000,-2.0000,+3.0000,+0.3000,0.000001,0.005145,0.084621,0.001036,0.015131,0.002007,0.000000,False,True
87,0.188077,+0.0000,+0.0000,+0.0000,+0.0000,+0.0000,+2.0000,-1.5000,+0.5000,0.002508,0.007751,0.085875,0.019455,0.017265,0.001555,0.000000,False,True
88,0.188136,+0.0000,+0.0000,+0.0000,+0.0000,+0.0000,+2.0000,+0.5000,-0.5000,0.000001,0.006976,0.084693,0.001190,0.013550,0.002050,0.000000,False,True
89,0.188208,+0.0000,+0.0000,+0.0000,+0.0000,+0.0000,-1.0000,-2.0000,+0.3000,0.000001,0.004544,0.084639,0.001238,0.015429,0.002006,0.000000,False,True
90,0.188283,+0.0000,+0.0000,+0.0000,+0.0000,+0.0000,+0.5000,-1.5000,-0.5000,0.000001,0.004605,0.084664,0.001259,0.015184,0.002016,0.000000,False,True
91,0.188366,+0.0000,+0.0000,+0.0000,+0.0000,+0.0000,+2.0000,+2.0000,-0.5000,0.000004,0.004897,0.084680,0.000813,0.014560,0.002004,0.001250,False,True
92,0.188722,+0.0000,+0.0000,+0.0000,+0.0000,+0.0000,+1.5000,+1.5000,-0.3000,0.000001,0.005360,0.084694,0.001133,0.013679,0.002077,0.000000,False,True
93,0.188801,+0.0000,+0.0000,+0.0000,+0.0000,+0.0000,-1.0000,-1.0000,+0.3000,0.000001,0.004544,0.084661,0.001265,0.014394,0.002061,0.000000,False,True
94,0.188889,+0.0000,+0.0000,+0.0000,+0.0000,+0.0000,-0.5000,-2.0000,+0.0000,0.000001,0.004649,0.084612,0.001021,0.016139,0.002026,0.000000,False,True
95,0.188909,+0.0000,+0.0000,+0.0000,+0.0000,+0.0000,+1.0000,+1.5000,+0.0000,0.000001,0.004834,0.084702,0.001297,0.013168,0.002097,0.000000,False,True
96,0.188913,+0.0000,+0.0000,+0.0000,+0.0000,+0.0000,+1.0000,+1.5000,+0.3000,0.000001,0.004727,0.084631,0.001228,0.015619,0.002037,0.000000,False,True
97,0.188941,+0.0000,+0.0000,+0.0000,+0.0000,+0.0000,+1.0000,-1.0000,-0.3000,0.000009,0.005950,0.084677,0.001183,0.013963,0.002080,0.000000,False,True
98,0.188971,+0.0000,+0.0000,+0.0000,+0.0000,+0.0000,+1.5000,+3.0000,+0.0000,0.000001,0.005140,0.084684,0.001230,0.013763,0.002086,0.000000,False,True
99,0.189099,+0.0000,+0.0000,+0.0000,+0.0000,+0.0000,+0.5000,-2.0000,+0.0000,0.000001,0.004510,0.084655,0.001242,0.015603,0.002046,0.000000,False,True
100,0.189289,+0.0000,+0.0000,+0.0000,+0.0000,+0.0000,-0.5000,+3.0000,+0.5000,0.000001,0.005148,0.084625,0.001101,0.016137,0.002044,0.000000,False,True
101,0.189313,+0.0000,+0.0000,+0.0000,+0.0000,+0.0000,-0.5000,+1.5000,+0.3000,0.000001,0.006637,0.084691,0.001219,0.013579,0.002108,0.000000,False,True
102,0.189677,+0.0000,+0.0000,+0.0000,+0.0000,+0.0000,-1.0000,+0.5000,-0.5000,0.000002,0.005473,0.084662,0.001158,0.014189,0.002112,0.000000,False,True
103,0.189683,+0.0000,+0.0000,+0.0000,+0.0000,+0.0000,-2.0000,-1.0000,+0.3000,0.000002,0.007606,0.084667,0.001226,0.014255,0.002109,0.000000,False,True
104,0.189692,+0.0000,+0.0000,+0.0000,+0.0000,+0.0000,-2.0000,+1.0000,+0.3000,0.000001,0.004803,0.084675,0.001218,0.013641,0.002125,0.000000,False,True
105,0.189700,+0.0000,+0.0000,+0.0000,+0.0000,+0.0000,+1.5000,+0.5000,-0.3000,0.000001,0.005342,0.084666,0.001214,0.014248,0.002111,0.000000,False,True
106,0.190562,+0.0000,+0.0000,+0.0000,+0.0000,+0.0000,+1.0000,-0.5000,+0.3000,0.000099,0.006170,0.084858,0.000921,0.018268,0.002053,0.000000,False,True
107,0.190617,+0.0000,+0.0000,+0.0000,+0.0000,+0.0000,-1.0000,+2.0000,+0.3000,0.000001,0.004839,0.084651,0.001081,0.014365,0.002155,0.000000,False,True
108,0.190679,+0.0000,+0.0000,+0.0000,+0.0000,+0.0000,+1.0000,+3.0000,+0.3000,0.000001,0.008130,0.084680,0.001165,0.013808,0.002134,0.001250,False,True
109,0.190857,+0.0000,+0.0000,+0.0000,+0.0000,+0.0000,-0.5000,+2.0000,+0.3000,0.000011,0.007622,0.084716,0.001026,0.013338,0.002193,0.000000,False,True
110,0.193499,+0.0000,+0.0000,+0.0000,+0.0000,+0.0000,+1.0000,-3.0000,-0.3000,0.000001,0.006503,0.084675,0.001255,0.013820,0.002273,0.001250,False,True
111,0.194269,+0.0000,+0.0000,+0.0000,+0.0000,+0.0000,+1.0000,-1.5000,-0.5000,0.001113,0.004679,0.085123,0.001045,0.020549,0.002128,0.000000,False,True
112,0.194718,+0.0000,+0.0000,+0.0000,+0.0000,+0.0000,-0.5000,+2.0000,+0.0000,0.000001,0.005356,0.084676,0.001268,0.014023,0.002366,0.000000,False,True
113,0.195549,+0.0000,+0.0000,+0.0000,+0.0000,+0.0000,+2.0000,-1.5000,-0.3000,0.000001,0.004972,0.084679,0.001172,0.013981,0.002410,0.000000,False,True
114,0.196785,+0.0000,+0.0000,+0.0000,+0.0000,+0.0000,+0.5000,+1.0000,-0.3000,0.000001,0.005207,0.084646,0.001161,0.014662,0.002455,0.000000,False,True
115,0.196835,+0.0000,+0.0000,+0.0000,+0.0000,+0.0000,+0.5000,+2.0000,-0.3000,0.000878,0.005635,0.085080,0.005217,0.015856,0.002323,0.000000,False,True
116,0.198220,+0.0000,+0.0000,+0.0000,+0.0000,+0.0000,+0.5000,+3.0000,-0.3000,0.000001,0.004687,0.084659,0.001173,0.014107,0.002503,0.001250,False,True
117,0.198269,+0.0000,+0.0000,+0.0000,+0.0000,+0.0000,+0.5000,-0.5000,-0.3000,0.000001,0.005023,0.084634,0.001274,0.014377,0.002535,0.000000,False,True
118,0.200012,+0.0000,+0.0000,+0.0000,+0.0000,+0.0000,-0.5000,-1.0000,-0.3000,0.000013,0.006584,0.084753,0.001349,0.012864,0.002658,0.000000,False,True
119,0.201385,+0.0000,+0.0000,+0.0000,+0.0000,+0.0000,-0.5000,-0.5000,+0.3000,0.002902,0.004546,0.085663,0.002958,0.020767,0.002361,0.000000,False,True
120,0.201564,+0.0000,+0.0000,+0.0000,+0.0000,+0.0000,+1.0000,+0.5000,+0.5000,0.002482,0.005195,0.085715,0.006257,0.021144,0.002332,0.000000,False,True
121,0.201771,+0.0000,+0.0000,+0.0000,+0.0000,+0.0000,-2.0000,+0.5000,-0.5000,0.000001,0.007028,0.084701,0.001124,0.013516,0.002734,0.000000,False,True
122,0.202899,+0.0000,+0.0000,+0.0000,+0.0000,+0.0000,+2.0000,-3.0000,+0.0000,0.001031,0.005231,0.085147,0.000941,0.022357,0.002483,0.001250,False,True
123,0.203223,+0.0000,+0.0000,+0.0000,+0.0000,+0.0000,-0.5000,+3.0000,-0.5000,0.000045,0.005547,0.084719,0.002990,0.013035,0.002751,0.001250,False,True
124,0.204555,+0.0000,+0.0000,+0.0000,+0.0000,+0.0000,-2.0000,+3.0000,+0.0000,0.002551,0.005334,0.085392,0.003263,0.016552,0.002562,0.002500,False,True
125,0.204771,+0.0000,+0.0000,+0.0000,+0.0000,+0.0000,-0.5000,+3.0000,+0.0000,0.000001,0.005959,0.084799,0.001228,0.012244,0.002802,0.003750,False,True
126,0.205111,+0.0000,+0.0000,+0.0000,+0.0000,+0.0000,-0.5000,-3.0000,+0.5000,0.002952,0.004785,0.085595,0.004030,0.019062,0.002533,0.001250,False,True
127,0.205981,+0.0000,+0.0000,+0.0000,+0.0000,+0.0000,+0.5000,-0.5000,+0.3000,0.002291,0.009385,0.086079,0.050017,0.017283,0.002002,0.000000,False,True
128,0.209746,+0.0000,+0.0000,+0.0000,+0.0000,+0.0000,+0.5000,+0.5000,-0.3000,0.001054,0.024670,0.085901,0.029275,0.015276,0.002614,0.000000,False,True
129,0.210419,+0.0000,+0.0000,+0.0000,+0.0000,+0.0000,-0.5000,-1.0000,+0.5000,0.002589,0.010979,0.085558,0.002439,0.022556,0.002791,0.000000,False,True
130,0.216098,+0.0000,+0.0000,+0.0000,+0.0000,+0.0000,+0.5000,-1.0000,+0.5000,0.000551,0.041818,0.086556,0.033352,0.013499,0.002677,0.008750,False,True
131,0.216232,+0.0000,+0.0000,+0.0000,+0.0000,+0.0000,+0.5000,+3.0000,+0.5000,0.003081,0.017329,0.086025,0.054209,0.016481,0.001795,0.021250,False,True
132,0.219593,+0.0000,+0.0000,+0.0000,+0.0000,+0.0000,-0.5000,-1.0000,+0.3000,0.001960,0.023052,0.085938,0.074272,0.014359,0.002371,0.001250,False,True
133,0.219918,+0.0000,+0.0000,+0.0000,+0.0000,+0.0000,-1.0000,-1.0000,+0.5000,0.001160,0.028204,0.086696,0.028858,0.014830,0.002984,0.005000,False,True
134,0.221371,+0.0000,+0.0000,+0.0000,+0.0000,+0.0000,-2.0000,-0.5000,+0.0000,0.001185,0.034414,0.086665,0.059626,0.012977,0.002790,0.000000,False,True
135,0.221608,+0.0000,+0.0000,+0.0000,+0.0000,+0.0000,+2.0000,-0.5000,+0.5000,0.003941,0.032204,0.086115,0.073767,0.013166,0.002448,0.000000,False,True
136,0.221944,+0.0000,+0.0000,+0.0000,+0.0000,+0.0000,-1.0000,-0.5000,-0.5000,0.005050,0.022529,0.086210,0.058144,0.012552,0.002659,0.000000,False,True
137,0.223425,+0.0000,+0.0000,+0.0000,+0.0000,+0.0000,-1.0000,-1.5000,-0.5000,0.003282,0.017764,0.086565,0.086855,0.015247,0.002211,0.003750,False,True
138,0.226400,+0.0000,+0.0000,+0.0000,+0.0000,+0.0000,-1.0000,+1.0000,-0.3000,0.005338,0.029664,0.086869,0.086103,0.014563,0.002322,0.002500,False,True
139,0.227654,+0.0000,+0.0000,+0.0000,+0.0000,+0.0000,-1.0000,+1.0000,+0.0000,0.002484,0.018154,0.086712,0.113980,0.012695,0.002231,0.000000,False,True
140,0.228159,+0.0000,+0.0000,+0.0000,+0.0000,+0.0000,+0.5000,-1.0000,-0.3000,0.003372,0.034726,0.085951,0.034968,0.014226,0.003247,0.003750,False,True
141,0.228397,+0.0000,+0.0000,+0.0000,+0.0000,+0.0000,+0.5000,+0.5000,+0.3000,0.003309,0.022744,0.086750,0.117793,0.013280,0.002155,0.000000,False,True
142,0.228504,+0.0000,+0.0000,+0.0000,+0.0000,+0.0000,+2.0000,+1.0000,+0.3000,0.003085,0.020364,0.086615,0.084263,0.016279,0.002600,0.000000,False,True
143,0.229268,+0.0000,+0.0000,+0.0000,+0.0000,+0.0000,+1.5000,-0.5000,-0.5000,0.003303,0.023431,0.086403,0.059768,0.014838,0.003031,0.000000,False,True
144,0.230365,+0.0000,+0.0000,+0.0000,+0.0000,+0.0000,+1.5000,-0.5000,-0.3000,0.001310,0.031894,0.086449,0.033638,0.014314,0.003590,0.000000,False,True
145,0.231055,+0.0000,+0.0000,+0.0000,+0.0000,+0.0000,+1.5000,+0.5000,+0.5000,0.003194,0.018263,0.086946,0.089890,0.014905,0.002672,0.000000,False,True
146,0.231626,+0.0000,+0.0000,+0.0000,+0.0000,+0.0000,+1.0000,+1.5000,-0.5000,0.002649,0.016250,0.086674,0.094122,0.014473,0.002375,0.010000,False,True
147,0.231707,+0.0000,+0.0000,+0.0000,+0.0000,+0.0000,-1.0000,-0.5000,+0.0000,0.002133,0.025244,0.086450,0.072233,0.014905,0.003023,0.000000,False,True
148,0.231989,+0.0000,+0.0000,+0.0000,+0.0000,+0.0000,+1.0000,-1.0000,+0.0000,0.002368,0.021207,0.086574,0.070960,0.016604,0.003002,0.000000,False,True
149,0.232746,+0.0000,+0.0000,+0.0000,+0.0000,+0.0000,+0.5000,-1.5000,+0.3000,0.005415,0.028899,0.086573,0.055008,0.013096,0.002464,0.025000,False,True
150,0.232773,+0.0000,+0.0000,+0.0000,+0.0000,+0.0000,-2.0000,-0.5000,-0.5000,0.003855,0.022950,0.086740,0.084168,0.013202,0.002853,0.000000,False,True
151,0.233336,+0.0000,+0.0000,+0.0000,+0.0000,+0.0000,+0.5000,+1.0000,+0.0000,0.004054,0.027500,0.086776,0.102365,0.014046,0.002503,0.002500,False,True
152,0.233381,+0.0000,+0.0000,+0.0000,+0.0000,+0.0000,+2.0000,-0.5000,+0.0000,0.003093,0.014694,0.086689,0.108183,0.013927,0.002543,0.000000,False,True
153,0.234486,+0.0000,+0.0000,+0.0000,+0.0000,+0.0000,-2.0000,-1.0000,-0.3000,0.002706,0.020368,0.086848,0.087744,0.013349,0.002902,0.001250,False,True
154,0.235087,+0.0000,+0.0000,+0.0000,+0.0000,+0.0000,+2.0000,+1.0000,-0.3000,0.004390,0.020173,0.087245,0.124613,0.013494,0.002328,0.000000,False,True
155,0.235185,+0.0000,+0.0000,+0.0000,+0.0000,+0.0000,+2.0000,+1.0000,+0.5000,0.003842,0.018586,0.086847,0.113823,0.014347,0.002501,0.000000,False,True
156,0.235544,+0.0000,+0.0000,+0.0000,+0.0000,+0.0000,+0.5000,-0.5000,+0.5000,0.002106,0.019867,0.086305,0.061775,0.016770,0.003326,0.000000,False,True
157,0.235620,+0.0000,+0.0000,+0.0000,+0.0000,+0.0000,+1.0000,-0.5000,+0.0000,0.004298,0.031599,0.087351,0.121006,0.013663,0.002409,0.000000,False,True
158,0.236054,+0.0000,+0.0000,+0.0000,+0.0000,+0.0000,-2.0000,+1.0000,+0.0000,0.004095,0.016001,0.086901,0.111812,0.013970,0.002572,0.000000,False,True
159,0.237640,+0.0000,+0.0000,+0.0000,+0.0000,+0.0000,+0.5000,-1.0000,-0.5000,0.004650,0.030671,0.087372,0.074618,0.014018,0.002992,0.006250,False,True
160,0.237949,+0.0000,+0.0000,+0.0000,+0.0000,+0.0000,-2.0000,+1.5000,+0.0000,0.001560,0.030710,0.086432,0.050602,0.014519,0.002947,0.025000,False,True
161,0.238441,+0.0000,+0.0000,+0.0000,+0.0000,+0.0000,-2.0000,+1.5000,+0.3000,0.004707,0.026411,0.087314,0.125860,0.013174,0.002169,0.010000,False,True
162,0.239067,+0.0000,+0.0000,+0.0000,+0.0000,+0.0000,-1.0000,-0.5000,+0.5000,0.003889,0.019873,0.086943,0.105224,0.013884,0.002833,0.000000,False,True
163,0.239338,+0.0000,+0.0000,+0.0000,+0.0000,+0.0000,+2.0000,-1.5000,+0.0000,0.003379,0.014470,0.086753,0.125456,0.013921,0.002493,0.002500,False,True
164,0.239957,+0.0000,+0.0000,+0.0000,+0.0000,+0.0000,-1.0000,-0.5000,+0.3000,0.003344,0.017981,0.086959,0.119798,0.013731,0.002690,0.000000,False,True
165,0.239959,+0.0000,+0.0000,+0.0000,+0.0000,+0.0000,+1.5000,+1.0000,+0.5000,0.003302,0.016267,0.086840,0.124630,0.013864,0.002617,0.000000,False,True
166,0.239972,+0.0000,+0.0000,+0.0000,+0.0000,+0.0000,-1.0000,-1.5000,-0.3000,0.003374,0.022657,0.086128,0.085076,0.012685,0.002899,0.011250,False,True
167,0.240117,+0.0000,+0.0000,+0.0000,+0.0000,+0.0000,+1.5000,+0.5000,+0.0000,0.004249,0.018174,0.087112,0.131854,0.014225,0.002460,0.000000,False,True
168,0.240959,+0.0000,+0.0000,+0.0000,+0.0000,+0.0000,-2.0000,+0.5000,+0.5000,0.003509,0.027919,0.086441,0.082742,0.013311,0.003299,0.000000,False,True
169,0.241146,+0.0000,+0.0000,+0.0000,+0.0000,+0.0000,+1.5000,-0.5000,+0.5000,0.004621,0.019636,0.087243,0.124255,0.013861,0.002616,0.000000,False,True
170,0.241838,+0.0000,+0.0000,+0.0000,+0.0000,+0.0000,-1.0000,-1.0000,+0.0000,0.004612,0.026464,0.087045,0.116290,0.015326,0.002621,0.003750,False,True
171,0.242340,+0.0000,+0.0000,+0.0000,+0.0000,+0.0000,-0.5000,+0.5000,+0.0000,0.003574,0.017034,0.087047,0.123091,0.012855,0.002771,0.000000,False,True
172,0.242475,+0.0000,+0.0000,+0.0000,+0.0000,+0.0000,-2.0000,-1.5000,+0.3000,0.001760,0.022611,0.086911,0.046571,0.013719,0.003394,0.020000,False,True
173,0.242677,+0.0000,+0.0000,+0.0000,+0.0000,+0.0000,-1.0000,+0.5000,+0.0000,0.003313,0.015729,0.086980,0.121137,0.012914,0.002828,0.000000,False,True
174,0.242922,+0.0000,+0.0000,+0.0000,+0.0000,+0.0000,+1.5000,+1.0000,-0.3000,0.004149,0.018632,0.087226,0.125064,0.013379,0.002728,0.000000,False,True
175,0.243247,+0.0000,+0.0000,+0.0000,+0.0000,+0.0000,+2.0000,+0.5000,+0.5000,0.002455,0.021844,0.086826,0.079379,0.014556,0.003485,0.000000,False,True
176,0.243352,+0.0000,+0.0000,+0.0000,+0.0000,+0.0000,+1.0000,+1.0000,+0.3000,0.004730,0.025790,0.086811,0.108103,0.016851,0.002851,0.001250,False,True
177,0.243830,+0.0000,+0.0000,+0.0000,+0.0000,+0.0000,+1.0000,+0.5000,+0.0000,0.004158,0.023201,0.087023,0.132177,0.012285,0.002694,0.000000,False,True
178,0.244134,+0.0000,+0.0000,+0.0000,+0.0000,+0.0000,-1.0000,-1.5000,+0.3000,0.003437,0.022229,0.086547,0.080857,0.014391,0.002862,0.020000,False,True
179,0.244310,+0.0000,+0.0000,+0.0000,+0.0000,+0.0000,+0.5000,+1.5000,+0.3000,0.004290,0.023371,0.087085,0.127661,0.013058,0.002497,0.008750,False,True
180,0.244354,+0.0000,+0.0000,+0.0000,+0.0000,+0.0000,+1.0000,+1.0000,-0.5000,0.005371,0.021510,0.087332,0.117400,0.014825,0.002818,0.000000,False,True
181,0.244388,+0.0000,+0.0000,+0.0000,+0.0000,+0.0000,-2.0000,+1.5000,-0.3000,0.003037,0.018063,0.086685,0.117006,0.014195,0.002695,0.008750,False,True
182,0.244427,+0.0000,+0.0000,+0.0000,+0.0000,+0.0000,+0.5000,+0.5000,+0.0000,0.003969,0.023781,0.087239,0.124148,0.013355,0.002827,0.000000,False,True
183,0.244475,+0.0000,+0.0000,+0.0000,+0.0000,+0.0000,+2.0000,-1.5000,+0.3000,0.003224,0.023834,0.086858,0.130810,0.012811,0.002480,0.010000,False,True
184,0.244523,+0.0000,+0.0000,+0.0000,+0.0000,+0.0000,+2.0000,-0.5000,-0.3000,0.004898,0.023427,0.087138,0.129065,0.013870,0.002699,0.000000,False,True
185,0.245267,+0.0000,+0.0000,+0.0000,+0.0000,+0.0000,+1.5000,-1.5000,+0.0000,0.002912,0.020942,0.086487,0.093252,0.015419,0.002733,0.020000,False,True
186,0.245470,+0.0000,+0.0000,+0.0000,+0.0000,+0.0000,-0.5000,-2.0000,-0.5000,0.004086,0.015483,0.087217,0.122844,0.013230,0.002371,0.017500,False,True
187,0.246580,+0.0000,+0.0000,+0.0000,+0.0000,+0.0000,+1.5000,-1.5000,+0.3000,0.004822,0.024394,0.087185,0.115433,0.013898,0.002484,0.017500,False,True
188,0.246758,+0.0000,+0.0000,+0.0000,+0.0000,+0.0000,-0.5000,-1.5000,+0.0000,0.004202,0.027474,0.087071,0.111442,0.013964,0.002807,0.010000,False,True
189,0.246995,+0.0000,+0.0000,+0.0000,+0.0000,+0.0000,-0.5000,-1.5000,+0.5000,0.003448,0.028731,0.086806,0.132098,0.012253,0.002702,0.006250,False,True
190,0.247233,+0.0000,+0.0000,+0.0000,+0.0000,+0.0000,+0.5000,+0.5000,-0.5000,0.005381,0.021533,0.087441,0.126136,0.013848,0.002854,0.000000,False,True
191,0.247283,+0.0000,+0.0000,+0.0000,+0.0000,+0.0000,-0.5000,-0.5000,+0.0000,0.004680,0.026753,0.087285,0.116354,0.014594,0.003020,0.000000,False,True
192,0.247644,+0.0000,+0.0000,+0.0000,+0.0000,+0.0000,+2.0000,+0.5000,-0.3000,0.004113,0.040109,0.086859,0.103241,0.016841,0.003207,0.000000,False,True
193,0.247847,+0.0000,+0.0000,+0.0000,+0.0000,+0.0000,-0.5000,-0.5000,+0.5000,0.004598,0.032795,0.087045,0.136624,0.014081,0.002761,0.000000,False,True
194,0.248341,+0.0000,+0.0000,+0.0000,+0.0000,+0.0000,+1.0000,-0.5000,+0.5000,0.003095,0.038740,0.086632,0.119442,0.017818,0.003025,0.000000,False,True
195,0.248365,+0.0000,+0.0000,+0.0000,+0.0000,+0.0000,+0.5000,-1.5000,+0.5000,0.002572,0.025524,0.086525,0.069782,0.014470,0.002944,0.031250,False,True
196,0.248655,+0.0000,+0.0000,+0.0000,+0.0000,+0.0000,+0.5000,-0.5000,+0.0000,0.002558,0.029817,0.086660,0.131150,0.012623,0.003022,0.000000,False,True
197,0.249821,+0.0000,+0.0000,+0.0000,+0.0000,+0.0000,-2.0000,-1.0000,+0.5000,0.005717,0.028209,0.087457,0.117196,0.014552,0.002783,0.010000,False,True
198,0.250296,+0.0000,+0.0000,+0.0000,+0.0000,+0.0000,+1.0000,+0.5000,+0.3000,0.003936,0.022632,0.086962,0.119511,0.013944,0.003177,0.000000,False,True
199,0.250686,+0.0000,+0.0000,+0.0000,+0.0000,+0.0000,+1.0000,+1.0000,+0.5000,0.004253,0.018860,0.087186,0.150466,0.013360,0.002731,0.000000,False,True
200,0.250959,+0.0000,+0.0000,+0.0000,+0.0000,+0.0000,+1.5000,-1.5000,-0.3000,0.003216,0.016055,0.087051,0.129027,0.013517,0.002964,0.005000,False,True
201,0.251726,+0.0000,+0.0000,+0.0000,+0.0000,+0.0000,-0.5000,+1.0000,+0.3000,0.004641,0.027397,0.087220,0.134111,0.013033,0.003017,0.000000,False,True
202,0.252174,+0.0000,+0.0000,+0.0000,+0.0000,+0.0000,-2.0000,+0.5000,+0.3000,0.003376,0.018272,0.087047,0.119803,0.012919,0.003320,0.000000,False,True
203,0.252767,+0.0000,+0.0000,+0.0000,+0.0000,+0.0000,+2.0000,-1.0000,+0.0000,0.003023,0.026312,0.086465,0.119318,0.017401,0.003150,0.003750,False,True
204,0.253017,+0.0000,+0.0000,+0.0000,+0.0000,+0.0000,+0.5000,+0.5000,+0.5000,0.002897,0.016925,0.086702,0.136110,0.013494,0.003127,0.000000,False,True
205,0.253777,+0.0000,+0.0000,+0.0000,+0.0000,+0.0000,+2.0000,+1.5000,-0.3000,0.003880,0.020888,0.086888,0.104381,0.014288,0.002972,0.020000,False,True
206,0.254045,+0.0000,+0.0000,+0.0000,+0.0000,+0.0000,-0.5000,+1.0000,+0.5000,0.002617,0.035991,0.086359,0.085131,0.016301,0.003737,0.005000,False,True
207,0.254210,+0.0000,+0.0000,+0.0000,+0.0000,+0.0000,-2.0000,-1.0000,+0.0000,0.004034,0.030282,0.087127,0.133970,0.016998,0.003037,0.001250,False,True
208,0.254256,+0.0000,+0.0000,+0.0000,+0.0000,+0.0000,+1.0000,+1.0000,+0.0000,0.004870,0.025653,0.087010,0.129437,0.014548,0.003089,0.002500,False,True
209,0.254363,+0.0000,+0.0000,+0.0000,+0.0000,+0.0000,-0.5000,+2.0000,+0.5000,0.004086,0.017358,0.087142,0.116617,0.013448,0.002791,0.021250,False,True
210,0.254695,+0.0000,+0.0000,+0.0000,+0.0000,+0.0000,+2.0000,-0.5000,+0.3000,0.003439,0.045629,0.086988,0.132776,0.015895,0.003174,0.000000,False,True
211,0.254866,+0.0000,+0.0000,+0.0000,+0.0000,+0.0000,+0.5000,+1.5000,-0.5000,0.002098,0.021022,0.086461,0.097392,0.014234,0.003034,0.026250,False,True
212,0.255028,+0.0000,+0.0000,+0.0000,+0.0000,+0.0000,-0.5000,-1.5000,-0.5000,0.001972,0.027678,0.086677,0.098061,0.013664,0.002940,0.030000,False,True
213,0.255068,+0.0000,+0.0000,+0.0000,+0.0000,+0.0000,-0.5000,+0.5000,-0.3000,0.004108,0.044485,0.086702,0.119626,0.017010,0.003328,0.000000,False,True
214,0.255845,+0.0000,+0.0000,+0.0000,+0.0000,+0.0000,-2.0000,-1.0000,-0.5000,0.003464,0.021593,0.086727,0.130863,0.015913,0.003221,0.001250,False,True
215,0.255881,+0.0000,+0.0000,+0.0000,+0.0000,+0.0000,+0.5000,-1.5000,+0.0000,0.003000,0.018641,0.086693,0.113130,0.014250,0.003328,0.008750,False,True
216,0.255974,+0.0000,+0.0000,+0.0000,+0.0000,+0.0000,+1.0000,-1.0000,+0.5000,0.003011,0.024243,0.086378,0.106119,0.017209,0.003626,0.000000,False,True
217,0.256184,+0.0000,+0.0000,+0.0000,+0.0000,+0.0000,-1.0000,+0.5000,+0.5000,0.003889,0.040034,0.086864,0.127666,0.016173,0.003295,0.000000,False,True
218,0.256620,+0.0000,+0.0000,+0.0000,+0.0000,+0.0000,+1.0000,+1.0000,-0.3000,0.004077,0.035941,0.086881,0.112192,0.015461,0.003445,0.003750,False,True
219,0.256976,+0.0000,+0.0000,+0.0000,+0.0000,+0.0000,-2.0000,-0.5000,+0.5000,0.007809,0.039403,0.088329,0.142130,0.013324,0.002993,0.000000,False,True
220,0.256995,+0.0000,+0.0000,+0.0000,+0.0000,+0.0000,+1.5000,-0.5000,+0.0000,0.003340,0.036361,0.086764,0.141324,0.016983,0.003138,0.000000,False,True
221,0.257169,+0.0000,+0.0000,+0.0000,+0.0000,+0.0000,+1.5000,+1.0000,+0.3000,0.005053,0.030486,0.087437,0.158910,0.012186,0.002805,0.003750,False,True
222,0.257230,+0.0000,+0.0000,+0.0000,+0.0000,+0.0000,-2.0000,-1.5000,-0.3000,0.003305,0.026103,0.086771,0.130660,0.012642,0.003083,0.011250,False,True
223,0.257421,+0.0000,+0.0000,+0.0000,+0.0000,+0.0000,-2.0000,-0.5000,+0.3000,0.005738,0.021417,0.087254,0.132145,0.013888,0.003255,0.000000,False,True
224,0.257546,+0.0000,+0.0000,+0.0000,+0.0000,+0.0000,+1.5000,+1.5000,+0.5000,0.004371,0.035388,0.086803,0.133341,0.014933,0.002873,0.013750,False,True
225,0.258049,+0.0000,+0.0000,+0.0000,+0.0000,+0.0000,-1.0000,+2.0000,+0.0000,0.003705,0.023273,0.086947,0.146387,0.013041,0.002708,0.016250,False,True
226,0.258064,+0.0000,+0.0000,+0.0000,+0.0000,+0.0000,+2.0000,+1.0000,+0.0000,0.006346,0.037488,0.087748,0.114793,0.015117,0.003261,0.007500,False,True
227,0.258272,+0.0000,+0.0000,+0.0000,+0.0000,+0.0000,+1.5000,-1.5000,-0.5000,0.002893,0.022718,0.086508,0.113752,0.014151,0.003296,0.013750,False,True
228,0.258404,+0.0000,+0.0000,+0.0000,+0.0000,+0.0000,-1.0000,+0.5000,-0.3000,0.004520,0.026456,0.087271,0.123211,0.012177,0.003542,0.000000,False,True
229,0.259384,+0.0000,+0.0000,+0.0000,+0.0000,+0.0000,+1.0000,-1.0000,+0.3000,0.005795,0.033372,0.087504,0.120009,0.014176,0.003450,0.002500,False,True
230,0.259748,+0.0000,+0.0000,+0.0000,+0.0000,+0.0000,-0.5000,+1.5000,-0.3000,0.004355,0.034179,0.087313,0.132446,0.013128,0.002742,0.023750,False,True
231,0.259970,+0.0000,+0.0000,+0.0000,+0.0000,+0.0000,+1.5000,+0.5000,+0.3000,0.006010,0.035242,0.087418,0.142735,0.015465,0.003170,0.000000,False,True
232,0.260348,+0.0000,+0.0000,+0.0000,+0.0000,+0.0000,+0.5000,-1.5000,-0.3000,0.004647,0.027227,0.087331,0.133775,0.013171,0.002999,0.015000,False,True
233,0.261915,+0.0000,+0.0000,+0.0000,+0.0000,+0.0000,-1.0000,+1.0000,+0.5000,0.003824,0.042141,0.087003,0.145920,0.017529,0.003090,0.006250,False,True
234,0.262259,+0.0000,+0.0000,+0.0000,+0.0000,+0.0000,+0.5000,-1.0000,+0.0000,0.005175,0.024105,0.087356,0.148514,0.014877,0.003105,0.005000,False,True
235,0.262657,+0.0000,+0.0000,+0.0000,+0.0000,+0.0000,-1.0000,-0.5000,-0.3000,0.004868,0.029146,0.087265,0.136361,0.015276,0.003462,0.000000,False,True
236,0.262708,+0.0000,+0.0000,+0.0000,+0.0000,+0.0000,+1.0000,-1.5000,-0.3000,0.002808,0.036058,0.086469,0.087005,0.017117,0.003062,0.040000,False,True
237,0.263313,+0.0000,+0.0000,+0.0000,+0.0000,+0.0000,-1.0000,+0.5000,+0.3000,0.005198,0.022957,0.087692,0.142365,0.014603,0.003405,0.000000,False,True
238,0.263337,+0.0000,+0.0000,+0.0000,+0.0000,+0.0000,-2.0000,+2.0000,+0.5000,0.004214,0.017455,0.086904,0.117059,0.015191,0.002996,0.027500,False,True
239,0.263600,+0.0000,+0.0000,+0.0000,+0.0000,+0.0000,+1.0000,-2.0000,-0.5000,0.002419,0.020945,0.086852,0.072513,0.013892,0.003049,0.052500,False,True
240,0.263610,+0.0000,+0.0000,+0.0000,+0.0000,+0.0000,-1.0000,-2.0000,-0.5000,0.003743,0.014062,0.086962,0.128118,0.013516,0.002871,0.028750,False,True
241,0.263864,+0.0000,+0.0000,+0.0000,+0.0000,+0.0000,+1.5000,+1.0000,-0.5000,0.005004,0.025478,0.087044,0.139650,0.016975,0.003274,0.005000,False,True
242,0.264142,+0.0000,+0.0000,+0.0000,+0.0000,+0.0000,+0.5000,-0.5000,-0.5000,0.008786,0.042366,0.088925,0.168685,0.013635,0.002897,0.000000,False,True
243,0.264673,+0.0000,+0.0000,+0.0000,+0.0000,+0.0000,+1.5000,+1.5000,-0.5000,0.004738,0.023430,0.087256,0.116695,0.015184,0.002817,0.035000,False,True
244,0.264778,+0.0000,+0.0000,+0.0000,+0.0000,+0.0000,-0.5000,-2.0000,+0.3000,0.001485,0.042907,0.086418,0.033521,0.014880,0.002290,0.100000,False,True
245,0.265094,+0.0000,+0.0000,+0.0000,+0.0000,+0.0000,+2.0000,+1.5000,-0.5000,0.003872,0.014896,0.087003,0.149616,0.014238,0.003048,0.013750,False,True
246,0.265119,+0.0000,+0.0000,+0.0000,+0.0000,+0.0000,+1.0000,-1.5000,+0.3000,0.005157,0.026126,0.087432,0.112744,0.013767,0.003438,0.017500,False,True
247,0.265142,+0.0000,+0.0000,+0.0000,+0.0000,+0.0000,-1.0000,-1.0000,-0.3000,0.003526,0.022970,0.086684,0.121309,0.013554,0.003885,0.001250,False,True
248,0.266936,+0.0000,+0.0000,+0.0000,+0.0000,+0.0000,-1.0000,+1.0000,+0.3000,0.003907,0.028140,0.087025,0.118139,0.014219,0.003949,0.002500,False,True
249,0.267027,+0.0000,+0.0000,+0.0000,+0.0000,+0.0000,-1.0000,-2.0000,+0.5000,0.003066,0.018543,0.086747,0.126179,0.014897,0.002283,0.055000,False,True
250,0.267494,+0.0000,+0.0000,+0.0000,+0.0000,+0.0000,+1.0000,-1.5000,+0.0000,0.005052,0.020099,0.087622,0.153414,0.014910,0.003111,0.011250,False,True
251,0.267507,+0.0000,+0.0000,+0.0000,+0.0000,+0.0000,-1.0000,-1.5000,+0.5000,0.004617,0.022292,0.087139,0.119715,0.015844,0.003390,0.018750,False,True
252,0.267581,+0.0000,+0.0000,+0.0000,+0.0000,+0.0000,-2.0000,-0.5000,-0.3000,0.007178,0.031841,0.087876,0.145973,0.015132,0.003452,0.000000,False,True
253,0.268024,+0.0000,+0.0000,+0.0000,+0.0000,+0.0000,+1.5000,-1.0000,-0.3000,0.004340,0.022306,0.087431,0.141800,0.012266,0.003751,0.000000,False,True
254,0.268106,+0.0000,+0.0000,+0.0000,+0.0000,+0.0000,+0.5000,+1.0000,+0.5000,0.004367,0.025850,0.086940,0.149242,0.016634,0.003532,0.000000,False,True
255,0.268229,+0.0000,+0.0000,+0.0000,+0.0000,+0.0000,+1.0000,+1.5000,-0.3000,0.003339,0.021993,0.086777,0.110143,0.014656,0.003026,0.040000,False,True
256,0.268369,+0.0000,+0.0000,+0.0000,+0.0000,+0.0000,+1.5000,+2.0000,-0.3000,0.001767,0.023466,0.086400,0.059485,0.014926,0.002890,0.072500,False,True
257,0.268975,+0.0000,+0.0000,+0.0000,+0.0000,+0.0000,+0.5000,+1.5000,-0.3000,0.004499,0.030211,0.087015,0.145500,0.014909,0.002994,0.022500,False,True
258,0.269148,+0.0000,+0.0000,+0.0000,+0.0000,+0.0000,-0.5000,+1.5000,+0.0000,0.004175,0.017517,0.086962,0.123196,0.013284,0.003581,0.016250,False,True
259,0.269164,+0.0000,+0.0000,+0.0000,+0.0000,+0.0000,+2.0000,+0.5000,+0.3000,0.005618,0.029311,0.087484,0.140217,0.016006,0.003674,0.000000,False,True
260,0.269980,+0.0000,+0.0000,+0.0000,+0.0000,+0.0000,+1.5000,-1.5000,+0.5000,0.003779,0.018399,0.087081,0.147249,0.012490,0.003527,0.008750,False,True
261,0.270186,+0.0000,+0.0000,+0.0000,+0.0000,+0.0000,+0.5000,-2.0000,-0.5000,0.004419,0.023792,0.087217,0.146223,0.013582,0.002330,0.047500,False,True
262,0.270910,+0.0000,+0.0000,+0.0000,+0.0000,+0.0000,-2.0000,+1.5000,+0.5000,0.003651,0.024701,0.086825,0.085018,0.016694,0.004145,0.017500,False,True
263,0.271091,+0.0000,+0.0000,+0.0000,+0.0000,+0.0000,-0.5000,-2.0000,+0.5000,0.001897,0.016756,0.085956,0.070292,0.015314,0.003447,0.052500,False,True
264,0.271151,+0.0000,+0.0000,+0.0000,+0.0000,+0.0000,+2.0000,+1.0000,-0.5000,0.004142,0.023389,0.087072,0.145594,0.013328,0.003796,0.001250,False,True
265,0.271329,+0.0000,+0.0000,+0.0000,+0.0000,+0.0000,-2.0000,+0.5000,+0.0000,0.003445,0.024802,0.086823,0.170392,0.016655,0.003422,0.000000,False,True
266,0.271668,+0.0000,+0.0000,+0.0000,+0.0000,+0.0000,+1.0000,+2.0000,-0.3000,0.003126,0.020098,0.086664,0.068618,0.013985,0.003173,0.062500,False,True
267,0.272818,+0.0000,+0.0000,+0.0000,+0.0000,+0.0000,-2.0000,-2.0000,+0.5000,0.004495,0.026285,0.086880,0.097407,0.015554,0.002804,0.058750,False,True
268,0.272922,+0.0000,+0.0000,+0.0000,+0.0000,+0.0000,+2.0000,-1.0000,-0.5000,0.004634,0.029197,0.087036,0.146225,0.015920,0.003785,0.001250,False,True
269,0.273097,+0.0000,+0.0000,+0.0000,+0.0000,+0.0000,-2.0000,-1.5000,-0.5000,0.003438,0.030019,0.086841,0.137899,0.015721,0.003046,0.032500,False,True
270,0.274096,+0.0000,+0.0000,+0.0000,+0.0000,+0.0000,-2.0000,+2.0000,+0.0000,0.003955,0.027083,0.086836,0.046328,0.014251,0.002793,0.088750,False,True
271,0.274196,+0.0000,+0.0000,+0.0000,+0.0000,+0.0000,+1.5000,-1.0000,+0.3000,0.004297,0.028987,0.087035,0.136145,0.015469,0.004029,0.001250,False,True
272,0.274352,+0.0000,+0.0000,+0.0000,+0.0000,+0.0000,+2.0000,+2.0000,+0.3000,0.003418,0.022666,0.086855,0.136347,0.013931,0.002878,0.042500,False,True
273,0.274932,+0.0000,+0.0000,+0.0000,+0.0000,+0.0000,+0.5000,-2.0000,-0.3000,0.004376,0.034613,0.086068,0.045851,0.012282,0.003320,0.073750,False,True
274,0.275037,+0.0000,+0.0000,+0.0000,+0.0000,+0.0000,-1.0000,-1.5000,+0.0000,0.003749,0.025524,0.087049,0.138934,0.013075,0.003329,0.027500,False,True
275,0.275820,+0.0000,+0.0000,+0.0000,+0.0000,+0.0000,+1.0000,+2.0000,+0.3000,0.002987,0.027052,0.086661,0.095337,0.014704,0.003269,0.052500,False,True
276,0.277091,+0.0000,+0.0000,+0.0000,+0.0000,+0.0000,+2.0000,-2.0000,-0.3000,0.003470,0.017535,0.086741,0.102811,0.015791,0.003094,0.055000,False,True
277,0.277128,+0.0000,+0.0000,+0.0000,+0.0000,+0.0000,+1.5000,-2.0000,-0.5000,0.003333,0.017864,0.086909,0.123044,0.013825,0.003298,0.040000,False,True
278,0.277224,+0.0000,+0.0000,+0.0000,+0.0000,+0.0000,+1.0000,+2.0000,+0.5000,0.004492,0.021299,0.087265,0.118131,0.013115,0.003449,0.036250,False,True
279,0.278416,+0.0000,+0.0000,+0.0000,+0.0000,+0.0000,+0.5000,+2.0000,+0.0000,0.002871,0.020743,0.086752,0.117382,0.012940,0.003418,0.042500,False,True
280,0.278931,+0.0000,+0.0000,+0.0000,+0.0000,+0.0000,-2.0000,-1.5000,+0.0000,0.005105,0.026696,0.087540,0.147432,0.013433,0.003169,0.032500,False,True
281,0.279090,+0.0000,+0.0000,+0.0000,+0.0000,+0.0000,-1.0000,-2.0000,-0.3000,0.003623,0.032707,0.086976,0.125635,0.013945,0.003078,0.048750,False,True
282,0.280097,+0.0000,+0.0000,+0.0000,+0.0000,+0.0000,-2.0000,+1.0000,-0.5000,0.005375,0.022324,0.087259,0.152912,0.013362,0.003808,0.010000,False,True
283,0.280469,+0.0000,+0.0000,+0.0000,+0.0000,+0.0000,-2.0000,-1.5000,+0.5000,0.004859,0.022330,0.087503,0.147515,0.017054,0.003354,0.026250,False,True
284,0.282415,+0.0000,+0.0000,+0.0000,+0.0000,+0.0000,+1.0000,-1.5000,+0.5000,0.004392,0.036308,0.087003,0.094898,0.014608,0.003650,0.048750,False,True
285,0.284163,+0.0000,+0.0000,+0.0000,+0.0000,+0.0000,+1.5000,+1.5000,+0.3000,0.005179,0.032445,0.087269,0.129115,0.018093,0.003248,0.043750,False,True
286,0.284715,+0.0000,+0.0000,+0.0000,+0.0000,+0.0000,-0.5000,-1.5000,-0.3000,0.005193,0.034604,0.087135,0.118221,0.015343,0.003394,0.047500,False,True
287,0.285117,+0.0000,+0.0000,+0.0000,+0.0000,+0.0000,+2.0000,-1.5000,-0.5000,0.007472,0.038720,0.087926,0.128077,0.015363,0.003040,0.051250,False,True
288,0.285191,+0.0000,+0.0000,+0.0000,+0.0000,+0.0000,+1.5000,+3.0000,+0.3000,0.004359,0.017346,0.087155,0.105762,0.014480,0.002806,0.076250,False,True
289,0.285194,+0.0000,+0.0000,+0.0000,+0.0000,+0.0000,+2.0000,-2.0000,+0.3000,0.002888,0.025069,0.086306,0.099111,0.014251,0.002947,0.077500,False,True
290,0.285826,+0.0000,+0.0000,+0.0000,+0.0000,+0.0000,-1.0000,-3.0000,-0.5000,0.003817,0.018405,0.087012,0.150814,0.011991,0.002776,0.058750,False,True
291,0.286247,+0.0000,+0.0000,+0.0000,+0.0000,+0.0000,+1.5000,-2.0000,+0.0000,0.002708,0.023373,0.086395,0.105323,0.014612,0.003244,0.066250,False,True
292,0.287273,+0.0000,+0.0000,+0.0000,+0.0000,+0.0000,-2.0000,-2.0000,-0.5000,0.003384,0.020097,0.086560,0.102356,0.015125,0.002918,0.078750,False,True
293,0.288419,+0.0000,+0.0000,+0.0000,+0.0000,+0.0000,+0.5000,+3.0000,+0.0000,0.003547,0.030062,0.087018,0.115559,0.012963,0.002224,0.098750,False,True
294,0.288476,+0.0000,+0.0000,+0.0000,+0.0000,+0.0000,+1.5000,+3.0000,+0.5000,0.003357,0.022314,0.086973,0.116956,0.013152,0.003035,0.071250,False,True
295,0.288560,+0.0000,+0.0000,+0.0000,+0.0000,+0.0000,-1.0000,+1.5000,+0.3000,0.005687,0.029592,0.087749,0.164250,0.016042,0.003491,0.026250,False,True
296,0.289833,+0.0000,+0.0000,+0.0000,+0.0000,+0.0000,-1.0000,+2.0000,-0.3000,0.004366,0.020781,0.087230,0.156597,0.012384,0.003002,0.053750,False,True
297,0.290258,+0.0000,+0.0000,+0.0000,+0.0000,+0.0000,+1.5000,+2.0000,+0.0000,0.004686,0.019501,0.087326,0.134581,0.015024,0.002709,0.072500,False,True
298,0.290638,+0.0000,+0.0000,+0.0000,+0.0000,+0.0000,-0.5000,-2.0000,-0.3000,0.004031,0.024822,0.087034,0.139470,0.013543,0.003062,0.061250,False,True
299,0.292049,+0.0000,+0.0000,+0.0000,+0.0000,+0.0000,+0.5000,+2.0000,+0.3000,0.004180,0.024726,0.087056,0.113279,0.015191,0.003177,0.071250,False,True
300,0.292192,+0.0000,+0.0000,+0.0000,+0.0000,+0.0000,+1.5000,-2.0000,+0.3000,0.004404,0.025156,0.087255,0.119283,0.013134,0.002947,0.077500,False,True
301,0.295464,+0.0000,+0.0000,+0.0000,+0.0000,+0.0000,+1.5000,-2.0000,+0.5000,0.006040,0.020340,0.087548,0.124363,0.014182,0.002889,0.078750,False,True
302,0.295652,+0.0000,+0.0000,+0.0000,+0.0000,+0.0000,-0.5000,-3.0000,-0.5000,0.003499,0.017056,0.086817,0.120895,0.013572,0.003242,0.073750,False,True
303,0.295671,+0.0000,+0.0000,+0.0000,+0.0000,+0.0000,+1.0000,-2.0000,+0.5000,0.004104,0.021707,0.086870,0.100440,0.016335,0.003638,0.067500,False,True
304,0.301152,+0.0000,+0.0000,+0.0000,+0.0000,+0.0000,-1.0000,-2.0000,+0.0000,0.006378,0.026539,0.087675,0.125855,0.014590,0.002486,0.100000,False,True
305,0.302783,+0.0000,+0.0000,+0.0000,+0.0000,+0.0000,+0.5000,+3.0000,+0.3000,0.002803,0.017716,0.086749,0.052376,0.015065,0.002862,0.132500,False,True
306,0.305188,+0.0000,+0.0000,+0.0000,+0.0000,+0.0000,+2.0000,+2.0000,+0.0000,0.005789,0.035369,0.087585,0.141431,0.014154,0.002607,0.096250,False,True
307,0.311681,+0.0000,+0.0000,+0.0000,+0.0000,+0.0000,+1.5000,-2.0000,-0.3000,0.004607,0.025465,0.086974,0.132917,0.016763,0.003541,0.080000,False,True
308,0.312337,+0.0000,+0.0000,+0.0000,+0.0000,+0.0000,+1.0000,+1.5000,+0.5000,0.006504,0.032724,0.087945,0.157991,0.016340,0.003601,0.063750,False,True
309,0.313323,+0.0000,+0.0000,+0.0000,+0.0000,+0.0000,-2.0000,-2.0000,-0.3000,0.005024,0.034139,0.087176,0.147473,0.016214,0.003435,0.078750,False,True
310,0.314244,+0.0000,+0.0000,+0.0000,+0.0000,+0.0000,-0.5000,-3.0000,+0.3000,0.004021,0.021191,0.087149,0.126133,0.012721,0.003001,0.110000,False,True
311,0.316433,+0.0000,+0.0000,+0.0000,+0.0000,+0.0000,+2.0000,-2.0000,+0.0000,0.006037,0.025230,0.087859,0.140817,0.013832,0.003587,0.082500,False,True
312,0.318943,+0.0000,+0.0000,+0.0000,+0.0000,+0.0000,-2.0000,-2.0000,+0.3000,0.006349,0.032659,0.087592,0.123020,0.015699,0.002717,0.122500,False,True
313,0.319536,+0.0000,+0.0000,+0.0000,+0.0000,+0.0000,-2.0000,+2.0000,-0.5000,0.004760,0.016925,0.087222,0.125993,0.014714,0.003669,0.093750,False,True
314,0.319795,+0.0000,+0.0000,+0.0000,+0.0000,+0.0000,-0.5000,+2.0000,-0.3000,0.006801,0.044082,0.088097,0.142272,0.015309,0.003095,0.101250,False,True
315,0.321471,+0.0000,+0.0000,+0.0000,+0.0000,+0.0000,+2.0000,+3.0000,-0.3000,0.003130,0.015083,0.086648,0.099009,0.013818,0.003186,0.130000,False,True
316,0.322398,+0.0000,+0.0000,+0.0000,+0.0000,+0.0000,+2.0000,-2.0000,-0.5000,0.005643,0.029693,0.087683,0.171126,0.014457,0.003397,0.083750,False,True
317,0.324216,+0.0000,+0.0000,+0.0000,+0.0000,+0.0000,+1.0000,+3.0000,-0.5000,0.005515,0.029211,0.087413,0.129568,0.014504,0.002766,0.128750,False,True
318,0.324363,+0.0000,+0.0000,+0.0000,+0.0000,+0.0000,+2.0000,-2.0000,+0.5000,0.004679,0.025232,0.087089,0.141591,0.015407,0.003325,0.105000,False,True
319,0.326612,+0.0000,+0.0000,+0.0000,+0.0000,+0.0000,-2.0000,+3.0000,-0.5000,0.003328,0.015373,0.086903,0.133871,0.011894,0.003184,0.122500,False,True
320,0.326690,+0.0000,+0.0000,+0.0000,+0.0000,+0.0000,+1.0000,-3.0000,+0.5000,0.004214,0.019007,0.087151,0.128052,0.014557,0.002714,0.137500,False,True
321,0.332091,+0.0000,+0.0000,+0.0000,+0.0000,+0.0000,+1.0000,-2.0000,+0.3000,0.004626,0.019268,0.087233,0.161987,0.014583,0.003804,0.092500,False,True
322,0.333765,+0.0000,+0.0000,+0.0000,+0.0000,+0.0000,+1.5000,-3.0000,-0.5000,0.005310,0.027148,0.087692,0.155516,0.013578,0.002738,0.133750,False,True
323,0.336095,+0.0000,+0.0000,+0.0000,+0.0000,+0.0000,+1.5000,-3.0000,+0.5000,0.001528,0.029716,0.086259,0.056901,0.016802,0.003017,0.181250,False,True
324,0.337081,+0.0000,+0.0000,+0.0000,+0.0000,+0.0000,+1.0000,+3.0000,+0.0000,0.005125,0.037976,0.087493,0.121528,0.013805,0.002967,0.148750,False,True
325,0.337284,+0.0000,+0.0000,+0.0000,+0.0000,+0.0000,+0.5000,+3.0000,-0.5000,0.002575,0.024433,0.086174,0.083392,0.014878,0.003050,0.168750,False,True
326,0.338728,+0.0000,+0.0000,+0.0000,+0.0000,+0.0000,+1.0000,-3.0000,+0.0000,0.003804,0.022258,0.086985,0.127780,0.014048,0.003053,0.147500,False,True
327,0.340571,+0.0000,+0.0000,+0.0000,+0.0000,+0.0000,-2.0000,-3.0000,+0.3000,0.001424,0.031950,0.086560,0.054322,0.014100,0.003728,0.168750,False,True
328,0.340793,+0.0000,+0.0000,+0.0000,+0.0000,+0.0000,+2.0000,-3.0000,-0.3000,0.005946,0.043544,0.087767,0.138339,0.013569,0.002641,0.156250,False,True
329,0.342215,+0.0000,+0.0000,+0.0000,+0.0000,+0.0000,+2.0000,-3.0000,-0.5000,0.003832,0.019131,0.087015,0.120996,0.015860,0.003020,0.156250,False,True
330,0.343585,+0.0000,+0.0000,+0.0000,+0.0000,+0.0000,-2.0000,-3.0000,-0.3000,0.003742,0.025267,0.086859,0.088861,0.016219,0.002666,0.186250,False,True
331,0.346576,+0.0000,+0.0000,+0.0000,+0.0000,+0.0000,+1.5000,-3.0000,-0.3000,0.003839,0.032485,0.086730,0.130159,0.015395,0.003225,0.152500,False,True
332,0.353402,+0.0000,+0.0000,+0.0000,+0.0000,+0.0000,-2.0000,-3.0000,+0.5000,0.003492,0.024017,0.086741,0.096477,0.013559,0.003084,0.187500,False,True
333,0.354514,+0.0000,+0.0000,+0.0000,+0.0000,+0.0000,-2.0000,-3.0000,+0.0000,0.003878,0.019559,0.086953,0.132378,0.014281,0.003127,0.168750,False,True
334,0.358265,+0.0000,+0.0000,+0.0000,+0.0000,+0.0000,-1.0000,-3.0000,+0.5000,0.003883,0.021037,0.087047,0.130061,0.014159,0.003164,0.175000,False,True
335,0.359540,+0.0000,+0.0000,+0.0000,+0.0000,+0.0000,+2.0000,-3.0000,+0.5000,0.004031,0.035221,0.087252,0.136974,0.012034,0.003207,0.173750,False,True
336,0.361391,+0.0000,+0.0000,+0.0000,+0.0000,+0.0000,+0.5000,-2.0000,+0.5000,0.004751,0.027827,0.087337,0.152624,0.015687,0.004438,0.123750,False,True
337,0.361432,+0.0000,+0.0000,+0.0000,+0.0000,+0.0000,+1.0000,+3.0000,+0.5000,0.007525,0.044218,0.088171,0.144268,0.013981,0.003044,0.171250,False,True
338,0.361751,+0.0000,+0.0000,+0.0000,+0.0000,+0.0000,-2.0000,-3.0000,-0.5000,0.004082,0.022237,0.087019,0.137952,0.014849,0.003155,0.176250,False,True
339,0.361906,+0.0000,+0.0000,+0.0000,+0.0000,+0.0000,+1.5000,+3.0000,-0.3000,0.004330,0.024211,0.087083,0.104428,0.015298,0.003942,0.166250,False,True
340,0.365366,+0.0000,+0.0000,+0.0000,+0.0000,+0.0000,+1.0000,-3.0000,-0.5000,0.003054,0.028001,0.086814,0.110095,0.014596,0.003137,0.198750,False,True
341,0.366115,+0.0000,+0.0000,+0.0000,+0.0000,+0.0000,+2.0000,+3.0000,-0.5000,0.002936,0.029935,0.086647,0.104458,0.014559,0.003641,0.186250,False,True
342,0.366510,+0.0000,+0.0000,+0.0000,+0.0000,+0.0000,+2.0000,-3.0000,+0.3000,0.005354,0.020140,0.087211,0.127699,0.013783,0.003135,0.188750,False,True
343,0.375490,+0.0000,+0.0000,+0.0000,+0.0000,+0.0000,+0.5000,-3.0000,-0.3000,0.003324,0.021519,0.086727,0.095003,0.014533,0.003445,0.212500,False,True
344,0.380264,+0.0000,+0.0000,+0.0000,+0.0000,+0.0000,+1.5000,-3.0000,+0.0000,0.004451,0.028512,0.087233,0.133012,0.014968,0.003534,0.196250,False,True
345,0.382188,+0.0000,+0.0000,+0.0000,+0.0000,+0.0000,-1.0000,-3.0000,-0.3000,0.006135,0.027734,0.087415,0.125596,0.014569,0.002917,0.221250,False,True
346,0.387885,+0.0000,+0.0000,+0.0000,+0.0000,+0.0000,+0.5000,-3.0000,+0.3000,0.005399,0.020591,0.087640,0.137026,0.016151,0.002615,0.235000,False,True
347,0.404137,+0.0000,+0.0000,+0.0000,+0.0000,+0.0000,+1.0000,-3.0000,+0.3000,0.004073,0.029072,0.086909,0.109590,0.014816,0.003489,0.250000,False,False
348,0.412041,+0.0000,+0.0000,+0.0000,+0.0000,+0.0000,+0.5000,-3.0000,-0.5000,0.005051,0.025725,0.087243,0.133879,0.015941,0.003293,0.255000,False,False
349,0.415689,+0.0000,+0.0000,+0.0000,+0.0000,+0.0000,-0.5000,+3.0000,-0.3000,0.005301,0.024824,0.087197,0.124443,0.015969,0.003153,0.270000,False,False
350,0.423396,+0.0000,+0.0000,+0.0000,+0.0000,+0.0000,+1.5000,-3.0000,+0.3000,0.005144,0.042561,0.087655,0.165575,0.014993,0.003367,0.256250,False,False
351,0.427205,+0.0000,+0.0000,+0.0000,+0.0000,+0.0600,-2.0000,-0.5000,+0.0000,0.004928,0.250864,0.085876,0.011900,0.012899,0.002565,0.016250,False,False
352,0.430038,+0.0000,+0.0000,+0.0000,+0.0000,+0.0600,-1.0000,+0.5000,+0.5000,0.004560,0.251036,0.085945,0.009895,0.012094,0.002801,0.015000,False,False
353,0.434215,+0.0000,+0.0000,+0.0000,+0.0000,+0.0600,+2.0000,-0.5000,-0.3000,0.001876,0.252051,0.086404,0.034674,0.014562,0.002677,0.013750,False,False
354,0.435501,+0.0000,+0.0000,+0.0000,+0.0000,+0.0600,+1.5000,+0.5000,-0.3000,0.003202,0.248248,0.086388,0.061088,0.014075,0.002594,0.012500,False,False
355,0.437602,+0.0000,+0.0000,+0.0000,+0.0000,+0.0600,-1.0000,+1.0000,+0.5000,0.002174,0.250641,0.085956,0.012951,0.014879,0.002798,0.028750,False,False
356,0.438037,+0.0000,+0.0000,+0.0000,+0.0000,+0.0600,+0.5000,-0.5000,-0.3000,0.001719,0.249995,0.086272,0.028753,0.014002,0.002935,0.020000,False,False
357,0.439563,+0.0000,+0.0000,+0.0000,+0.0000,+0.0600,-1.0000,-0.5000,+0.5000,0.003291,0.251484,0.085930,0.046188,0.014880,0.002507,0.021250,False,False
358,0.441139,+0.0000,+0.0000,+0.0000,+0.0000,+0.0600,-2.0000,-1.0000,+0.0000,0.002951,0.250911,0.085081,0.037892,0.015302,0.002532,0.028750,False,False
359,0.442107,+0.0000,+0.0000,+0.0000,+0.0000,+0.0600,-2.0000,-0.5000,-0.5000,0.003001,0.251122,0.087257,0.096319,0.013732,0.002139,0.015000,False,False
360,0.442494,+0.0000,+0.0000,+0.0000,+0.0000,+0.0600,+0.5000,+0.5000,+0.5000,0.003307,0.246933,0.085610,0.024936,0.016397,0.003515,0.012500,False,False
361,0.443450,+0.0000,+0.0000,+0.0000,+0.0000,+0.0600,+2.0000,+0.5000,+0.3000,0.003406,0.251863,0.085986,0.010739,0.013813,0.003378,0.016250,False,False
362,0.443600,+0.0000,+0.0000,+0.0000,+0.0000,+0.0600,+2.0000,+0.5000,+0.0000,0.000350,0.251263,0.086258,0.016421,0.015314,0.003607,0.011250,False,False
363,0.444920,+0.0000,+0.0000,+0.0000,+0.0000,+0.0600,+0.5000,+1.0000,-0.5000,0.001033,0.249834,0.086420,0.034706,0.015818,0.002890,0.030000,False,False
364,0.446754,+0.0000,+0.0000,+0.0000,+0.0000,+0.0600,+2.0000,+0.5000,-0.5000,0.002114,0.250431,0.087107,0.170661,0.009352,0.001496,0.013750,False,False
365,0.447254,+0.0000,+0.0000,+0.0000,+0.0000,+0.0600,+1.5000,+1.0000,+0.0000,0.002283,0.249421,0.085590,0.018508,0.015256,0.003193,0.031250,False,False
366,0.447577,+0.0000,+0.0000,+0.0000,+0.0000,+0.0600,+1.0000,-1.5000,+0.0000,0.003674,0.247592,0.085954,0.030569,0.014020,0.002367,0.056250,False,False
367,0.449019,+0.0000,+0.0000,+0.0000,+0.0000,+0.0600,+0.5000,-1.0000,+0.5000,0.000546,0.250173,0.086662,0.020525,0.013550,0.003027,0.041250,False,False
368,0.449436,+0.0000,+0.0000,+0.0000,+0.0000,+0.0600,+0.5000,-0.5000,-0.5000,0.002597,0.260629,0.086181,0.031134,0.014497,0.002706,0.018750,False,False
369,0.449957,+0.0000,+0.0000,+0.0000,+0.0000,+0.0600,-0.5000,-1.0000,+0.0000,0.002046,0.251133,0.086358,0.027155,0.014809,0.003101,0.031250,False,False
370,0.450267,+0.0000,+0.0000,+0.0000,+0.0000,+0.0600,+1.5000,-0.5000,+0.3000,0.002974,0.247806,0.086319,0.086219,0.018351,0.002816,0.015000,False,False
371,0.451369,+0.0000,+0.0000,+0.0000,+0.0000,+0.0600,+0.5000,-1.0000,-0.5000,0.001210,0.250256,0.086728,0.045289,0.012526,0.002648,0.045000,False,False
372,0.451664,+0.0000,+0.0000,+0.0000,+0.0000,+0.0600,+2.0000,+1.0000,+0.3000,0.002377,0.251168,0.086906,0.121931,0.009373,0.001807,0.033750,False,False
373,0.454172,+0.0000,+0.0000,+0.0000,+0.0000,+0.0600,+1.0000,-0.5000,+0.5000,0.001141,0.249920,0.086364,0.040922,0.014788,0.003499,0.022500,False,False
374,0.454204,+0.0000,+0.0000,+0.0000,+0.0000,+0.0600,+0.5000,+1.0000,+0.5000,0.003131,0.250436,0.085644,0.032502,0.015546,0.003097,0.035000,False,False
375,0.455583,+0.0000,+0.0000,+0.0000,+0.0000,+0.0600,-1.0000,+0.5000,+0.3000,0.003395,0.250798,0.086368,0.080941,0.012768,0.003033,0.016250,False,False
376,0.456273,+0.0000,+0.0000,+0.0000,+0.0000,+0.0600,-2.0000,-0.5000,-0.3000,0.003868,0.250458,0.086561,0.101725,0.017036,0.002686,0.015000,False,False
377,0.458607,+0.0000,+0.0000,+0.0000,+0.0000,+0.0600,-0.5000,-0.5000,+0.0000,0.003490,0.251137,0.086740,0.108609,0.017480,0.002548,0.018750,False,False
378,0.458630,+0.0000,+0.0000,+0.0000,+0.0000,+0.0600,+0.5000,-0.5000,+0.5000,0.004328,0.261659,0.085972,0.030729,0.012555,0.003024,0.020000,False,False
379,0.458862,+0.0000,+0.0000,+0.0000,+0.0000,+0.0600,-0.5000,+1.0000,-0.3000,0.003031,0.250949,0.086301,0.071496,0.014478,0.002928,0.028750,False,False
380,0.459127,+0.0000,+0.0000,+0.0000,+0.0000,+0.0600,+1.0000,+0.5000,+0.5000,0.004408,0.251369,0.086864,0.110135,0.015236,0.002807,0.010000,False,False
381,0.460521,+0.0000,+0.0000,+0.0000,+0.0000,+0.0600,-0.5000,-0.5000,-0.5000,0.002649,0.250379,0.086050,0.079676,0.019752,0.003303,0.012500,False,False
382,0.460790,+0.0000,+0.0000,+0.0000,+0.0000,+0.0600,+1.5000,+0.5000,+0.0000,0.003120,0.249752,0.086334,0.097329,0.017593,0.003126,0.012500,False,False
383,0.461076,+0.0000,+0.0000,+0.0000,+0.0000,+0.0600,+1.5000,-0.5000,+0.5000,0.003158,0.251683,0.086526,0.108964,0.016371,0.002747,0.016250,False,False
384,0.461956,+0.0000,+0.0000,+0.0000,+0.0000,+0.0600,+1.0000,+0.5000,-0.5000,0.004394,0.249554,0.086916,0.099208,0.016244,0.003028,0.016250,False,False
385,0.462202,+0.0000,+0.0000,+0.0000,+0.0000,+0.0600,+1.0000,+1.0000,+0.5000,0.001448,0.262928,0.086218,0.024686,0.015715,0.002482,0.046250,False,False
386,0.463727,+0.0000,+0.0000,+0.0000,+0.0000,+0.0600,-2.0000,-1.0000,-0.5000,0.002846,0.250430,0.086129,0.018983,0.014146,0.003338,0.051250,False,False
387,0.463728,+0.0000,+0.0000,+0.0000,+0.0000,+0.0600,+2.0000,-1.0000,-0.3000,0.002000,0.249590,0.086932,0.121556,0.009982,0.002192,0.045000,False,False
388,0.464407,+0.0000,+0.0000,+0.0000,+0.0000,+0.0600,-2.0000,-1.5000,+0.0000,0.002594,0.250945,0.085948,0.013379,0.014505,0.003536,0.047500,False,False
389,0.464557,+0.0000,+0.0000,+0.0000,+0.0000,+0.0600,+1.0000,-1.5000,+0.3000,0.001258,0.249977,0.086914,0.089022,0.010245,0.001863,0.073750,False,False
390,0.464973,+0.0000,+0.0000,+0.0000,+0.0000,+0.0600,-0.5000,-1.0000,-0.3000,0.003630,0.251566,0.087326,0.067560,0.011795,0.003099,0.035000,False,False
391,0.465759,+0.0000,+0.0000,+0.0000,+0.0000,+0.0600,+1.0000,-0.5000,+0.0000,0.002349,0.249923,0.086058,0.082427,0.012963,0.003590,0.017500,False,False
392,0.466672,+0.0000,+0.0000,+0.0000,+0.0000,+0.0600,+1.5000,-0.5000,-0.5000,0.003855,0.250454,0.086683,0.099527,0.017003,0.003241,0.015000,False,False
393,0.466979,+0.0000,+0.0000,+0.0000,+0.0000,+0.0600,+0.5000,+0.5000,-0.3000,0.002935,0.251595,0.087779,0.151500,0.009166,0.002676,0.013750,False,False
394,0.467357,+0.0000,+0.0000,+0.0000,+0.0000,+0.0600,+2.0000,+0.5000,-0.3000,0.001714,0.260996,0.086913,0.155672,0.009211,0.002035,0.013750,False,False
395,0.467737,+0.0000,+0.0000,+0.0000,+0.0000,+0.0600,-0.5000,+0.5000,-0.5000,0.003807,0.251523,0.086852,0.111535,0.016138,0.002913,0.020000,False,False
396,0.468400,+0.0000,+0.0000,+0.0000,+0.0000,+0.0600,+0.5000,-1.0000,+0.3000,0.002920,0.250261,0.086624,0.075173,0.016292,0.002683,0.051250,False,False
397,0.468400,+0.0000,+0.0000,+0.0000,+0.0000,+0.0600,+0.5000,+0.5000,+0.3000,0.001981,0.258118,0.086463,0.120718,0.010300,0.002697,0.016250,False,False
398,0.468726,+0.0000,+0.0000,+0.0000,+0.0000,+0.0600,-1.0000,+1.5000,-0.3000,0.004543,0.250820,0.085771,0.009643,0.015195,0.003102,0.067500,False,False
399,0.470064,+0.0000,+0.0000,+0.0000,+0.0000,+0.0600,+0.5000,+1.5000,+0.3000,0.000424,0.250893,0.086313,0.009239,0.015571,0.002579,0.093750,False,False
400,0.470091,+0.0000,+0.0000,+0.0000,+0.0000,+0.0600,+0.5000,+1.0000,-0.3000,0.002927,0.251727,0.086142,0.083196,0.016449,0.003103,0.032500,False,False
401,0.470488,+0.0000,+0.0000,+0.0000,+0.0000,+0.0600,-0.5000,+1.5000,+0.5000,0.001547,0.251265,0.086295,0.016739,0.014370,0.002923,0.077500,False,False
402,0.471508,+0.0000,+0.0000,+0.0000,+0.0000,+0.0600,+1.5000,+1.0000,-0.3000,0.003315,0.258801,0.085982,0.037193,0.014887,0.003426,0.031250,False,False
403,0.471578,+0.0000,+0.0000,+0.0000,+0.0000,+0.0600,+1.0000,-0.5000,-0.5000,0.003759,0.249818,0.086739,0.114818,0.016615,0.003354,0.013750,False,False
404,0.471712,+0.0000,+0.0000,+0.0000,+0.0000,+0.0600,-0.5000,-0.5000,+0.3000,0.003531,0.251051,0.086417,0.102118,0.017288,0.003197,0.022500,False,False
405,0.471818,+0.0000,+0.0000,+0.0000,+0.0000,+0.0600,+0.5000,+1.5000,+0.0000,0.001355,0.250827,0.086382,0.035718,0.015410,0.002757,0.076250,False,False
406,0.471840,+0.0000,+0.0000,+0.0000,+0.0000,+0.0600,+1.5000,+1.0000,+0.5000,0.001729,0.249904,0.086135,0.080116,0.013802,0.003453,0.033750,False,False
407,0.471989,+0.0000,+0.0000,+0.0000,+0.0000,+0.0600,-2.0000,+0.5000,-0.5000,0.004865,0.248003,0.087222,0.121435,0.016113,0.003247,0.017500,False,False
408,0.472260,+0.0000,+0.0000,+0.0000,+0.0000,+0.0600,+0.5000,-1.5000,-0.3000,0.002190,0.250838,0.087054,0.093024,0.009915,0.002127,0.072500,False,False
409,0.472442,+0.0000,+0.0000,+0.0000,+0.0000,+0.0600,-2.0000,-0.5000,+0.3000,0.003858,0.251020,0.086414,0.112100,0.016243,0.003283,0.016250,False,False
410,0.472809,+0.0000,+0.0000,+0.0000,+0.0000,+0.0600,+2.0000,-1.0000,-0.5000,0.002796,0.252457,0.086515,0.095756,0.017162,0.002951,0.033750,False,False
411,0.473040,+0.0000,+0.0000,+0.0000,+0.0000,+0.0600,-0.5000,+1.0000,+0.0000,0.004183,0.251116,0.086884,0.098210,0.015231,0.003111,0.030000,False,False
412,0.474115,+0.0000,+0.0000,+0.0000,+0.0000,+0.0600,-2.0000,+1.0000,+0.3000,0.000604,0.273343,0.086533,0.022921,0.013791,0.002540,0.043750,False,False
413,0.474739,+0.0000,+0.0000,+0.0000,+0.0000,+0.0600,+1.5000,-1.0000,-0.3000,0.005162,0.250011,0.086628,0.069762,0.011942,0.003321,0.043750,False,False
414,0.474991,+0.0000,+0.0000,+0.0000,+0.0000,+0.0600,-0.5000,+1.0000,+0.3000,0.004795,0.250697,0.087181,0.129283,0.014159,0.002543,0.037500,False,False
415,0.475305,+0.0000,+0.0000,+0.0000,+0.0000,+0.0600,+1.5000,+1.0000,-0.5000,0.003862,0.246745,0.086507,0.103831,0.018250,0.003349,0.031250,False,False
416,0.475558,+0.0000,+0.0000,+0.0000,+0.0000,+0.0600,+2.0000,+2.0000,-0.5000,0.001137,0.251254,0.086723,0.039650,0.013327,0.002693,0.083750,False,False
417,0.475561,+0.0000,+0.0000,+0.0000,+0.0000,+0.0600,+0.5000,+2.0000,+0.3000,0.002799,0.250813,0.085821,0.015292,0.015990,0.002452,0.100000,False,False
418,0.475620,+0.0000,+0.0000,+0.0000,+0.0000,+0.0600,+1.0000,+1.0000,-0.3000,0.003546,0.251444,0.086571,0.122181,0.014636,0.002829,0.032500,False,False
419,0.475730,+0.0000,+0.0000,+0.0000,+0.0000,+0.0600,+0.5000,+1.0000,+0.3000,0.000502,0.251335,0.085675,0.018146,0.015378,0.004649,0.028750,False,False
420,0.476104,+0.0000,+0.0000,+0.0000,+0.0000,+0.0600,+1.5000,+0.5000,+0.3000,0.001898,0.251041,0.086348,0.060963,0.015716,0.004418,0.013750,False,False
421,0.476155,+0.0000,+0.0000,+0.0000,+0.0000,+0.0600,+1.0000,-1.0000,-0.5000,0.004414,0.247846,0.086868,0.119019,0.017302,0.003082,0.031250,False,False
422,0.476587,+0.0000,+0.0000,+0.0000,+0.0000,+0.0600,+1.5000,-1.5000,+0.5000,0.004902,0.251830,0.085897,0.009718,0.012027,0.003297,0.073750,False,False
423,0.477532,+0.0000,+0.0000,+0.0000,+0.0000,+0.0600,-0.5000,+2.0000,-0.3000,0.001565,0.250624,0.086415,0.113046,0.011114,0.002069,0.073750,False,False
424,0.478364,+0.0000,+0.0000,+0.0000,+0.0000,+0.0600,+1.0000,+0.5000,-0.3000,0.004481,0.251360,0.087148,0.141431,0.014614,0.003087,0.017500,False,False
425,0.478972,+0.0000,+0.0000,+0.0000,+0.0000,+0.0600,+1.0000,+0.5000,+0.0000,0.003686,0.251626,0.086470,0.086201,0.016954,0.004059,0.012500,False,False
426,0.479051,+0.0000,+0.0000,+0.0000,+0.0000,+0.0600,+1.5000,+0.5000,+0.5000,0.002096,0.272094,0.086091,0.075255,0.017060,0.002871,0.012500,False,False
427,0.479327,+0.0000,+0.0000,+0.0000,+0.0000,+0.0600,+1.5000,+0.5000,-0.5000,0.003901,0.255379,0.086796,0.122515,0.017665,0.003128,0.016250,False,False
428,0.479677,+0.0000,+0.0000,+0.0000,+0.0000,+0.0600,+1.5000,-1.0000,+0.3000,0.003058,0.246915,0.087297,0.185120,0.009739,0.002102,0.047500,False,False
429,0.479941,+0.0000,+0.0000,+0.0000,+0.0000,+0.0600,-1.0000,-1.0000,+0.5000,0.001236,0.264937,0.086528,0.021049,0.014937,0.003276,0.047500,False,False
430,0.480381,+0.0000,+0.0000,+0.0000,+0.0000,+0.0600,+1.5000,-1.5000,-0.5000,0.001487,0.251327,0.085650,0.019262,0.016435,0.002877,0.092500,False,False
431,0.480825,+0.0000,+0.0000,+0.0000,+0.0000,+0.0600,+1.0000,+1.0000,-0.5000,0.003494,0.251426,0.086657,0.102761,0.016222,0.003307,0.033750,False,False
432,0.481676,+0.0000,+0.0000,+0.0000,+0.0000,+0.0600,+1.0000,-1.5000,-0.3000,0.003193,0.248191,0.085756,0.025679,0.013795,0.004396,0.047500,False,False
433,0.482176,+0.0000,+0.0000,+0.0000,+0.0000,+0.0600,+1.0000,+1.0000,+0.3000,0.005097,0.251486,0.087245,0.121195,0.017129,0.002766,0.041250,False,False
434,0.482185,+0.0000,+0.0000,+0.0000,+0.0000,+0.0600,+2.0000,-1.0000,+0.3000,0.000423,0.249830,0.084803,0.008364,0.014567,0.003448,0.088750,False,False
435,0.482409,+0.0000,+0.0000,+0.0000,+0.0000,+0.0600,-0.5000,+0.5000,+0.5000,0.006587,0.251380,0.088931,0.244730,0.007747,0.001842,0.016250,False,False
436,0.482491,+0.0000,+0.0000,+0.0000,+0.0000,+0.0600,-2.0000,-0.5000,+0.5000,0.003878,0.250370,0.086838,0.125936,0.017134,0.003487,0.020000,False,False
437,0.482515,+0.0000,+0.0000,+0.0000,+0.0000,+0.0600,-1.0000,+0.5000,-0.3000,0.003595,0.249655,0.086294,0.123242,0.017811,0.003501,0.022500,False,False
438,0.483522,+0.0000,+0.0000,+0.0000,+0.0000,+0.0600,-0.5000,-1.0000,+0.5000,0.002817,0.251484,0.087336,0.209988,0.008426,0.001796,0.042500,False,False
439,0.483674,+0.0000,+0.0000,+0.0000,+0.0000,+0.0600,+1.0000,+2.0000,+0.0000,0.001589,0.251306,0.086137,0.012293,0.016226,0.002848,0.102500,False,False
440,0.483766,+0.0000,+0.0000,+0.0000,+0.0000,+0.0600,-0.5000,-0.5000,+0.5000,0.004783,0.251124,0.087132,0.120389,0.016035,0.003489,0.022500,False,False
441,0.484754,+0.0000,+0.0000,+0.0000,+0.0000,+0.0600,+1.5000,+1.5000,-0.3000,0.003858,0.249425,0.086147,0.040730,0.013084,0.002947,0.090000,False,False
442,0.484757,+0.0000,+0.0000,+0.0000,+0.0000,+0.0600,+1.0000,-1.0000,+0.5000,0.003560,0.249946,0.087498,0.202131,0.008750,0.001700,0.053750,False,False
443,0.484786,+0.0000,+0.0000,+0.0000,+0.0000,+0.0600,+1.5000,-1.0000,-0.5000,0.004281,0.251222,0.087192,0.112717,0.014764,0.002542,0.061250,False,False
444,0.484824,+0.0000,+0.0000,+0.0000,+0.0000,+0.0600,+2.0000,+1.5000,-0.5000,0.002600,0.251689,0.086179,0.030478,0.013765,0.002692,0.100000,False,False
445,0.485073,+0.0000,+0.0000,+0.0000,+0.0000,+0.0600,-1.0000,-0.5000,+0.0000,0.004255,0.265234,0.086983,0.107621,0.015327,0.003102,0.012500,False,False
446,0.485218,+0.0000,+0.0000,+0.0000,+0.0000,+0.0600,-1.0000,+1.0000,+0.0000,0.004054,0.250691,0.086688,0.102774,0.015579,0.003529,0.035000,False,False
447,0.485330,+0.0000,+0.0000,+0.0000,+0.0000,+0.0600,+1.0000,+1.0000,+0.0000,0.007081,0.251457,0.088676,0.198279,0.008810,0.002178,0.031250,False,False
448,0.485351,+0.0000,+0.0000,+0.0000,+0.0000,+0.0600,+1.0000,-0.5000,-0.3000,0.005655,0.249825,0.087535,0.176009,0.017172,0.002940,0.016250,False,False
449,0.485553,+0.0000,+0.0000,+0.0000,+0.0000,+0.0600,-0.5000,+0.5000,+0.0000,0.003778,0.251307,0.087024,0.117185,0.015383,0.003792,0.018750,False,False
450,0.485834,+0.0000,+0.0000,+0.0000,+0.0000,+0.0600,-2.0000,+0.5000,+0.0000,0.001517,0.267362,0.086206,0.048307,0.017032,0.003750,0.020000,False,False
451,0.485951,+0.0000,+0.0000,+0.0000,+0.0000,+0.0600,-0.5000,+1.0000,-0.5000,0.004448,0.251152,0.086989,0.129009,0.015535,0.003309,0.028750,False,False
452,0.487011,+0.0000,+0.0000,+0.0000,+0.0000,+0.0600,+0.5000,+1.5000,+0.5000,0.003831,0.250719,0.085981,0.024268,0.014822,0.003662,0.073750,False,False
453,0.487711,+0.0000,+0.0000,+0.0000,+0.0000,+0.0600,+0.5000,-1.0000,+0.0000,0.005816,0.250363,0.087207,0.109132,0.017026,0.003607,0.030000,False,False
454,0.487816,+0.0000,+0.0000,+0.0000,+0.0000,+0.0600,-1.0000,+1.0000,-0.3000,0.004151,0.250550,0.086712,0.116746,0.017687,0.003401,0.035000,False,False
455,0.487884,+0.0000,+0.0000,+0.0000,+0.0000,+0.0600,-2.0000,+2.0000,+0.0000,0.001007,0.250829,0.086288,0.021729,0.014170,0.002843,0.108750,False,False
456,0.487966,+0.0000,+0.0000,+0.0000,+0.0000,+0.0600,+2.0000,-0.5000,+0.0000,0.004698,0.251585,0.086783,0.117737,0.017203,0.003906,0.015000,False,False
457,0.488128,+0.0000,+0.0000,+0.0000,+0.0000,+0.0600,+1.5000,+1.5000,-0.5000,0.001404,0.253382,0.086611,0.034349,0.014993,0.004134,0.052500,False,False
458,0.488522,+0.0000,+0.0000,+0.0000,+0.0000,+0.0600,+1.5000,+1.5000,+0.3000,0.003649,0.252832,0.086101,0.078886,0.016221,0.003044,0.063750,False,False
459,0.488821,+0.0000,+0.0000,+0.0000,+0.0000,+0.0600,-1.0000,+0.5000,-0.5000,0.003032,0.251092,0.086390,0.105139,0.017349,0.004102,0.020000,False,False
460,0.489651,+0.0000,+0.0000,+0.0000,+0.0000,+0.0600,+1.5000,-1.0000,+0.0000,0.002972,0.262168,0.086449,0.101647,0.018229,0.003139,0.028750,False,False
461,0.489945,+0.0000,+0.0000,+0.0000,+0.0000,+0.0600,+0.5000,-1.5000,+0.5000,0.003855,0.250546,0.087011,0.122849,0.015825,0.002840,0.056250,False,False
462,0.490214,+0.0000,+0.0000,+0.0000,+0.0000,+0.0600,-2.0000,-1.0000,+0.5000,0.001882,0.261184,0.086534,0.008757,0.013954,0.004154,0.050000,False,False
463,0.490281,+0.0000,+0.0000,+0.0000,+0.0000,+0.0600,+0.5000,-1.5000,-0.5000,0.003113,0.250862,0.086233,0.059264,0.016421,0.003024,0.082500,False,False
464,0.490880,+0.0000,+0.0000,+0.0000,+0.0000,+0.0600,-0.5000,-1.0000,-0.5000,0.005616,0.247428,0.087870,0.178824,0.010246,0.002917,0.036250,False,False
465,0.491101,+0.0000,+0.0000,+0.0000,+0.0000,+0.0600,+2.0000,-1.0000,+0.0000,0.002253,0.250351,0.087410,0.192917,0.008196,0.002057,0.058750,False,False
466,0.492277,+0.0000,+0.0000,+0.0000,+0.0000,+0.0600,+1.5000,+1.0000,+0.3000,0.005569,0.251402,0.087692,0.115528,0.016142,0.003588,0.033750,False,False
467,0.492474,+0.0000,+0.0000,+0.0000,+0.0000,+0.0600,+2.0000,-1.5000,+0.0000,0.001604,0.251029,0.086283,0.048976,0.017414,0.003476,0.077500,False,False
468,0.492511,+0.0000,+0.0000,+0.0000,+0.0000,+0.0600,-0.5000,+0.5000,+0.3000,0.005371,0.251232,0.087482,0.147582,0.015787,0.003600,0.018750,False,False
469,0.492614,+0.0000,+0.0000,+0.0000,+0.0000,+0.0600,-2.0000,-1.5000,-0.3000,0.004696,0.250968,0.086996,0.101708,0.015966,0.002728,0.072500,False,False
470,0.492916,+0.0000,+0.0000,+0.0000,+0.0000,+0.0600,+2.0000,+1.0000,+0.0000,0.004342,0.251034,0.087239,0.133380,0.015860,0.003597,0.028750,False,False
471,0.492983,+0.0000,+0.0000,+0.0000,+0.0000,+0.0600,+2.0000,+2.0000,+0.3000,0.001854,0.250946,0.085734,0.052375,0.015950,0.003368,0.081250,False,False
472,0.493279,+0.0000,+0.0000,+0.0000,+0.0000,+0.0600,+1.0000,-1.0000,-0.3000,0.003275,0.247511,0.086245,0.108135,0.016905,0.003967,0.038750,False,False
473,0.493605,+0.0000,+0.0000,+0.0000,+0.0000,+0.0600,+2.0000,+1.0000,+0.5000,0.003770,0.252135,0.086629,0.121794,0.017415,0.003643,0.031250,False,False
474,0.493654,+0.0000,+0.0000,+0.0000,+0.0000,+0.0600,-1.0000,-0.5000,-0.5000,0.004600,0.265001,0.086791,0.112058,0.016958,0.003123,0.022500,False,False
475,0.493813,+0.0000,+0.0000,+0.0000,+0.0000,+0.0600,+2.0000,-0.5000,+0.3000,0.003720,0.264949,0.086634,0.109616,0.015450,0.003440,0.016250,False,False
476,0.494375,+0.0000,+0.0000,+0.0000,+0.0000,-0.0600,-2.0000,-0.5000,-0.5000,0.001652,0.299550,0.086143,0.024084,0.014357,0.002572,0.012500,False,False
477,0.494595,+0.0000,+0.0000,+0.0000,+0.0000,+0.0600,-0.5000,-1.5000,-0.5000,0.003428,0.251239,0.086703,0.107615,0.016777,0.003063,0.062500,False,False
478,0.495297,+0.0000,+0.0000,+0.0000,+0.0000,+0.0600,+2.0000,-0.5000,-0.5000,0.005171,0.249853,0.087268,0.148090,0.014616,0.004017,0.013750,False,False
479,0.495705,+0.0000,+0.0000,+0.0000,+0.0000,+0.0600,+1.0000,+0.5000,+0.3000,0.003547,0.251441,0.087153,0.141009,0.016314,0.003997,0.016250,False,False
480,0.496228,+0.0000,+0.0000,+0.0000,+0.0000,+0.0600,-1.0000,-1.0000,-0.5000,0.004256,0.268530,0.087172,0.127192,0.015579,0.002492,0.033750,False,False
481,0.496430,+0.0000,+0.0000,+0.0000,+0.0000,+0.0600,+0.5000,-2.0000,-0.3000,0.003613,0.250827,0.086582,0.100204,0.016697,0.002800,0.078750,False,False
482,0.496537,+0.0000,+0.0000,+0.0000,+0.0000,+0.0600,+0.5000,+0.5000,-0.5000,0.003031,0.276268,0.086312,0.084305,0.018334,0.003126,0.016250,False,False
483,0.496541,+0.0000,+0.0000,+0.0000,+0.0000,+0.0600,+2.0000,+1.0000,-0.5000,0.004651,0.251107,0.087158,0.126322,0.016513,0.003434,0.042500,False,False
484,0.497018,+0.0000,+0.0000,+0.0000,+0.0000,+0.0600,-2.0000,+1.0000,-0.5000,0.004001,0.269704,0.086860,0.109373,0.013406,0.002933,0.028750,False,False
485,0.497339,+0.0000,+0.0000,+0.0000,+0.0000,+0.0600,-0.5000,+1.5000,-0.5000,0.002362,0.251061,0.085886,0.058070,0.014465,0.002679,0.108750,False,False
486,0.497502,+0.0000,+0.0000,+0.0000,+0.0000,+0.0600,+1.0000,-1.0000,+0.3000,0.002986,0.249905,0.087447,0.213629,0.009293,0.002671,0.037500,False,False
487,0.497584,+0.0000,+0.0000,+0.0000,+0.0000,+0.0600,-1.0000,+0.5000,+0.0000,0.005029,0.269929,0.087525,0.130157,0.014250,0.002787,0.021250,False,False
488,0.498594,+0.0000,+0.0000,+0.0000,+0.0000,+0.0600,-0.5000,-0.5000,-0.3000,0.011170,0.262298,0.089630,0.200789,0.009089,0.002321,0.015000,False,False
489,0.498638,+0.0000,+0.0000,+0.0000,+0.0000,+0.0600,-0.5000,-1.5000,+0.5000,0.002119,0.260913,0.086572,0.062151,0.014782,0.003385,0.062500,False,False
490,0.498693,+0.0000,+0.0000,+0.0000,+0.0000,+0.0600,-0.5000,+2.0000,+0.0000,0.001579,0.250891,0.086488,0.042710,0.013722,0.003272,0.101250,False,False
491,0.498966,+0.0000,+0.0000,+0.0000,+0.0000,-0.0600,-0.5000,+0.5000,-0.5000,0.001470,0.300168,0.086702,0.037612,0.009892,0.002227,0.027500,False,False
492,0.499492,+0.0000,+0.0000,+0.0000,+0.0000,-0.0600,+1.0000,-0.5000,+0.5000,0.000533,0.306017,0.086604,0.009887,0.014748,0.002297,0.023750,False,False
493,0.499868,+0.0000,+0.0000,+0.0000,+0.0000,+0.0600,-1.0000,-1.0000,+0.0000,0.003481,0.272032,0.086633,0.105904,0.016452,0.002990,0.026250,False,False
494,0.500496,+0.0000,+0.0000,+0.0000,+0.0000,+0.0600,-0.5000,+0.5000,-0.3000,0.006195,0.251282,0.087639,0.130985,0.015661,0.004207,0.018750,False,False
495,0.501066,+0.0000,+0.0000,+0.0000,+0.0000,+0.0600,-2.0000,-1.5000,+0.5000,0.003368,0.250433,0.086827,0.108859,0.009617,0.002031,0.115000,False,False
496,0.501075,+0.0000,+0.0000,+0.0000,+0.0000,+0.0600,+0.5000,+1.0000,+0.0000,0.005555,0.250823,0.087549,0.129687,0.014615,0.004120,0.026250,False,False
497,0.501132,+0.0000,+0.0000,+0.0000,+0.0000,-0.0600,+1.5000,-0.5000,+0.0000,0.000314,0.302406,0.085054,0.011181,0.016327,0.002772,0.017500,False,False
498,0.501454,+0.0000,+0.0000,+0.0000,+0.0000,+0.0600,+2.0000,-1.5000,-0.3000,0.002787,0.250072,0.087616,0.217517,0.008638,0.001925,0.067500,False,False
499,0.501514,+0.0000,+0.0000,+0.0000,+0.0000,+0.0600,-1.0000,-0.5000,-0.3000,0.007076,0.265015,0.088577,0.159303,0.015104,0.003029,0.012500,False,False
500,0.501910,+0.0000,+0.0000,+0.0000,+0.0000,+0.0600,+0.5000,+1.5000,-0.3000,0.005121,0.250904,0.087317,0.110263,0.016757,0.002766,0.081250,False,False
501,0.502205,+0.0000,+0.0000,+0.0000,+0.0000,+0.0600,-0.5000,-1.0000,+0.3000,0.004267,0.251820,0.086784,0.130053,0.017703,0.003976,0.030000,False,False
502,0.502260,+0.0000,+0.0000,+0.0000,+0.0000,-0.0600,-1.0000,-0.5000,-0.5000,0.000065,0.301296,0.086534,0.006198,0.013909,0.003203,0.012500,False,False
503,0.502847,+0.0000,+0.0000,+0.0000,+0.0000,+0.0600,+2.0000,+1.5000,+0.5000,0.002097,0.261331,0.086318,0.057866,0.014493,0.003039,0.082500,False,False
504,0.502984,+0.0000,+0.0000,+0.0000,+0.0000,+0.0600,+1.5000,-1.0000,+0.5000,0.004536,0.265322,0.086694,0.110596,0.017211,0.003473,0.026250,False,False
505,0.503124,+0.0000,+0.0000,+0.0000,+0.0000,-0.0600,+2.0000,-0.5000,+0.5000,0.000256,0.300676,0.086444,0.013048,0.015334,0.002880,0.021250,False,False
506,0.503278,+0.0000,+0.0000,+0.0000,+0.0000,+0.0600,+2.0000,+1.0000,-0.3000,0.002352,0.276592,0.086830,0.137658,0.010013,0.001982,0.046250,False,False
507,0.503403,+0.0000,+0.0000,+0.0000,+0.0000,+0.0600,-0.5000,+2.0000,-0.5000,0.001019,0.250199,0.086543,0.034435,0.014937,0.003115,0.120000,False,False
508,0.504013,+0.0000,+0.0000,+0.0000,+0.0000,+0.0600,+1.0000,+1.5000,-0.3000,0.002904,0.252028,0.085590,0.046575,0.015814,0.003357,0.098750,False,False
509,0.504353,+0.0000,+0.0000,+0.0000,+0.0000,+0.0600,+1.5000,-0.5000,+0.0000,0.004160,0.275976,0.087978,0.189252,0.008620,0.002074,0.018750,False,False
510,0.504390,+0.0000,+0.0000,+0.0000,+0.0000,+0.0600,-1.0000,-2.0000,-0.5000,0.000642,0.251249,0.086405,0.020284,0.015143,0.003730,0.106250,False,False
511,0.504546,+0.0000,+0.0000,+0.0000,+0.0000,-0.0600,+0.5000,-0.5000,+0.0000,0.004998,0.302561,0.085856,0.007043,0.013027,0.002804,0.018750,False,False
512,0.505348,+0.0000,+0.0000,+0.0000,+0.0000,+0.0600,-2.0000,+0.5000,+0.3000,0.002995,0.271860,0.087273,0.193869,0.009724,0.002449,0.016250,False,False
513,0.505492,+0.0000,+0.0000,+0.0000,+0.0000,+0.0600,+1.0000,-2.0000,+0.0000,0.002041,0.250234,0.086252,0.040566,0.014722,0.002742,0.131250,False,False
514,0.505671,+0.0000,+0.0000,+0.0000,+0.0000,+0.0600,+2.0000,+1.5000,+0.3000,0.004802,0.246885,0.086928,0.111329,0.016920,0.003119,0.085000,False,False
515,0.505772,+0.0000,+0.0000,+0.0000,+0.0000,-0.0600,+1.0000,-0.5000,-0.3000,0.004749,0.301985,0.085783,0.008874,0.013707,0.003024,0.013750,False,False
516,0.505833,+0.0000,+0.0000,+0.0000,+0.0000,-0.0600,-1.0000,+0.5000,-0.5000,0.002361,0.299086,0.085688,0.010530,0.015602,0.002902,0.026250,False,False
517,0.505917,+0.0000,+0.0000,+0.0000,+0.0000,+0.0600,-2.0000,+1.0000,-0.3000,0.003490,0.268305,0.086471,0.104065,0.017347,0.002995,0.045000,False,False
518,0.506470,+0.0000,+0.0000,+0.0000,+0.0000,+0.0600,+0.5000,-0.5000,+0.3000,0.004367,0.251342,0.086989,0.152396,0.016456,0.004214,0.020000,False,False
519,0.506676,+0.0000,+0.0000,+0.0000,+0.0000,-0.0600,-2.0000,+0.5000,+0.3000,0.000194,0.305847,0.086684,0.010065,0.013371,0.002905,0.017500,False,False
520,0.506755,+0.0000,+0.0000,+0.0000,+0.0000,+0.0600,+2.0000,+1.5000,-0.3000,0.003990,0.250745,0.086834,0.117323,0.015999,0.003101,0.077500,False,False
521,0.506775,+0.0000,+0.0000,+0.0000,+0.0000,+0.0600,+1.5000,-1.5000,+0.3000,0.003687,0.254315,0.086853,0.118461,0.015465,0.002901,0.076250,False,False
522,0.506932,+0.0000,+0.0000,+0.0000,+0.0000,+0.0600,+2.0000,+0.5000,+0.5000,0.004697,0.264907,0.087146,0.127105,0.015379,0.003902,0.012500,False,False
523,0.507632,+0.0000,+0.0000,+0.0000,+0.0000,+0.0600,+1.0000,-2.0000,-0.5000,0.001714,0.247900,0.086400,0.061237,0.015938,0.003288,0.111250,False,False
524,0.508493,+0.0000,+0.0000,+0.0000,+0.0000,-0.0600,+1.0000,-0.5000,+0.0000,0.000105,0.305962,0.086618,0.008864,0.014237,0.003026,0.016250,False,False
525,0.508790,+0.0000,+0.0000,+0.0000,+0.0000,-0.0600,+1.5000,+0.5000,+0.5000,0.000835,0.304708,0.086386,0.016685,0.013165,0.003114,0.012500,False,False
526,0.509125,+0.0000,+0.0000,+0.0000,+0.0000,-0.0600,-1.0000,+0.5000,-0.3000,0.002407,0.306114,0.085703,0.025934,0.014657,0.002665,0.016250,False,False
527,0.509423,+0.0000,+0.0000,+0.0000,+0.0000,+0.0600,+1.5000,-2.0000,+0.0000,0.003760,0.250923,0.087624,0.190108,0.009317,0.002009,0.087500,False,False
528,0.509429,+0.0000,+0.0000,+0.0000,+0.0000,-0.0600,-2.0000,-1.0000,+0.5000,0.000068,0.297104,0.086383,0.006011,0.014534,0.002942,0.042500,False,False
529,0.509597,+0.0000,+0.0000,+0.0000,+0.0000,+0.0600,-0.5000,+1.5000,+0.0000,0.004727,0.250941,0.087331,0.152702,0.016410,0.003102,0.062500,False,False
530,0.509675,+0.0000,+0.0000,+0.0000,+0.0000,-0.0600,+0.5000,+0.5000,+0.0000,0.003768,0.304827,0.085829,0.016279,0.012625,0.002835,0.018750,False,False
531,0.510044,+0.0000,+0.0000,+0.0000,+0.0000,+0.0600,+1.5000,+2.0000,-0.3000,0.002113,0.250687,0.085803,0.020831,0.014448,0.002900,0.142500,False,False
532,0.510086,+0.0000,+0.0000,+0.0000,+0.0000,+0.0600,-1.0000,+1.5000,+0.0000,0.003789,0.269063,0.087173,0.164605,0.009315,0.002316,0.048750,False,False
533,0.510262,+0.0000,+0.0000,+0.0000,+0.0000,-0.0600,-0.5000,-0.5000,-0.3000,0.002675,0.299911,0.086333,0.071190,0.013968,0.002444,0.017500,False,False
534,0.510555,+0.0000,+0.0000,+0.0000,+0.0000,+0.0600,+1.0000,+2.0000,-0.3000,0.001065,0.267268,0.085761,0.020718,0.015539,0.002767,0.110000,False,False
535,0.510759,+0.0000,+0.0000,+0.0000,+0.0000,+0.0600,-0.5000,+1.0000,+0.5000,0.005104,0.251107,0.088196,0.240744,0.009426,0.002621,0.041250,False,False
536,0.510867,+0.0000,+0.0000,+0.0000,+0.0000,+0.0600,-0.5000,+2.0000,+0.5000,0.003466,0.251267,0.085080,0.031813,0.015063,0.003703,0.107500,False,False
537,0.511153,+0.0000,+0.0000,+0.0000,+0.0000,+0.0600,+1.0000,+1.5000,+0.5000,0.002633,0.247496,0.086355,0.100959,0.018341,0.003128,0.100000,False,False
538,0.511563,+0.0000,+0.0000,+0.0000,+0.0000,+0.0600,+2.0000,-1.5000,-0.5000,0.003038,0.250188,0.086499,0.098611,0.017080,0.003832,0.072500,False,False
539,0.511588,+0.0000,+0.0000,+0.0000,+0.0000,+0.0600,-0.5000,+1.5000,+0.3000,0.002712,0.259973,0.086755,0.106055,0.012321,0.003547,0.060000,False,False
540,0.511687,+0.0000,+0.0000,+0.0000,+0.0000,+0.0600,+1.5000,+2.0000,+0.0000,0.001974,0.251625,0.086303,0.047302,0.015532,0.003512,0.108750,False,False
541,0.511791,+0.0000,+0.0000,+0.0000,+0.0000,+0.0600,+1.0000,-0.5000,+0.3000,0.007965,0.249943,0.089248,0.298149,0.007217,0.002518,0.017500,False,False
542,0.512242,+0.0000,+0.0000,+0.0000,+0.0000,+0.0600,+0.5000,+1.5000,-0.5000,0.003182,0.250535,0.086256,0.086806,0.018112,0.003011,0.105000,False,False
543,0.512518,+0.0000,+0.0000,+0.0000,+0.0000,+0.0600,-0.5000,+2.0000,+0.3000,0.001215,0.249575,0.085373,0.036590,0.015736,0.003740,0.113750,False,False
544,0.512598,+0.0000,+0.0000,+0.0000,+0.0000,+0.0600,-0.5000,+3.0000,+0.3000,0.001104,0.250777,0.086988,0.078108,0.009692,0.002669,0.131250,False,False
545,0.512616,+0.0000,+0.0000,+0.0000,+0.0000,-0.0600,+2.0000,+1.0000,+0.3000,0.006486,0.302182,0.085623,0.010252,0.011628,0.002584,0.037500,False,False
546,0.512892,+0.0000,+0.0000,+0.0000,+0.0000,+0.0600,-0.5000,-2.0000,-0.5000,0.003364,0.251051,0.087547,0.196846,0.008698,0.002520,0.073750,False,False
547,0.513485,+0.0000,+0.0000,+0.0000,+0.0000,+0.0600,-1.0000,+1.5000,+0.3000,0.004364,0.249684,0.087199,0.112212,0.015906,0.003160,0.091250,False,False
548,0.513492,+0.0000,+0.0000,+0.0000,+0.0000,+0.0600,-2.0000,-1.0000,+0.3000,0.002508,0.263015,0.086708,0.090501,0.015756,0.004299,0.036250,False,False
549,0.514009,+0.0000,+0.0000,+0.0000,+0.0000,-0.0600,+1.0000,+0.5000,+0.5000,0.000406,0.307774,0.085296,0.010794,0.017103,0.003171,0.012500,False,False
550,0.514092,+0.0000,+0.0000,+0.0000,+0.0000,+0.0600,-0.5000,-1.5000,+0.3000,0.004212,0.253382,0.087021,0.138678,0.016695,0.003122,0.071250,False,False
551,0.514171,+0.0000,+0.0000,+0.0000,+0.0000,+0.0600,-1.0000,-1.0000,+0.3000,0.003223,0.267895,0.087519,0.230888,0.008954,0.001870,0.041250,False,False
552,0.514199,+0.0000,+0.0000,+0.0000,+0.0000,+0.0600,-1.0000,-2.0000,-0.3000,0.004318,0.251110,0.087405,0.143179,0.010249,0.002662,0.095000,False,False
553,0.514238,+0.0000,+0.0000,+0.0000,+0.0000,+0.0600,-2.0000,-2.0000,+0.3000,0.000618,0.270212,0.086174,0.024857,0.015865,0.002809,0.106250,False,False
554,0.514636,+0.0000,+0.0000,+0.0000,+0.0000,-0.0600,+2.0000,-1.0000,-0.3000,0.000401,0.305834,0.086747,0.019640,0.014091,0.002531,0.037500,False,False
555,0.514730,+0.0000,+0.0000,+0.0000,+0.0000,+0.0600,-2.0000,-2.0000,+0.0000,0.001800,0.269542,0.086855,0.056193,0.014110,0.003070,0.083750,False,False
556,0.515121,+0.0000,+0.0000,+0.0000,+0.0000,-0.0600,-0.5000,-1.0000,-0.3000,0.002669,0.301091,0.085358,0.011427,0.016867,0.002978,0.032500,False,False
557,0.515520,+0.0000,+0.0000,+0.0000,+0.0000,-0.0600,+1.0000,+1.0000,+0.5000,0.002884,0.301047,0.086208,0.012801,0.014173,0.002812,0.040000,False,False
558,0.515770,+0.0000,+0.0000,+0.0000,+0.0000,+0.0600,-2.0000,+0.5000,+0.5000,0.004340,0.272962,0.087924,0.253079,0.008870,0.001996,0.015000,False,False
559,0.516405,+0.0000,+0.0000,+0.0000,+0.0000,+0.0600,+1.0000,-1.5000,+0.5000,0.006549,0.249985,0.088395,0.189128,0.010682,0.002565,0.077500,False,False
560,0.516811,+0.0000,+0.0000,+0.0000,+0.0000,-0.0600,+1.0000,+0.5000,-0.3000,0.000832,0.305095,0.086164,0.021831,0.015560,0.003163,0.018750,False,False
561,0.517222,+0.0000,+0.0000,+0.0000,+0.0000,+0.0600,+2.0000,-2.0000,+0.0000,0.002729,0.249946,0.087431,0.133398,0.008499,0.002602,0.113750,False,False
562,0.517391,+0.0000,+0.0000,+0.0000,+0.0000,+0.0600,+0.5000,-2.0000,+0.5000,0.004701,0.250849,0.085869,0.050643,0.014825,0.002670,0.142500,False,False
563,0.517399,+0.0000,+0.0000,+0.0000,+0.0000,+0.0600,+2.0000,-0.5000,+0.5000,0.005225,0.262469,0.087450,0.126971,0.016496,0.004431,0.016250,False,False
564,0.517760,+0.0000,+0.0000,+0.0000,+0.0000,+0.0600,-1.0000,-1.5000,+0.0000,0.002296,0.266577,0.087384,0.141345,0.008864,0.002109,0.088750,False,False
565,0.518156,+0.0000,+0.0000,+0.0000,+0.0000,+0.0600,+1.0000,+1.5000,-0.5000,0.004060,0.247542,0.086827,0.104087,0.016355,0.003519,0.096250,False,False
566,0.518656,+0.0000,+0.0000,+0.0000,+0.0000,+0.0600,+0.5000,+2.0000,-0.5000,0.002738,0.250831,0.086521,0.077683,0.015858,0.003189,0.116250,False,False
567,0.518932,+0.0000,+0.0000,+0.0000,+0.0000,+0.0600,-0.5000,-1.5000,+0.0000,0.006291,0.253171,0.087615,0.114755,0.015695,0.003359,0.081250,False,False
568,0.518993,+0.0000,+0.0000,+0.0000,+0.0000,+0.0600,+0.5000,-0.5000,+0.0000,0.002623,0.259824,0.087171,0.171493,0.009723,0.004178,0.021250,False,False
569,0.519228,+0.0000,+0.0000,+0.0000,+0.0000,+0.0600,+0.5000,-1.0000,-0.3000,0.007892,0.250271,0.088242,0.148384,0.016405,0.004099,0.043750,False,False
570,0.519367,+0.0000,+0.0000,+0.0000,+0.0000,+0.0600,+2.0000,-1.5000,+0.5000,0.004155,0.249864,0.086837,0.106450,0.017877,0.003376,0.095000,False,False
571,0.519421,+0.0000,+0.0000,+0.0000,+0.0000,+0.0600,-1.0000,+1.5000,+0.5000,0.004763,0.251613,0.086686,0.112975,0.016910,0.003753,0.075000,False,False
572,0.519755,+0.0000,+0.0000,+0.0000,+0.0000,-0.0600,-2.0000,-0.5000,+0.5000,0.002758,0.297913,0.085937,0.024519,0.015105,0.003650,0.020000,False,False
573,0.519819,+0.0000,+0.0000,+0.0000,+0.0000,+0.0600,-1.0000,+2.0000,+0.3000,0.002042,0.270778,0.086786,0.082702,0.013896,0.002796,0.085000,False,False
574,0.519824,+0.0000,+0.0000,+0.0000,+0.0000,+0.0600,-1.0000,-1.0000,-0.3000,0.004630,0.272395,0.087192,0.077284,0.015495,0.004058,0.036250,False,False
575,0.520163,+0.0000,+0.0000,+0.0000,+0.0000,+0.0600,+0.5000,-1.5000,+0.0000,0.003202,0.250243,0.086905,0.101485,0.014955,0.004110,0.077500,False,False
576,0.520356,+0.0000,+0.0000,+0.0000,+0.0000,+0.0600,-0.5000,+1.5000,-0.3000,0.003205,0.251089,0.086606,0.115653,0.018677,0.003905,0.072500,False,False
577,0.520358,+0.0000,+0.0000,+0.0000,+0.0000,+0.0600,-0.5000,-1.5000,-0.3000,0.004073,0.250804,0.086936,0.128706,0.017364,0.003868,0.067500,False,False
578,0.520834,+0.0000,+0.0000,+0.0000,+0.0000,-0.0600,+1.0000,+0.5000,-0.5000,0.000616,0.299762,0.086003,0.014431,0.015690,0.003706,0.023750,False,False
579,0.521139,+0.0000,+0.0000,+0.0000,+0.0000,+0.0600,+1.0000,+1.5000,+0.0000,0.004732,0.252306,0.087052,0.102800,0.014581,0.003515,0.091250,False,False
580,0.521703,+0.0000,+0.0000,+0.0000,+0.0000,+0.0600,+2.0000,+2.0000,+0.5000,0.003351,0.250900,0.086414,0.094071,0.017122,0.002803,0.123750,False,False
581,0.522010,+0.0000,+0.0000,+0.0000,+0.0000,+0.0600,-1.0000,-1.5000,-0.3000,0.003671,0.268580,0.086699,0.127486,0.016143,0.003375,0.047500,False,False
582,0.522596,+0.0000,+0.0000,+0.0000,+0.0000,+0.0600,+1.5000,+1.5000,+0.5000,0.007238,0.251394,0.088033,0.129638,0.015481,0.002951,0.096250,False,False
583,0.522709,+0.0000,+0.0000,+0.0000,+0.0000,+0.0600,+0.5000,-2.0000,+0.0000,0.001867,0.250797,0.086460,0.049321,0.014210,0.003866,0.117500,False,False
584,0.522744,+0.0000,+0.0000,+0.0000,+0.0000,+0.0600,+0.5000,+2.0000,-0.3000,0.005420,0.250791,0.087270,0.128164,0.014705,0.002796,0.107500,False,False
585,0.523637,+0.0000,+0.0000,+0.0000,+0.0000,-0.0600,+1.5000,+0.5000,-0.5000,0.004332,0.306643,0.085821,0.011689,0.012846,0.003366,0.021250,False,False
586,0.524489,+0.0000,+0.0000,+0.0000,+0.0000,+0.0600,+1.5000,+2.0000,+0.3000,0.003093,0.252176,0.086586,0.085957,0.016724,0.003148,0.118750,False,False
587,0.525081,+0.0000,+0.0000,+0.0000,+0.0000,-0.0600,+1.0000,+1.0000,+0.0000,0.002749,0.304199,0.086015,0.032628,0.013928,0.002860,0.037500,False,False
588,0.525693,+0.0000,+0.0000,+0.0000,+0.0000,+0.0600,-2.0000,+2.0000,+0.5000,0.002300,0.251599,0.087180,0.148133,0.009157,0.003032,0.102500,False,False
589,0.525969,+0.0000,+0.0000,+0.0000,+0.0000,-0.0600,-0.5000,+0.5000,+0.5000,0.003192,0.300027,0.086942,0.141006,0.008266,0.002328,0.016250,False,False
590,0.526260,+0.0000,+0.0000,+0.0000,+0.0000,+0.0600,-2.0000,+1.0000,+0.0000,0.005855,0.271884,0.087252,0.124916,0.016668,0.003310,0.046250,False,False
591,0.526578,+0.0000,+0.0000,+0.0000,+0.0000,+0.0600,-2.0000,-1.0000,-0.3000,0.003856,0.261333,0.087725,0.214201,0.008559,0.003478,0.031250,False,False
592,0.526774,+0.0000,+0.0000,+0.0000,+0.0000,+0.0600,-2.0000,+0.5000,-0.3000,0.004219,0.272430,0.087233,0.141134,0.015151,0.004074,0.016250,False,False
593,0.527118,+0.0000,+0.0000,+0.0000,+0.0000,-0.0600,+1.5000,+0.5000,-0.3000,0.001735,0.303925,0.086590,0.082053,0.010321,0.002906,0.020000,False,False
594,0.527137,+0.0000,+0.0000,+0.0000,+0.0000,+0.0600,+0.5000,-1.5000,+0.3000,0.005073,0.250501,0.087323,0.136562,0.017525,0.003569,0.083750,False,False
595,0.527170,+0.0000,+0.0000,+0.0000,+0.0000,+0.0600,-1.0000,-0.5000,+0.3000,0.008635,0.268720,0.089014,0.190694,0.013049,0.003555,0.012500,False,False
596,0.527224,+0.0000,+0.0000,+0.0000,+0.0000,-0.0600,-2.0000,-0.5000,-0.3000,0.003661,0.298409,0.086448,0.103431,0.017770,0.002881,0.013750,False,False
597,0.527307,+0.0000,+0.0000,+0.0000,+0.0000,-0.0600,-0.5000,+1.0000,-0.3000,0.003596,0.306670,0.086049,0.013275,0.014515,0.003144,0.033750,False,False
598,0.527497,+0.0000,+0.0000,+0.0000,+0.0000,+0.0600,-2.0000,+2.0000,+0.3000,0.004084,0.250919,0.086952,0.111188,0.016168,0.003047,0.116250,False,False
599,0.527554,+0.0000,+0.0000,+0.0000,+0.0000,+0.0600,-0.5000,-2.0000,-0.3000,0.002557,0.250463,0.086575,0.091296,0.014693,0.002893,0.136250,False,False
600,0.527731,+0.0000,+0.0000,+0.0000,+0.0000,+0.0600,+0.5000,+2.0000,+0.5000,0.002244,0.251996,0.086999,0.167360,0.009859,0.003215,0.088750,False,False
601,0.528309,+0.0000,+0.0000,+0.0000,+0.0000,-0.0600,+1.5000,-1.5000,+0.3000,0.000242,0.300062,0.086426,0.007506,0.013698,0.002881,0.068750,False,False
602,0.528381,+0.0000,+0.0000,+0.0000,+0.0000,-0.0600,+1.0000,-1.0000,+0.3000,0.001980,0.300350,0.086831,0.055938,0.014422,0.002746,0.045000,False,False
603,0.528754,+0.0000,+0.0000,+0.0000,+0.0000,-0.0600,-0.5000,+1.0000,+0.5000,0.001545,0.305431,0.086512,0.020177,0.012664,0.002749,0.053750,False,False
604,0.529551,+0.0000,+0.0000,+0.0000,+0.0000,+0.0600,+1.0000,+1.5000,+0.3000,0.003142,0.260002,0.086621,0.112168,0.016377,0.003628,0.080000,False,False
605,0.529619,+0.0000,+0.0000,+0.0000,+0.0000,+0.0600,+0.5000,+3.0000,+0.0000,0.001654,0.251802,0.086687,0.057099,0.014216,0.002123,0.181250,False,False
606,0.529675,+0.0000,+0.0000,+0.0000,+0.0000,-0.0600,+2.0000,+0.5000,+0.3000,0.004313,0.298101,0.087062,0.135607,0.011230,0.002449,0.021250,False,False
607,0.529723,+0.0000,+0.0000,+0.0000,+0.0000,+0.0600,-1.0000,-1.5000,+0.3000,0.004063,0.268559,0.086882,0.110977,0.014243,0.003663,0.060000,False,False
608,0.529751,+0.0000,+0.0000,+0.0000,+0.0000,-0.0600,+0.5000,+0.5000,-0.5000,0.002003,0.308036,0.085799,0.034899,0.015480,0.003202,0.023750,False,False
609,0.530715,+0.0000,+0.0000,+0.0000,+0.0000,+0.0600,+1.5000,-0.5000,-0.3000,0.004909,0.250191,0.087816,0.187280,0.008578,0.005303,0.015000,False,False
610,0.531746,+0.0000,+0.0000,+0.0000,+0.0000,-0.0600,+2.0000,+2.0000,+0.0000,0.001599,0.304797,0.086839,0.050899,0.009372,0.002186,0.066250,False,False
611,0.531748,+0.0000,+0.0000,+0.0000,+0.0000,-0.0600,+2.0000,-1.5000,+0.3000,0.005583,0.302435,0.085268,0.009711,0.013126,0.002639,0.067500,False,False
612,0.532145,+0.0000,+0.0000,+0.0000,+0.0000,-0.0600,+1.0000,-1.5000,+0.5000,0.004466,0.308312,0.085837,0.010465,0.013734,0.002839,0.048750,False,False
613,0.532196,+0.0000,+0.0000,+0.0000,+0.0000,+0.0600,+2.0000,+1.5000,+0.0000,0.005217,0.250321,0.087094,0.125638,0.016932,0.003781,0.091250,False,False
614,0.532389,+0.0000,+0.0000,+0.0000,+0.0000,-0.0600,-1.0000,+0.5000,+0.3000,0.002654,0.306257,0.086222,0.080460,0.017132,0.002926,0.016250,False,False
615,0.532754,+0.0000,+0.0000,+0.0000,+0.0000,+0.0600,+2.0000,-1.0000,+0.5000,0.002995,0.258944,0.087625,0.201835,0.009075,0.002407,0.090000,False,False
616,0.532880,+0.0000,+0.0000,+0.0000,+0.0000,-0.0600,-1.0000,+0.5000,+0.5000,0.002589,0.299225,0.086296,0.087853,0.017931,0.003465,0.011250,False,False
617,0.533059,+0.0000,+0.0000,+0.0000,+0.0000,+0.0600,-0.5000,-2.0000,+0.3000,0.004086,0.250653,0.086801,0.149006,0.014182,0.002976,0.111250,False,False
618,0.533678,+0.0000,+0.0000,+0.0000,+0.0000,+0.0600,-2.0000,-1.5000,-0.5000,0.004997,0.248305,0.087053,0.157038,0.017617,0.003444,0.093750,False,False
619,0.534208,+0.0000,+0.0000,+0.0000,+0.0000,-0.0600,+0.5000,-0.5000,-0.3000,0.003688,0.301906,0.086734,0.103169,0.016920,0.002897,0.017500,False,False
620,0.534243,+0.0000,+0.0000,+0.0000,+0.0000,-0.0600,-0.5000,-1.5000,-0.5000,0.002374,0.300694,0.087014,0.108077,0.008576,0.002097,0.053750,False,False
621,0.534521,+0.0000,+0.0000,+0.0000,+0.0000,-0.0600,+1.0000,+0.5000,+0.3000,0.003889,0.308166,0.086804,0.091970,0.014517,0.002805,0.013750,False,False
622,0.534550,+0.0000,+0.0000,+0.0000,+0.0000,-0.0600,-0.5000,+1.0000,-0.5000,0.001512,0.300910,0.086770,0.089853,0.010291,0.002333,0.055000,False,False
623,0.534838,+0.0000,+0.0000,+0.0000,+0.0000,-0.0600,-0.5000,+1.5000,-0.5000,0.000375,0.303038,0.086723,0.014384,0.013845,0.003074,0.062500,False,False
624,0.535235,+0.0000,+0.0000,+0.0000,+0.0000,-0.0600,-1.0000,+1.0000,-0.3000,0.001940,0.299606,0.085913,0.090139,0.009538,0.002302,0.060000,False,False
625,0.535398,+0.0000,+0.0000,+0.0000,+0.0000,-0.0600,+2.0000,+1.0000,-0.3000,0.001457,0.298098,0.086504,0.053035,0.015675,0.003218,0.047500,False,False
626,0.535434,+0.0000,+0.0000,+0.0000,+0.0000,-0.0600,+2.0000,+0.5000,-0.5000,0.000085,0.297972,0.086268,0.008242,0.015235,0.004655,0.025000,False,False
627,0.535479,+0.0000,+0.0000,+0.0000,+0.0000,+0.0600,+1.0000,-1.5000,-0.5000,0.003721,0.281129,0.086518,0.101573,0.014955,0.002611,0.080000,False,False
628,0.535554,+0.0000,+0.0000,+0.0000,+0.0000,-0.0600,-1.0000,+1.0000,+0.5000,0.001493,0.305739,0.087008,0.130521,0.009312,0.001611,0.050000,False,False
629,0.535589,+0.0000,+0.0000,+0.0000,+0.0000,+0.0600,-2.0000,+3.0000,-0.3000,0.002414,0.251443,0.086899,0.138984,0.009933,0.002825,0.130000,False,False
630,0.535745,+0.0000,+0.0000,+0.0000,+0.0000,-0.0600,+2.0000,-0.5000,-0.5000,0.000430,0.307434,0.085581,0.021090,0.017142,0.004013,0.016250,False,False
631,0.536536,+0.0000,+0.0000,+0.0000,+0.0000,+0.0600,+1.5000,+2.0000,+0.5000,0.004593,0.250870,0.086906,0.103525,0.016600,0.002943,0.137500,False,False
632,0.537014,+0.0000,+0.0000,+0.0000,+0.0000,+0.0600,-1.0000,+2.0000,-0.3000,0.005940,0.271612,0.085372,0.014701,0.013314,0.002825,0.138750,False,False
633,0.537118,+0.0000,+0.0000,+0.0000,+0.0000,+0.0600,+1.5000,+2.0000,-0.5000,0.002200,0.251791,0.087076,0.127806,0.008247,0.003510,0.116250,False,False
634,0.537526,+0.0000,+0.0000,+0.0000,+0.0000,+0.0600,-1.0000,+1.5000,-0.5000,0.005318,0.250967,0.087130,0.103078,0.016004,0.003497,0.120000,False,False
635,0.538609,+0.0000,+0.0000,+0.0000,+0.0000,-0.0600,-0.5000,-0.5000,+0.5000,0.002610,0.307782,0.086262,0.101184,0.019299,0.002618,0.021250,False,False
636,0.539037,+0.0000,+0.0000,+0.0000,+0.0000,-0.0600,-0.5000,-0.5000,-0.5000,0.005160,0.302213,0.085881,0.007232,0.013078,0.004503,0.020000,False,False
637,0.539549,+0.0000,+0.0000,+0.0000,+0.0000,+0.0600,+1.5000,-2.0000,+0.5000,0.003253,0.255807,0.086448,0.091628,0.017625,0.002818,0.142500,False,False
638,0.540410,+0.0000,+0.0000,+0.0000,+0.0000,+0.0600,+2.0000,+3.0000,+0.3000,0.006262,0.251368,0.085485,0.018421,0.013345,0.002989,0.183750,False,False
639,0.540803,+0.0000,+0.0000,+0.0000,+0.0000,+0.0600,-1.0000,+3.0000,+0.3000,0.001475,0.251736,0.085991,0.017229,0.015963,0.002875,0.193750,False,False
640,0.540987,+0.0000,+0.0000,+0.0000,+0.0000,-0.0600,-1.0000,-1.5000,+0.5000,0.001914,0.300013,0.086153,0.015653,0.013478,0.003056,0.077500,False,False
641,0.541485,+0.0000,+0.0000,+0.0000,+0.0000,-0.0600,+1.5000,-1.0000,+0.0000,0.002341,0.302735,0.086144,0.082822,0.018794,0.003191,0.028750,False,False
642,0.541596,+0.0000,+0.0000,+0.0000,+0.0000,+0.0600,+0.5000,-2.0000,+0.3000,0.004085,0.250775,0.086911,0.120486,0.016623,0.002936,0.138750,False,False
643,0.541722,+0.0000,+0.0000,+0.0000,+0.0000,-0.0600,+1.0000,-1.5000,-0.5000,0.001540,0.301334,0.086938,0.083065,0.009807,0.003000,0.047500,False,False
644,0.541929,+0.0000,+0.0000,+0.0000,+0.0000,-0.0600,+1.5000,+0.5000,+0.0000,0.008134,0.299462,0.088170,0.113411,0.014962,0.003090,0.018750,False,False
645,0.542209,+0.0000,+0.0000,+0.0000,+0.0000,-0.0600,+1.5000,-0.5000,+0.3000,0.002933,0.302818,0.086090,0.073671,0.016420,0.003651,0.020000,False,False
646,0.542401,+0.0000,+0.0000,+0.0000,+0.0000,-0.0600,+2.0000,+0.5000,+0.5000,0.002631,0.302627,0.086796,0.076834,0.009349,0.004006,0.013750,False,False
647,0.542537,+0.0000,+0.0000,+0.0000,+0.0000,-0.0600,-2.0000,-0.5000,+0.0000,0.002176,0.297335,0.086429,0.096274,0.016100,0.003908,0.015000,False,False
648,0.543297,+0.0000,+0.0000,+0.0000,+0.0000,-0.0600,+1.0000,+2.0000,+0.5000,0.000155,0.305101,0.085413,0.008741,0.016938,0.002733,0.083750,False,False
649,0.543556,+0.0000,+0.0000,+0.0000,+0.0000,-0.0600,-0.5000,-0.5000,+0.3000,0.005206,0.301471,0.086832,0.118325,0.014554,0.003113,0.018750,False,False
650,0.543594,+0.0000,+0.0000,+0.0000,+0.0000,-0.0600,-0.5000,+1.5000,-0.3000,0.002193,0.305559,0.087159,0.114906,0.009673,0.001653,0.068750,False,False
651,0.543598,+0.0000,+0.0000,+0.0000,+0.0000,+0.0600,+0.5000,-2.0000,-0.5000,0.001489,0.250942,0.085289,0.046358,0.016708,0.003664,0.158750,False,False
652,0.543901,+0.0000,+0.0000,+0.0000,+0.0000,-0.0600,-2.0000,+0.5000,+0.0000,0.003113,0.302222,0.086501,0.109519,0.018254,0.002997,0.026250,False,False
653,0.544004,+0.0000,+0.0000,+0.0000,+0.0000,+0.0600,-1.0000,-1.5000,-0.5000,0.006158,0.267001,0.087548,0.102481,0.014803,0.002995,0.110000,False,False
654,0.544236,+0.0000,+0.0000,+0.0000,+0.0000,+0.0600,-2.0000,-1.5000,+0.3000,0.002182,0.251053,0.085932,0.063326,0.017758,0.004835,0.110000,False,False
655,0.544489,+0.0000,+0.0000,+0.0000,+0.0000,+0.0600,+2.0000,+3.0000,+0.5000,0.004242,0.260655,0.085785,0.009929,0.014828,0.002509,0.191250,False,False
656,0.545300,+0.0000,+0.0000,+0.0000,+0.0000,-0.0600,+0.5000,+0.5000,-0.3000,0.003776,0.299096,0.086724,0.118954,0.018416,0.003182,0.023750,False,False
657,0.545350,+0.0000,+0.0000,+0.0000,+0.0000,+0.0600,+1.0000,+2.0000,+0.3000,0.004981,0.251566,0.088222,0.250195,0.008591,0.002291,0.105000,False,False
658,0.545399,+0.0000,+0.0000,+0.0000,+0.0000,+0.0600,-1.0000,-2.0000,+0.0000,0.004311,0.253796,0.087046,0.095329,0.016214,0.003328,0.137500,False,False
659,0.546014,+0.0000,+0.0000,+0.0000,+0.0000,-0.0600,+1.0000,-1.5000,-0.3000,0.002276,0.305739,0.087006,0.112862,0.009061,0.002366,0.050000,False,False
660,0.546062,+0.0000,+0.0000,+0.0000,+0.0000,+0.0600,+1.5000,+3.0000,+0.0000,0.001817,0.251694,0.086363,0.088899,0.011692,0.002793,0.172500,False,False
661,0.546151,+0.0000,+0.0000,+0.0000,+0.0000,-0.0600,-1.0000,+1.0000,-0.5000,0.001005,0.307102,0.085857,0.037459,0.017218,0.003418,0.045000,False,False
662,0.547015,+0.0000,+0.0000,+0.0000,+0.0000,-0.0600,+0.5000,-1.0000,+0.0000,0.005086,0.305080,0.085869,0.007221,0.013163,0.004028,0.042500,False,False
663,0.547136,+0.0000,+0.0000,+0.0000,+0.0000,-0.0600,-2.0000,+1.5000,+0.5000,0.003370,0.299733,0.085728,0.042030,0.016063,0.002475,0.090000,False,False
664,0.547301,+0.0000,+0.0000,+0.0000,+0.0000,-0.0600,-1.0000,-0.5000,-0.3000,0.003855,0.303112,0.086729,0.115602,0.017294,0.003413,0.012500,False,False
665,0.547310,+0.0000,+0.0000,+0.0000,+0.0000,+0.0600,-1.0000,+3.0000,+0.5000,0.001006,0.252163,0.086399,0.028085,0.015216,0.002825,0.201250,False,False
666,0.547334,+0.0000,+0.0000,+0.0000,+0.0000,+0.0600,+0.5000,+2.0000,+0.0000,0.004561,0.250853,0.086793,0.103626,0.016865,0.002878,0.157500,False,False
667,0.547426,+0.0000,+0.0000,+0.0000,+0.0000,-0.0600,-2.0000,-1.0000,-0.5000,0.003654,0.300842,0.086474,0.089669,0.017317,0.003489,0.028750,False,False
668,0.547485,+0.0000,+0.0000,+0.0000,+0.0000,-0.0600,+0.5000,-1.5000,+0.0000,0.004631,0.302261,0.087244,0.130254,0.008829,0.002460,0.045000,False,False
669,0.547707,+0.0000,+0.0000,+0.0000,+0.0000,-0.0600,+0.5000,-0.5000,+0.5000,0.004794,0.301076,0.087206,0.115992,0.015947,0.003219,0.023750,False,False
670,0.547929,+0.0000,+0.0000,+0.0000,+0.0000,+0.0600,-1.0000,-3.0000,+0.5000,0.001293,0.250679,0.086681,0.010068,0.013037,0.003045,0.208750,False,False
671,0.547942,+0.0000,+0.0000,+0.0000,+0.0000,+0.0600,-0.5000,-3.0000,+0.5000,0.001185,0.251153,0.086490,0.047297,0.014045,0.002509,0.206250,False,False
672,0.547955,+0.0000,+0.0000,+0.0000,+0.0000,+0.0600,-0.5000,-2.0000,+0.5000,0.003742,0.251411,0.086518,0.084359,0.016521,0.003021,0.163750,False,False
673,0.548021,+0.0000,+0.0000,+0.0000,+0.0000,-0.0600,+1.0000,-0.5000,+0.3000,0.003396,0.305357,0.086602,0.099661,0.016827,0.003378,0.018750,False,False
674,0.549309,+0.0000,+0.0000,+0.0000,+0.0000,+0.0600,-1.0000,-2.0000,+0.3000,0.003370,0.270002,0.087409,0.170658,0.008816,0.001754,0.128750,False,False
675,0.549389,+0.0000,+0.0000,+0.0000,+0.0000,-0.0600,+1.5000,+1.0000,-0.3000,0.002344,0.305079,0.087066,0.133817,0.009101,0.002562,0.040000,False,False
676,0.549526,+0.0000,+0.0000,+0.0000,+0.0000,-0.0600,-0.5000,-1.0000,+0.0000,0.000439,0.302307,0.085206,0.012961,0.017412,0.004051,0.053750,False,False
677,0.549583,+0.0000,+0.0000,+0.0000,+0.0000,-0.0600,+2.0000,+1.5000,+0.5000,0.002944,0.297131,0.087555,0.147065,0.008272,0.001870,0.075000,False,False
678,0.549603,+0.0000,+0.0000,+0.0000,+0.0000,-0.0600,+1.5000,-0.5000,+0.5000,0.003750,0.300188,0.086343,0.092327,0.018278,0.003538,0.030000,False,False
679,0.549827,+0.0000,+0.0000,+0.0000,+0.0000,-0.0600,+2.0000,-0.5000,-0.3000,0.003576,0.307011,0.086884,0.116509,0.016734,0.003131,0.017500,False,False
680,0.550022,+0.0000,+0.0000,+0.0000,+0.0000,-0.0600,+1.5000,-0.5000,-0.3000,0.004216,0.304531,0.086686,0.120712,0.017011,0.003212,0.017500,False,False
681,0.550154,+0.0000,+0.0000,+0.0000,+0.0000,-0.0600,+0.5000,+1.0000,+0.0000,0.003562,0.305221,0.085974,0.030231,0.013717,0.003705,0.048750,False,False
682,0.551006,+0.0000,+0.0000,+0.0000,+0.0000,+0.0600,-2.0000,+1.5000,-0.3000,0.001303,0.304538,0.086424,0.019126,0.012476,0.002944,0.087500,False,False
683,0.551644,+0.0000,+0.0000,+0.0000,+0.0000,-0.0600,+0.5000,+0.5000,+0.5000,0.002448,0.307467,0.086191,0.096694,0.019211,0.003631,0.012500,False,False
684,0.551742,+0.0000,+0.0000,+0.0000,+0.0000,+0.0600,+2.0000,-1.5000,+0.3000,0.003514,0.251741,0.086513,0.097373,0.016601,0.004689,0.107500,False,False
685,0.551749,+0.0000,+0.0000,+0.0000,+0.0000,-0.0600,-2.0000,+0.5000,+0.5000,0.005331,0.305942,0.087472,0.138179,0.016644,0.002929,0.016250,False,False
686,0.551756,+0.0000,+0.0000,+0.0000,+0.0000,+0.0600,+2.0000,+2.0000,+0.0000,0.003829,0.247346,0.086457,0.104835,0.016203,0.003455,0.155000,False,False
687,0.551857,+0.0000,+0.0000,+0.0000,+0.0000,-0.0600,-2.0000,+2.0000,+0.5000,0.000459,0.306361,0.085948,0.023924,0.011521,0.001990,0.116250,False,False
688,0.552144,+0.0000,+0.0000,+0.0000,+0.0000,-0.0600,+1.5000,-0.5000,-0.5000,0.003161,0.303121,0.086957,0.158097,0.009126,0.003256,0.012500,False,False
689,0.552402,+0.0000,+0.0000,+0.0000,+0.0000,-0.0600,-2.0000,-1.0000,+0.3000,0.003254,0.298342,0.086338,0.095893,0.017461,0.003349,0.045000,False,False
690,0.552679,+0.0000,+0.0000,+0.0000,+0.0000,-0.0600,-1.0000,-0.5000,+0.0000,0.007673,0.302541,0.088181,0.132068,0.016399,0.003231,0.015000,False,False
691,0.553251,+0.0000,+0.0000,+0.0000,+0.0000,-0.0600,+0.5000,-1.0000,-0.3000,0.003335,0.301368,0.086240,0.089246,0.017414,0.003388,0.041250,False,False
692,0.553288,+0.0000,+0.0000,+0.0000,+0.0000,-0.0600,+2.0000,-1.0000,+0.3000,0.002659,0.305301,0.087051,0.094901,0.008719,0.003319,0.040000,False,False
693,0.553820,+0.0000,+0.0000,+0.0000,+0.0000,-0.0600,+1.0000,-0.5000,-0.5000,0.004251,0.302381,0.086892,0.138484,0.016178,0.003455,0.012500,False,False
694,0.553836,+0.0000,+0.0000,+0.0000,+0.0000,-0.0600,+1.5000,+1.0000,+0.5000,0.002946,0.307032,0.086294,0.091440,0.016952,0.002907,0.045000,False,False
695,0.554053,+0.0000,+0.0000,+0.0000,+0.0000,-0.0600,+2.0000,-0.5000,+0.0000,0.003156,0.304832,0.086537,0.129800,0.018203,0.003242,0.018750,False,False
696,0.554789,+0.0000,+0.0000,+0.0000,+0.0000,-0.0600,-0.5000,-0.5000,+0.0000,0.003710,0.299058,0.086441,0.122997,0.017762,0.003768,0.018750,False,False
697,0.555272,+0.0000,+0.0000,+0.0000,+0.0000,-0.0600,-2.0000,-1.0000,+0.0000,0.003565,0.300600,0.086717,0.112145,0.016139,0.003633,0.027500,False,False
698,0.555470,+0.0000,+0.0000,+0.0000,+0.0000,+0.0600,+0.5000,+3.0000,+0.3000,0.005001,0.251982,0.085510,0.025532,0.014583,0.003550,0.186250,False,False
699,0.555692,+0.0000,+0.0000,+0.0000,+0.0000,-0.0600,-1.0000,+2.0000,+0.5000,0.002299,0.300958,0.087295,0.134662,0.008665,0.002191,0.072500,False,False
700,0.555785,+0.0000,+0.0000,+0.0000,+0.0000,-0.0600,-0.5000,+1.5000,+0.3000,0.003222,0.306420,0.085371,0.008291,0.015033,0.003166,0.083750,False,False
701,0.555793,+0.0000,+0.0000,+0.0000,+0.0000,-0.0600,-0.5000,+0.5000,+0.0000,0.005160,0.306269,0.086897,0.107874,0.017433,0.003476,0.018750,False,False
702,0.555801,+0.0000,+0.0000,+0.0000,+0.0000,+0.0600,+0.5000,-3.0000,-0.5000,0.003350,0.250446,0.086003,0.022519,0.012804,0.003058,0.212500,False,False
703,0.556003,+0.0000,+0.0000,+0.0000,+0.0000,-0.0600,+2.0000,+0.5000,-0.3000,0.004020,0.302228,0.086890,0.107446,0.015928,0.003646,0.026250,False,False
704,0.556072,+0.0000,+0.0000,+0.0000,+0.0000,-0.0600,+1.5000,-1.0000,-0.5000,0.003717,0.302068,0.086762,0.107976,0.016208,0.003211,0.041250,False,False
705,0.556072,+0.0000,+0.0000,+0.0000,+0.0000,-0.0600,+1.5000,-1.0000,-0.3000,0.004535,0.302422,0.086921,0.119564,0.016912,0.002916,0.042500,False,False
706,0.556303,+0.0000,+0.0000,+0.0000,+0.0000,-0.0600,-0.5000,+2.0000,+0.3000,0.001501,0.298201,0.086901,0.130272,0.009667,0.001595,0.102500,False,False
707,0.556333,+0.0000,+0.0000,+0.0000,+0.0000,-0.0600,+0.5000,+1.0000,-0.3000,0.003379,0.303936,0.086527,0.098909,0.016799,0.003644,0.027500,False,False
708,0.556346,+0.0000,+0.0000,+0.0000,+0.0000,+0.0600,-2.0000,-2.0000,-0.3000,0.003451,0.267579,0.087700,0.208959,0.009166,0.001838,0.123750,False,False
709,0.556422,+0.0000,+0.0000,+0.0000,+0.0000,-0.0600,+1.5000,-1.5000,+0.0000,0.002838,0.303741,0.087170,0.117907,0.010946,0.002875,0.050000,False,False
710,0.556458,+0.0000,+0.0000,+0.0000,+0.0000,-0.0600,-0.5000,-1.0000,-0.5000,0.003891,0.301149,0.086693,0.105078,0.016960,0.002973,0.052500,False,False
711,0.556639,+0.0000,+0.0000,+0.0000,+0.0000,-0.0600,+0.5000,-2.0000,+0.0000,0.000180,0.301121,0.084809,0.004981,0.012654,0.003166,0.106250,False,False
712,0.556842,+0.0000,+0.0000,+0.0000,+0.0000,-0.0600,-1.0000,+0.5000,+0.0000,0.003417,0.307700,0.086576,0.093977,0.017873,0.003563,0.023750,False,False
713,0.556929,+0.0000,+0.0000,+0.0000,+0.0000,-0.0600,+0.5000,-1.5000,-0.5000,0.000284,0.302065,0.086738,0.018685,0.014004,0.003807,0.075000,False,False
714,0.557277,+0.0000,+0.0000,+0.0000,+0.0000,+0.0600,+1.5000,-1.5000,+0.0000,0.004999,0.253939,0.087065,0.141205,0.018155,0.004416,0.095000,False,False
715,0.557479,+0.0000,+0.0000,+0.0000,+0.0000,-0.0600,+0.5000,-1.5000,+0.3000,0.001084,0.297589,0.085840,0.022866,0.016098,0.002681,0.118750,False,False
716,0.557548,+0.0000,+0.0000,+0.0000,+0.0000,-0.0600,+0.5000,-1.5000,+0.5000,0.003150,0.302253,0.086507,0.089306,0.015988,0.002985,0.061250,False,False
717,0.557609,+0.0000,+0.0000,+0.0000,+0.0000,-0.0600,-1.0000,+1.5000,-0.5000,0.000110,0.300407,0.086505,0.009293,0.014025,0.002869,0.116250,False,False
718,0.557753,+0.0000,+0.0000,+0.0000,+0.0000,-0.0600,-2.0000,-1.0000,-0.3000,0.006058,0.300747,0.087729,0.147358,0.016549,0.003308,0.020000,False,False
719,0.558228,+0.0000,+0.0000,+0.0000,+0.0000,-0.0600,-1.0000,-0.5000,+0.5000,0.003299,0.301522,0.086346,0.103221,0.018920,0.003944,0.022500,False,False
720,0.558651,+0.0000,+0.0000,+0.0000,+0.0000,-0.0600,+1.5000,-1.0000,+0.3000,0.002726,0.305787,0.086942,0.162668,0.008802,0.002531,0.040000,False,False
721,0.558773,+0.0000,+0.0000,+0.0000,+0.0000,-0.0600,+2.0000,+2.0000,+0.3000,0.001184,0.299874,0.086598,0.052250,0.013852,0.002533,0.107500,False,False
722,0.558814,+0.0000,+0.0000,+0.0000,+0.0000,+0.0600,+1.5000,+3.0000,-0.5000,0.001508,0.249756,0.086391,0.033568,0.013593,0.004289,0.175000,False,False
723,0.559122,+0.0000,+0.0000,+0.0000,+0.0000,-0.0600,+0.5000,-2.0000,+0.5000,0.005596,0.298387,0.085391,0.012954,0.013714,0.002915,0.111250,False,False
724,0.559210,+0.0000,+0.0000,+0.0000,+0.0000,-0.0600,+1.5000,+1.5000,+0.3000,0.004281,0.299763,0.087529,0.124595,0.008538,0.002543,0.071250,False,False
725,0.559421,+0.0000,+0.0000,+0.0000,+0.0000,-0.0600,-0.5000,-1.5000,+0.0000,0.003244,0.301499,0.085626,0.033430,0.015399,0.003905,0.063750,False,False
726,0.559530,+0.0000,+0.0000,+0.0000,+0.0000,+0.0600,+2.0000,+3.0000,-0.3000,0.003774,0.251469,0.085864,0.042468,0.015371,0.003014,0.205000,False,False
727,0.560032,+0.0000,+0.0000,+0.0000,+0.0000,-0.0600,+0.5000,+1.5000,+0.5000,0.004362,0.299504,0.085640,0.018258,0.014073,0.003943,0.075000,False,False
728,0.560064,+0.0000,+0.0000,+0.0000,+0.0000,+0.0600,+1.0000,-1.0000,+0.0000,0.004454,0.307340,0.086777,0.087932,0.015537,0.003284,0.042500,False,False
729,0.560244,+0.0000,+0.0000,+0.0000,+0.0000,-0.0600,-2.0000,+0.5000,-0.3000,0.005689,0.306442,0.087666,0.145850,0.016130,0.002823,0.028750,False,False
730,0.560419,+0.0000,+0.0000,+0.0000,+0.0000,+0.0600,-0.5000,-2.0000,+0.0000,0.005063,0.251374,0.087106,0.119927,0.017210,0.003667,0.142500,False,False
731,0.561027,+0.0000,+0.0000,+0.0000,+0.0000,+0.0600,-1.0000,+2.0000,+0.0000,0.003251,0.271609,0.086471,0.118266,0.016530,0.003576,0.103750,False,False
732,0.561086,+0.0000,+0.0000,+0.0000,+0.0000,-0.0600,+1.0000,-1.5000,+0.0000,0.002104,0.300401,0.087299,0.115507,0.009138,0.002747,0.073750,False,False
733,0.561163,+0.0000,+0.0000,+0.0000,+0.0000,+0.0600,+1.5000,-1.5000,-0.3000,0.002210,0.295436,0.086650,0.098028,0.015075,0.003170,0.075000,False,False
734,0.561423,+0.0000,+0.0000,+0.0000,+0.0000,+0.0600,+1.0000,+2.0000,+0.5000,0.004426,0.247877,0.086910,0.113180,0.017882,0.004566,0.126250,False,False
735,0.561503,+0.0000,+0.0000,+0.0000,+0.0000,-0.0600,-1.0000,-1.0000,+0.0000,0.004959,0.302242,0.085795,0.011325,0.014347,0.004417,0.057500,False,False
736,0.561605,+0.0000,+0.0000,+0.0000,+0.0000,-0.0600,-1.0000,-1.0000,-0.5000,0.003936,0.301430,0.086843,0.116259,0.017263,0.003633,0.032500,False,False
737,0.561875,+0.0000,+0.0000,+0.0000,+0.0000,-0.0600,+1.0000,-1.0000,+0.5000,0.004684,0.301551,0.087032,0.109694,0.016640,0.003490,0.040000,False,False
738,0.561890,+0.0000,+0.0000,+0.0000,+0.0000,-0.0600,+0.5000,+1.0000,+0.5000,0.004349,0.305632,0.087425,0.137534,0.015380,0.003210,0.027500,False,False
739,0.562051,+0.0000,+0.0000,+0.0000,+0.0000,-0.0600,-2.0000,-1.5000,+0.5000,0.002217,0.300895,0.086380,0.076586,0.016472,0.003381,0.066250,False,False
740,0.562296,+0.0000,+0.0000,+0.0000,+0.0000,-0.0600,-1.0000,-1.5000,-0.3000,0.001973,0.301601,0.086773,0.117903,0.008505,0.003198,0.057500,False,False
741,0.562340,+0.0000,+0.0000,+0.0000,+0.0000,-0.0600,-1.0000,-1.0000,-0.3000,0.002336,0.302498,0.086725,0.051836,0.015395,0.004838,0.027500,False,False
742,0.562374,+0.0000,+0.0000,+0.0000,+0.0000,-0.0600,+1.0000,-1.0000,-0.3000,0.004405,0.297778,0.086896,0.111998,0.016758,0.003155,0.060000,False,False
743,0.562454,+0.0000,+0.0000,+0.0000,+0.0000,-0.0600,-2.0000,-1.5000,-0.3000,0.002142,0.300544,0.085741,0.070575,0.017918,0.003071,0.080000,False,False
744,0.562626,+0.0000,+0.0000,+0.0000,+0.0000,-0.0600,-0.5000,+1.0000,+0.0000,0.004028,0.299535,0.085897,0.026712,0.012971,0.004213,0.067500,False,False
745,0.562687,+0.0000,+0.0000,+0.0000,+0.0000,-0.0600,+1.0000,-2.0000,-0.3000,0.001203,0.300851,0.086758,0.030950,0.013650,0.002984,0.107500,False,False
746,0.562738,+0.0000,+0.0000,+0.0000,+0.0000,-0.0600,-2.0000,+1.0000,+0.0000,0.004324,0.300772,0.088089,0.234648,0.007207,0.002192,0.032500,False,False
747,0.562749,+0.0000,+0.0000,+0.0000,+0.0000,-0.0600,+1.0000,+1.0000,-0.5000,0.002318,0.305890,0.086434,0.121732,0.018861,0.003299,0.033750,False,False
748,0.562871,+0.0000,+0.0000,+0.0000,+0.0000,-0.0600,+1.5000,+1.0000,+0.3000,0.004415,0.307253,0.087460,0.178362,0.007629,0.002499,0.035000,False,False
749,0.562963,+0.0000,+0.0000,+0.0000,+0.0000,+0.0600,+1.5000,-2.0000,-0.3000,0.006300,0.250947,0.087588,0.126714,0.016201,0.003199,0.158750,False,False
750,0.563081,+0.0000,+0.0000,+0.0000,+0.0000,-0.0600,-0.5000,-1.0000,+0.3000,0.004867,0.300856,0.086985,0.121391,0.017251,0.003624,0.032500,False,False
751,0.563315,+0.0000,+0.0000,+0.0000,+0.0000,+0.0600,-1.0000,+2.0000,+0.5000,0.003244,0.269860,0.086187,0.098049,0.017258,0.003236,0.132500,False,False
752,0.563725,+0.0000,+0.0000,+0.0000,+0.0000,+0.0600,+1.0000,+3.0000,+0.0000,0.000562,0.252563,0.086528,0.022560,0.015159,0.003011,0.225000,False,False
753,0.564006,+0.0000,+0.0000,+0.0000,+0.0000,+0.0600,+1.0000,+2.0000,-0.5000,0.005386,0.246869,0.088487,0.247101,0.006871,0.002647,0.137500,False,False
754,0.564016,+0.0000,+0.0000,+0.0000,+0.0000,+0.0600,-0.5000,+3.0000,-0.3000,0.002435,0.251553,0.086361,0.091911,0.016443,0.002756,0.197500,False,False
755,0.564127,+0.0000,+0.0000,+0.0000,+0.0000,-0.0600,-1.0000,-0.5000,+0.3000,0.002913,0.303456,0.086462,0.110745,0.009007,0.004257,0.022500,False,False
756,0.564196,+0.0000,+0.0000,+0.0000,+0.0000,-0.0600,+0.5000,-2.0000,-0.3000,0.002855,0.301276,0.085948,0.013585,0.015641,0.003608,0.092500,False,False
757,0.564259,+0.0000,+0.0000,+0.0000,+0.0000,-0.0600,+0.5000,-1.0000,-0.5000,0.003133,0.303984,0.086454,0.105042,0.016251,0.003708,0.036250,False,False
758,0.564565,+0.0000,+0.0000,+0.0000,+0.0000,-0.0600,+1.0000,+1.5000,+0.5000,0.002107,0.300170,0.086810,0.093163,0.013911,0.003303,0.068750,False,False
759,0.565210,+0.0000,+0.0000,+0.0000,+0.0000,-0.0600,-0.5000,-1.5000,-0.3000,0.001748,0.301969,0.086540,0.061409,0.015419,0.002841,0.096250,False,False
760,0.565232,+0.0000,+0.0000,+0.0000,+0.0000,-0.0600,-2.0000,-0.5000,+0.3000,0.004408,0.301317,0.086606,0.093523,0.019169,0.004354,0.023750,False,False
761,0.565408,+0.0000,+0.0000,+0.0000,+0.0000,-0.0600,+2.0000,+0.5000,+0.0000,0.005475,0.303195,0.087527,0.153027,0.017181,0.003223,0.027500,False,False
762,0.565434,+0.0000,+0.0000,+0.0000,+0.0000,+0.0600,+1.0000,-2.0000,+0.3000,0.002618,0.262992,0.086423,0.083660,0.015544,0.004338,0.125000,False,False
763,0.565746,+0.0000,+0.0000,+0.0000,+0.0000,-0.0600,+2.0000,+1.5000,-0.3000,0.003485,0.304808,0.086675,0.116465,0.017666,0.003013,0.052500,False,False
764,0.566098,+0.0000,+0.0000,+0.0000,+0.0000,-0.0600,+1.5000,+1.0000,+0.0000,0.003576,0.299620,0.086616,0.104265,0.017586,0.003199,0.065000,False,False
765,0.566137,+0.0000,+0.0000,+0.0000,+0.0000,-0.0600,+1.5000,+0.5000,+0.3000,0.005376,0.303975,0.087611,0.157792,0.016912,0.003520,0.015000,False,False
766,0.566478,+0.0000,+0.0000,+0.0000,+0.0000,-0.0600,+1.0000,+0.5000,+0.0000,0.005072,0.299864,0.087321,0.120483,0.016221,0.004305,0.018750,False,False
767,0.566686,+0.0000,+0.0000,+0.0000,+0.0000,-0.0600,+2.0000,+1.5000,+0.0000,0.002163,0.305127,0.086972,0.089510,0.009629,0.003184,0.070000,False,False
768,0.567148,+0.0000,+0.0000,+0.0000,+0.0000,-0.0600,+1.5000,+1.0000,-0.5000,0.004414,0.300068,0.086886,0.117641,0.016339,0.003384,0.052500,False,False
769,0.567300,+0.0000,+0.0000,+0.0000,+0.0000,+0.0600,-0.5000,+3.0000,+0.0000,0.002499,0.252576,0.085893,0.054778,0.016160,0.003297,0.201250,False,False
770,0.567377,+0.0000,+0.0000,+0.0000,+0.0000,-0.0600,+1.0000,+1.5000,+0.0000,0.002671,0.304353,0.086956,0.130051,0.009031,0.003254,0.050000,False,False
771,0.567650,+0.0000,+0.0000,+0.0000,+0.0000,-0.0600,+1.0000,+1.0000,-0.3000,0.002047,0.305461,0.086333,0.074901,0.018137,0.003746,0.052500,False,False
772,0.567661,+0.0000,+0.0000,+0.0000,+0.0000,-0.0600,-0.5000,-2.0000,+0.3000,0.001659,0.301011,0.087062,0.085559,0.008888,0.002086,0.121250,False,False
773,0.567834,+0.0000,+0.0000,+0.0000,+0.0000,-0.0600,-2.0000,+0.5000,-0.5000,0.004785,0.306246,0.087075,0.110389,0.016652,0.003706,0.031250,False,False
774,0.568035,+0.0000,+0.0000,+0.0000,+0.0000,-0.0600,+2.0000,-1.5000,+0.5000,0.004150,0.305335,0.084888,0.009218,0.015985,0.003395,0.096250,False,False
775,0.568345,+0.0000,+0.0000,+0.0000,+0.0000,+0.0600,+2.0000,+2.0000,-0.3000,0.003802,0.251219,0.086704,0.116686,0.015338,0.003408,0.170000,False,False
776,0.568382,+0.0000,+0.0000,+0.0000,+0.0000,-0.0600,-2.0000,-1.5000,-0.5000,0.003565,0.301345,0.085572,0.017184,0.016587,0.004074,0.080000,False,False
777,0.568387,+0.0000,+0.0000,+0.0000,+0.0000,-0.0600,+1.0000,-1.0000,+0.0000,0.003529,0.305061,0.087349,0.138757,0.012156,0.003041,0.048750,False,False
778,0.568743,+0.0000,+0.0000,+0.0000,+0.0000,-0.0600,-0.5000,+1.0000,+0.3000,0.006966,0.299946,0.088009,0.148746,0.015715,0.002819,0.055000,False,False
779,0.568907,+0.0000,+0.0000,+0.0000,+0.0000,-0.0600,+0.5000,-1.0000,+0.5000,0.003042,0.308412,0.086415,0.103656,0.018255,0.003081,0.053750,False,False
780,0.568978,+0.0000,+0.0000,+0.0000,+0.0000,-0.0600,+0.5000,+0.5000,+0.3000,0.002776,0.306788,0.086352,0.081360,0.009792,0.004545,0.027500,False,False
781,0.569506,+0.0000,+0.0000,+0.0000,+0.0000,-0.0600,+1.5000,+2.0000,+0.5000,0.000406,0.307385,0.086547,0.016160,0.014310,0.002775,0.118750,False,False
782,0.569581,+0.0000,+0.0000,+0.0000,+0.0000,-0.0600,+2.0000,+1.0000,+0.5000,0.003314,0.303220,0.086519,0.106489,0.016934,0.003605,0.048750,False,False
783,0.569589,+0.0000,+0.0000,+0.0000,+0.0000,-0.0600,-1.0000,-1.5000,+0.3000,0.005176,0.301362,0.087718,0.159395,0.012559,0.002545,0.062500,False,False
784,0.569633,+0.0000,+0.0000,+0.0000,+0.0000,-0.0600,-0.5000,+1.5000,+0.0000,0.005254,0.301212,0.087259,0.121485,0.015708,0.002744,0.072500,False,False
785,0.569823,+0.0000,+0.0000,+0.0000,+0.0000,-0.0600,-2.0000,+1.5000,-0.5000,0.000124,0.306282,0.086578,0.008152,0.014603,0.003783,0.092500,False,False
786,0.569916,+0.0000,+0.0000,+0.0000,+0.0000,+0.0600,+2.0000,-2.0000,+0.5000,0.003254,0.251099,0.086593,0.113475,0.015601,0.004202,0.148750,False,False
787,0.570377,+0.0000,+0.0000,+0.0000,+0.0000,+0.0600,+1.0000,+3.0000,+0.3000,0.005431,0.252149,0.085793,0.025073,0.013061,0.003632,0.208750,False,False
788,0.570763,+0.0000,+0.0000,+0.0000,+0.0000,-0.0600,+1.5000,-1.5000,-0.5000,0.003360,0.306359,0.087479,0.195010,0.009230,0.002307,0.048750,False,False
789,0.571278,+0.0000,+0.0000,+0.0000,+0.0000,+0.0600,-1.0000,+2.0000,-0.5000,0.002305,0.275848,0.085880,0.069217,0.018304,0.002806,0.161250,False,False
790,0.571464,+0.0000,+0.0000,+0.0000,+0.0000,-0.0600,-2.0000,-2.0000,+0.5000,0.000712,0.297781,0.085997,0.038998,0.017736,0.003140,0.117500,False,False
791,0.571469,+0.0000,+0.0000,+0.0000,+0.0000,-0.0600,-0.5000,-1.0000,+0.5000,0.003207,0.305125,0.086419,0.087225,0.015444,0.003710,0.055000,False,False
792,0.571942,+0.0000,+0.0000,+0.0000,+0.0000,-0.0600,+2.0000,+1.0000,-0.5000,0.004635,0.298069,0.087824,0.193476,0.008650,0.002657,0.057500,False,False
793,0.572114,+0.0000,+0.0000,+0.0000,+0.0000,+0.0600,-1.0000,-1.5000,+0.5000,0.003407,0.266908,0.086486,0.097224,0.018144,0.003677,0.138750,False,False
794,0.572609,+0.0000,+0.0000,+0.0000,+0.0000,-0.0600,+2.0000,-1.0000,+0.0000,0.004780,0.308446,0.087703,0.177649,0.010290,0.002903,0.032500,False,False
795,0.572902,+0.0000,+0.0000,+0.0000,+0.0000,+0.0600,+1.0000,-3.0000,+0.5000,0.003313,0.249882,0.086120,0.043626,0.013285,0.003889,0.203750,False,False
796,0.573048,+0.0000,+0.0000,+0.0000,+0.0000,-0.0600,+0.5000,+1.0000,-0.5000,0.004920,0.301189,0.087396,0.150091,0.016405,0.003687,0.032500,False,False
797,0.573461,+0.0000,+0.0000,+0.0000,+0.0000,-0.0600,+2.0000,-2.0000,-0.5000,0.002225,0.302037,0.086627,0.107217,0.009313,0.003103,0.082500,False,False
798,0.574162,+0.0000,+0.0000,+0.0000,+0.0000,-0.0600,-2.0000,+1.0000,-0.3000,0.004282,0.301718,0.086934,0.133701,0.016934,0.003670,0.042500,False,False
799,0.574347,+0.0000,+0.0000,+0.0000,+0.0000,+0.0600,+1.0000,-2.0000,-0.3000,0.004644,0.248347,0.086685,0.101825,0.014928,0.004850,0.145000,False,False
800,0.574598,+0.0000,+0.0000,+0.0000,+0.0000,+0.0600,-1.0000,-2.0000,+0.5000,0.003505,0.266812,0.087584,0.195362,0.008974,0.002373,0.145000,False,False
801,0.574694,+0.0000,+0.0000,+0.0000,+0.0000,+0.0600,+1.5000,-2.0000,-0.5000,0.009617,0.250986,0.089017,0.139352,0.013672,0.003565,0.156250,False,False
802,0.574735,+0.0000,+0.0000,+0.0000,+0.0000,-0.0600,-2.0000,+1.0000,+0.3000,0.004935,0.305551,0.087027,0.129589,0.016052,0.003369,0.046250,False,False
803,0.575262,+0.0000,+0.0000,+0.0000,+0.0000,-0.0600,+1.0000,+3.0000,+0.0000,0.001092,0.303544,0.086414,0.012421,0.014414,0.002264,0.155000,False,False
804,0.575297,+0.0000,+0.0000,+0.0000,+0.0000,-0.0600,+0.5000,-1.5000,-0.3000,0.003502,0.303999,0.087649,0.214268,0.008709,0.002041,0.061250,False,False
805,0.575316,+0.0000,+0.0000,+0.0000,+0.0000,+0.0600,+1.0000,+3.0000,-0.5000,0.003024,0.248091,0.087599,0.218297,0.008640,0.001945,0.193750,False,False
806,0.575804,+0.0000,+0.0000,+0.0000,+0.0000,-0.0600,+0.5000,-0.5000,+0.3000,0.006832,0.304020,0.088503,0.229445,0.008128,0.002772,0.025000,False,False
807,0.576184,+0.0000,+0.0000,+0.0000,+0.0000,-0.0600,+2.0000,-2.0000,-0.3000,0.002076,0.302646,0.086179,0.017024,0.014113,0.003499,0.113750,False,False
808,0.576229,+0.0000,+0.0000,+0.0000,+0.0000,-0.0600,-1.0000,+1.0000,+0.0000,0.003444,0.298227,0.086378,0.091140,0.017963,0.003435,0.083750,False,False
809,0.576477,+0.0000,+0.0000,+0.0000,+0.0000,-0.0600,+2.0000,+2.0000,+0.5000,0.000585,0.298325,0.086666,0.016491,0.014361,0.003555,0.125000,False,False
810,0.576481,+0.0000,+0.0000,+0.0000,+0.0000,-0.0600,+2.0000,-1.0000,+0.5000,0.003688,0.308304,0.086642,0.114279,0.017273,0.003562,0.045000,False,False
811,0.576514,+0.0000,+0.0000,+0.0000,+0.0000,+0.0600,+0.5000,+0.5000,+0.0000,0.003566,0.326351,0.086954,0.098893,0.014926,0.003571,0.012500,False,False
812,0.576591,+0.0000,+0.0000,+0.0000,+0.0000,-0.0600,+1.0000,-1.5000,+0.3000,0.003011,0.302371,0.087743,0.205489,0.010563,0.002142,0.067500,False,False
813,0.576651,+0.0000,+0.0000,+0.0000,+0.0000,-0.0600,-2.0000,-1.5000,+0.3000,0.004058,0.300152,0.086848,0.123875,0.017084,0.003121,0.073750,False,False
814,0.576738,+0.0000,+0.0000,+0.0000,+0.0000,-0.0600,-0.5000,+0.5000,-0.3000,0.004039,0.305482,0.086813,0.117107,0.016365,0.004410,0.022500,False,False
815,0.577449,+0.0000,+0.0000,+0.0000,+0.0000,-0.0600,-1.0000,-1.5000,-0.5000,0.003429,0.301318,0.086499,0.111680,0.016434,0.003385,0.071250,False,False
816,0.577712,+0.0000,+0.0000,+0.0000,+0.0000,-0.0600,-1.0000,+2.0000,+0.0000,0.005962,0.305964,0.085507,0.012664,0.014874,0.002971,0.121250,False,False
817,0.578713,+0.0000,+0.0000,+0.0000,+0.0000,+0.0600,+2.0000,-2.0000,+0.3000,0.005463,0.251262,0.087123,0.118075,0.016839,0.003220,0.188750,False,False
818,0.578720,+0.0000,+0.0000,+0.0000,+0.0000,-0.0600,+2.0000,+1.0000,+0.0000,0.003800,0.302325,0.086443,0.108545,0.016811,0.003847,0.056250,False,False
819,0.579141,+0.0000,+0.0000,+0.0000,+0.0000,-0.0600,-2.0000,-3.0000,+0.3000,0.001071,0.299900,0.086687,0.072571,0.010242,0.002403,0.138750,False,False
820,0.579323,+0.0000,+0.0000,+0.0000,+0.0000,-0.0600,-2.0000,-2.0000,-0.3000,0.002759,0.301899,0.086584,0.081431,0.015301,0.003241,0.095000,False,False
821,0.579395,+0.0000,+0.0000,+0.0000,+0.0000,+0.0600,-2.0000,+3.0000,+0.0000,0.001464,0.251405,0.086353,0.124810,0.009060,0.003537,0.188750,False,False
822,0.579556,+0.0000,+0.0000,+0.0000,+0.0000,+0.0600,-1.0000,-3.0000,+0.3000,0.005691,0.251095,0.087675,0.084169,0.012695,0.003537,0.200000,False,False
823,0.579811,+0.0000,+0.0000,+0.0000,+0.0000,+0.0600,+2.0000,-2.0000,-0.3000,0.006620,0.250005,0.088826,0.263968,0.007476,0.001800,0.173750,False,False
824,0.580135,+0.0000,+0.0000,+0.0000,+0.0000,-0.0600,+0.5000,+3.0000,+0.5000,0.000143,0.304735,0.085870,0.010575,0.016370,0.002375,0.157500,False,False
825,0.580246,+0.0000,+0.0000,+0.0000,+0.0000,-0.0600,+1.5000,-3.0000,-0.3000,0.000893,0.302070,0.086323,0.013920,0.015117,0.002549,0.156250,False,False
826,0.580364,+0.0000,+0.0000,+0.0000,+0.0000,-0.0600,+1.0000,-1.0000,-0.5000,0.004905,0.303280,0.086809,0.118162,0.017435,0.003873,0.048750,False,False
827,0.580943,+0.0000,+0.0000,+0.0000,+0.0000,+0.0600,-2.0000,+1.0000,+0.5000,0.003574,0.310429,0.086498,0.121237,0.017802,0.003487,0.046250,False,False
828,0.581160,+0.0000,+0.0000,+0.0000,+0.0000,-0.0600,+0.5000,-1.0000,+0.3000,0.003020,0.303534,0.087171,0.130291,0.009439,0.004119,0.045000,False,False
829,0.582493,+0.0000,+0.0000,+0.0000,+0.0000,+0.0600,+2.0000,-2.0000,-0.5000,0.005887,0.262096,0.087439,0.125192,0.016057,0.003404,0.160000,False,False
830,0.582541,+0.0000,+0.0000,+0.0000,+0.0000,-0.0600,-1.0000,+1.0000,+0.3000,0.005873,0.305433,0.087862,0.128736,0.016071,0.003433,0.056250,False,False
831,0.582554,+0.0000,+0.0000,+0.0000,+0.0000,+0.0600,-2.0000,-3.0000,+0.0000,0.000459,0.270649,0.086896,0.020583,0.011835,0.003142,0.213750,False,False
832,0.582592,+0.0000,+0.0000,+0.0000,+0.0000,-0.0600,-1.0000,-1.0000,+0.5000,0.002722,0.299530,0.086472,0.120154,0.019209,0.004131,0.053750,False,False
833,0.582872,+0.0000,+0.0000,+0.0000,+0.0000,+0.0600,-2.0000,+1.5000,+0.3000,0.002659,0.311350,0.086517,0.119646,0.008583,0.003332,0.062500,False,False
834,0.583094,+0.0000,+0.0000,+0.0000,+0.0000,+0.0600,+1.5000,-3.0000,+0.3000,0.001406,0.250890,0.086503,0.090907,0.008960,0.003260,0.222500,False,False
835,0.583301,+0.0000,+0.0000,+0.0000,+0.0000,-0.0600,-1.0000,-1.0000,+0.3000,0.004650,0.306530,0.087067,0.137445,0.016191,0.003697,0.043750,False,False
836,0.583795,+0.0000,+0.0000,+0.0000,+0.0000,-0.0600,-2.0000,+1.0000,-0.5000,0.004815,0.307160,0.086965,0.107075,0.016156,0.003263,0.072500,False,False
837,0.584017,+0.0000,+0.0000,+0.0000,+0.0000,-0.0600,+1.5000,-2.0000,+0.5000,0.000215,0.300400,0.086284,0.011159,0.015080,0.003718,0.130000,False,False
838,0.584099,+0.0000,+0.0000,+0.0000,+0.0000,-0.0600,-0.5000,-1.5000,+0.3000,0.003035,0.301524,0.086619,0.107893,0.017893,0.003893,0.066250,False,False
839,0.584518,+0.0000,+0.0000,+0.0000,+0.0000,+0.0600,-0.5000,-3.0000,+0.3000,0.002343,0.251895,0.087110,0.146578,0.008588,0.002163,0.230000,False,False
840,0.584941,+0.0000,+0.0000,+0.0000,+0.0000,-0.0600,-2.0000,+1.0000,+0.5000,0.004783,0.299947,0.087364,0.140722,0.016207,0.003733,0.058750,False,False
841,0.585084,+0.0000,+0.0000,+0.0000,+0.0000,+0.0600,+1.5000,+3.0000,+0.3000,0.001372,0.252146,0.087053,0.115730,0.009439,0.003638,0.197500,False,False
842,0.585134,+0.0000,+0.0000,+0.0000,+0.0000,-0.0600,-2.0000,+2.0000,-0.5000,0.004987,0.299463,0.085722,0.021767,0.013336,0.003447,0.131250,False,False
843,0.586233,+0.0000,+0.0000,+0.0000,+0.0000,-0.0600,-2.0000,+1.5000,+0.0000,0.002755,0.304941,0.086280,0.090743,0.017784,0.002797,0.107500,False,False
844,0.586452,+0.0000,+0.0000,+0.0000,+0.0000,+0.0600,-2.0000,-3.0000,+0.5000,0.002334,0.269950,0.085804,0.042554,0.014973,0.002472,0.227500,False,False
845,0.588003,+0.0000,+0.0000,+0.0000,+0.0000,-0.0600,-2.0000,+1.5000,+0.3000,0.003317,0.304907,0.086066,0.056545,0.016259,0.003636,0.100000,False,False
846,0.588017,+0.0000,+0.0000,+0.0000,+0.0000,+0.0600,+1.5000,-2.0000,+0.3000,0.001736,0.307985,0.086015,0.068973,0.013040,0.002982,0.113750,False,False
847,0.588313,+0.0000,+0.0000,+0.0000,+0.0000,+0.0600,-2.0000,+3.0000,+0.3000,0.003676,0.270306,0.085827,0.018215,0.014375,0.003003,0.222500,False,False
848,0.588582,+0.0000,+0.0000,+0.0000,+0.0000,-0.0600,+1.0000,+1.5000,-0.5000,0.004837,0.297981,0.086996,0.102847,0.016231,0.003343,0.101250,False,False
849,0.588798,+0.0000,+0.0000,+0.0000,+0.0000,-0.0600,-1.0000,+1.5000,+0.5000,0.004110,0.303424,0.086892,0.105742,0.015723,0.002903,0.103750,False,False
850,0.589140,+0.0000,+0.0000,+0.0000,+0.0000,-0.0600,+0.5000,+1.5000,+0.0000,0.003244,0.298648,0.086480,0.093558,0.016496,0.003574,0.100000,False,False
851,0.589285,+0.0000,+0.0000,+0.0000,+0.0000,-0.0600,-2.0000,-2.0000,+0.0000,0.000146,0.307990,0.085708,0.008599,0.016586,0.002967,0.146250,False,False
852,0.589767,+0.0000,+0.0000,+0.0000,+0.0000,-0.0600,-0.5000,+2.0000,-0.3000,0.003735,0.303099,0.085819,0.010529,0.014213,0.004271,0.110000,False,False
853,0.589797,+0.0000,+0.0000,+0.0000,+0.0000,+0.0600,+2.0000,+3.0000,-0.5000,0.002351,0.250996,0.086184,0.041425,0.015117,0.003528,0.242500,False,False
854,0.590002,+0.0000,+0.0000,+0.0000,+0.0000,-0.0600,+2.0000,-1.5000,-0.5000,0.003981,0.305259,0.086772,0.117397,0.016840,0.003688,0.068750,False,False
855,0.590361,+0.0000,+0.0000,+0.0000,+0.0000,+0.0600,+1.5000,+1.5000,+0.0000,0.002241,0.311972,0.086494,0.082387,0.013501,0.004120,0.062500,False,False
856,0.590589,+0.0000,+0.0000,+0.0000,+0.0000,-0.0600,-1.0000,+1.5000,+0.0000,0.003815,0.306896,0.086701,0.093893,0.017334,0.002639,0.112500,False,False
857,0.590630,+0.0000,+0.0000,+0.0000,+0.0000,-0.0600,-2.0000,-2.0000,-0.5000,0.000432,0.301212,0.086590,0.022440,0.014118,0.004360,0.112500,False,False
858,0.590658,+0.0000,+0.0000,+0.0000,+0.0000,-0.0600,-2.0000,-1.5000,+0.0000,0.004233,0.301543,0.086777,0.104509,0.016548,0.003082,0.105000,False,False
859,0.590865,+0.0000,+0.0000,+0.0000,+0.0000,-0.0600,+2.0000,+2.0000,-0.5000,0.001765,0.303044,0.087173,0.104088,0.011323,0.002910,0.116250,False,False
860,0.591373,+0.0000,+0.0000,+0.0000,+0.0000,-0.0600,+0.5000,+1.0000,+0.3000,0.003936,0.300592,0.086898,0.148618,0.018242,0.003508,0.071250,False,False
861,0.591959,+0.0000,+0.0000,+0.0000,+0.0000,-0.0600,+1.5000,-3.0000,+0.5000,0.001740,0.301217,0.086573,0.011931,0.013306,0.003039,0.162500,False,False
862,0.592435,+0.0000,+0.0000,+0.0000,+0.0000,+0.0600,-1.0000,+1.0000,-0.5000,0.004147,0.325846,0.086715,0.106119,0.017668,0.003409,0.038750,False,False
863,0.592777,+0.0000,+0.0000,+0.0000,+0.0000,+0.0600,+1.0000,-2.0000,+0.5000,0.008659,0.249666,0.088818,0.189362,0.012465,0.003965,0.153750,False,False
864,0.592783,+0.0000,+0.0000,+0.0000,+0.0000,-0.0600,-1.0000,+2.0000,+0.3000,0.000246,0.305093,0.086645,0.006454,0.013933,0.004263,0.118750,False,False
865,0.593393,+0.0000,+0.0000,+0.0000,+0.0000,-0.0600,+1.0000,+1.0000,+0.3000,0.005133,0.303346,0.087417,0.172410,0.017587,0.003878,0.042500,False,False
866,0.593628,+0.0000,+0.0000,+0.0000,+0.0000,-0.0600,+2.0000,-0.5000,+0.3000,0.013399,0.302280,0.090970,0.212159,0.011516,0.003744,0.021250,False,False
867,0.593911,+0.0000,+0.0000,+0.0000,+0.0000,-0.0600,+0.5000,+3.0000,+0.0000,0.000831,0.303651,0.085534,0.021762,0.010769,0.002328,0.182500,False,False
868,0.594284,+0.0000,+0.0000,+0.0000,+0.0000,-0.0600,+0.5000,-3.0000,-0.3000,0.004108,0.302630,0.085757,0.008253,0.012657,0.002822,0.168750,False,False
869,0.595270,+0.0000,+0.0000,+0.0000,+0.0000,-0.0600,-1.0000,+2.0000,-0.3000,0.003184,0.306251,0.085823,0.057620,0.016850,0.004031,0.095000,False,False
870,0.595607,+0.0000,+0.0000,+0.0000,+0.0000,-0.0600,-0.5000,-1.5000,+0.5000,0.004306,0.301470,0.086882,0.108048,0.016497,0.003504,0.097500,False,False
871,0.595747,+0.0000,+0.0000,+0.0000,+0.0000,-0.0600,+2.0000,-1.0000,-0.5000,0.002284,0.305679,0.087001,0.173208,0.008759,0.004483,0.032500,False,False
872,0.596186,+0.0000,+0.0000,+0.0000,+0.0000,+0.0600,-2.0000,+1.5000,+0.0000,0.002136,0.308328,0.086090,0.077014,0.018963,0.004165,0.077500,False,False
873,0.596299,+0.0000,+0.0000,+0.0000,+0.0000,-0.0600,+1.5000,+1.5000,-0.5000,0.002858,0.299026,0.087387,0.184656,0.009093,0.003756,0.066250,False,False
874,0.596775,+0.0000,+0.0000,+0.0000,+0.0000,-0.0600,+0.5000,+1.5000,+0.3000,0.003248,0.306725,0.086708,0.115751,0.017023,0.003344,0.090000,False,False
875,0.596976,+0.0000,+0.0000,+0.0000,+0.0000,+0.0600,-1.0000,+3.0000,-0.5000,0.001561,0.275102,0.086433,0.036949,0.012889,0.002925,0.223750,False,False
876,0.596985,+0.0000,+0.0000,+0.0000,+0.0000,-0.0600,+0.5000,-3.0000,+0.5000,0.000111,0.297199,0.086562,0.008385,0.014301,0.002931,0.187500,False,False
877,0.597678,+0.0000,+0.0000,+0.0000,+0.0000,-0.0600,-0.5000,+0.5000,+0.3000,0.008776,0.300454,0.089372,0.256268,0.009754,0.003763,0.018750,False,False
878,0.597998,+0.0000,+0.0000,+0.0000,+0.0000,-0.0600,-2.0000,+2.0000,+0.3000,0.004319,0.305726,0.085617,0.008380,0.015252,0.004026,0.125000,False,False
879,0.598053,+0.0000,+0.0000,+0.0000,+0.0000,+0.0600,+1.0000,-3.0000,+0.0000,0.003801,0.263861,0.086659,0.107496,0.016671,0.003213,0.200000,False,False
880,0.598726,+0.0000,+0.0000,+0.0000,+0.0000,-0.0600,+0.5000,+2.0000,-0.5000,0.000364,0.305548,0.085555,0.015962,0.016681,0.003486,0.146250,False,False
881,0.598762,+0.0000,+0.0000,+0.0000,+0.0000,-0.0600,-2.0000,+2.0000,+0.0000,0.002417,0.306855,0.086013,0.072771,0.019489,0.003009,0.125000,False,False
882,0.598791,+0.0000,+0.0000,+0.0000,+0.0000,-0.0600,+1.5000,+3.0000,-0.5000,0.001799,0.306013,0.086536,0.078866,0.009118,0.002368,0.155000,False,False
883,0.598888,+0.0000,+0.0000,+0.0000,+0.0000,-0.0600,+1.0000,+2.0000,-0.5000,0.001240,0.306776,0.086813,0.057173,0.009063,0.003499,0.127500,False,False
884,0.599285,+0.0000,+0.0000,+0.0000,+0.0000,-0.0600,-2.0000,-2.0000,+0.3000,0.002767,0.303275,0.085918,0.082567,0.019051,0.002719,0.138750,False,False
885,0.599310,+0.0000,+0.0000,+0.0000,+0.0000,-0.0600,-0.5000,-3.0000,+0.3000,0.000685,0.300738,0.086740,0.010181,0.013707,0.002759,0.187500,False,False
886,0.599344,+0.0000,+0.0000,+0.0000,+0.0000,-0.0600,+1.5000,+1.5000,+0.0000,0.005722,0.306938,0.085404,0.011514,0.012471,0.004898,0.093750,False,False
887,0.599899,+0.0000,+0.0000,+0.0000,+0.0000,-0.0600,+0.5000,-0.5000,-0.5000,0.013113,0.306646,0.090898,0.269582,0.011655,0.003127,0.013750,False,False
888,0.600437,+0.0000,+0.0000,+0.0000,+0.0000,-0.0600,-1.0000,-1.5000,+0.0000,0.004352,0.302426,0.086815,0.122207,0.015872,0.003705,0.090000,False,False
889,0.601193,+0.0000,+0.0000,+0.0000,+0.0000,+0.0600,-2.0000,+1.5000,-0.5000,0.003462,0.309479,0.087664,0.195643,0.009403,0.002728,0.077500,False,False
890,0.601775,+0.0000,+0.0000,+0.0000,+0.0000,-0.0600,+0.5000,+1.5000,-0.3000,0.003223,0.299281,0.086619,0.131881,0.010484,0.004338,0.080000,False,False
891,0.602062,+0.0000,+0.0000,+0.0000,+0.0000,-0.0600,+0.5000,+2.0000,+0.0000,0.004848,0.309548,0.085116,0.010937,0.015132,0.003975,0.122500,False,False
892,0.602117,+0.0000,+0.0000,+0.0000,+0.0000,-0.0600,+1.0000,+3.0000,+0.5000,0.002176,0.300432,0.087054,0.149242,0.008738,0.001785,0.157500,False,False
893,0.602204,+0.0000,+0.0000,+0.0000,+0.0000,-0.0600,+1.5000,-1.0000,+0.5000,0.005286,0.308182,0.088241,0.203200,0.009071,0.003423,0.052500,False,False
894,0.602704,+0.0000,+0.0000,+0.0000,+0.0000,+0.0600,-2.0000,-2.0000,+0.5000,0.004151,0.271911,0.086757,0.101786,0.016536,0.003516,0.181250,False,False
895,0.602777,+0.0000,+0.0000,+0.0000,+0.0000,+0.0600,-0.5000,-3.0000,+0.0000,0.003345,0.251102,0.086584,0.080718,0.015326,0.002888,0.263750,False,False
896,0.603457,+0.0000,+0.0000,+0.0000,+0.0000,-0.0600,+1.0000,-3.0000,-0.5000,0.000741,0.305715,0.086437,0.017198,0.014935,0.002967,0.171250,False,False
897,0.603545,+0.0000,+0.0000,+0.0000,+0.0000,-0.0600,+1.0000,+1.5000,+0.3000,0.006650,0.302936,0.087882,0.153857,0.012138,0.003065,0.098750,False,False
898,0.603560,+0.0000,+0.0000,+0.0000,+0.0000,-0.0600,+1.0000,-2.0000,+0.5000,0.003548,0.298270,0.086478,0.086544,0.017250,0.003267,0.137500,False,False
899,0.603759,+0.0000,+0.0000,+0.0000,+0.0000,+0.0600,+1.5000,-3.0000,+0.0000,0.002679,0.251634,0.086214,0.086717,0.017819,0.003456,0.241250,False,False
900,0.604080,+0.0000,+0.0000,+0.0000,+0.0000,-0.0600,+1.5000,+2.0000,+0.3000,0.001930,0.307675,0.085483,0.027915,0.015506,0.003601,0.138750,False,False
901,0.604587,+0.0000,+0.0000,+0.0000,+0.0000,-0.0600,-0.5000,-2.0000,+0.5000,0.002305,0.300933,0.087002,0.101508,0.008769,0.003069,0.141250,False,False
902,0.604746,+0.0000,+0.0000,+0.0000,+0.0000,-0.0600,+1.0000,+1.5000,-0.3000,0.001148,0.305781,0.086520,0.031651,0.014095,0.004948,0.100000,False,False
903,0.605397,+0.0000,+0.0000,+0.0000,+0.0000,-0.0600,+2.0000,-1.5000,+0.0000,0.004556,0.299425,0.086865,0.104582,0.015308,0.003306,0.127500,False,False
904,0.606172,+0.0000,+0.0000,+0.0000,+0.0000,-0.0600,+1.5000,+2.0000,+0.0000,0.003957,0.305426,0.086142,0.048080,0.015928,0.003412,0.140000,False,False
905,0.606540,+0.0000,+0.0000,+0.0000,+0.0000,-0.0600,-0.5000,-2.0000,-0.3000,0.002749,0.301200,0.087289,0.147349,0.007199,0.003753,0.098750,False,False
906,0.606955,+0.0000,+0.0000,+0.0000,+0.0000,+0.0600,-0.5000,-3.0000,-0.3000,0.001756,0.251138,0.086723,0.135458,0.010165,0.005107,0.176250,False,False
907,0.607187,+0.0000,+0.0000,+0.0000,+0.0000,-0.0600,-0.5000,+2.0000,+0.0000,0.003152,0.299040,0.086483,0.089692,0.018410,0.003113,0.145000,False,False
908,0.607304,+0.0000,+0.0000,+0.0000,+0.0000,-0.0600,+1.0000,+2.0000,+0.3000,0.003120,0.303822,0.086564,0.115306,0.017552,0.003436,0.111250,False,False
909,0.607593,+0.0000,+0.0000,+0.0000,+0.0000,+0.0600,-1.0000,-3.0000,-0.5000,0.005343,0.263171,0.086782,0.068655,0.013498,0.002598,0.257500,False,False
910,0.607998,+0.0000,+0.0000,+0.0000,+0.0000,-0.0600,-1.0000,-2.0000,+0.3000,0.003556,0.305089,0.086043,0.075333,0.016288,0.002979,0.145000,False,False
911,0.608363,+0.0000,+0.0000,+0.0000,+0.0000,-0.0600,+0.5000,+1.5000,-0.5000,0.004123,0.307274,0.086881,0.126962,0.017256,0.003817,0.085000,False,False
912,0.608652,+0.0000,+0.0000,+0.0000,+0.0000,+0.0600,+1.5000,+3.0000,-0.3000,0.001883,0.248120,0.086510,0.033597,0.013874,0.004244,0.262500,False,False
913,0.608856,+0.0000,+0.0000,+0.0000,+0.0000,+0.0600,-2.0000,-2.0000,-0.5000,0.005200,0.268126,0.087501,0.163114,0.017206,0.003212,0.177500,False,False
914,0.609226,+0.0000,+0.0000,+0.0000,+0.0000,+0.0600,-1.0000,+1.0000,+0.3000,0.005640,0.323821,0.087175,0.126085,0.016382,0.003749,0.048750,False,False
915,0.609490,+0.0000,+0.0000,+0.0000,+0.0000,-0.0600,+1.0000,-2.0000,+0.0000,0.003841,0.305011,0.086673,0.119757,0.016155,0.003019,0.123750,False,False
916,0.609668,+0.0000,+0.0000,+0.0000,+0.0000,-0.0600,+1.5000,+1.5000,-0.3000,0.004689,0.305953,0.086936,0.110104,0.015956,0.004269,0.083750,False,False
917,0.609922,+0.0000,+0.0000,+0.0000,+0.0000,-0.0600,+2.0000,-2.0000,+0.0000,0.003801,0.306099,0.086667,0.097705,0.016957,0.003540,0.115000,False,False
918,0.610231,+0.0000,+0.0000,+0.0000,+0.0000,-0.0600,+2.0000,+3.0000,-0.5000,0.000390,0.302998,0.084786,0.008944,0.015605,0.002458,0.210000,False,False
919,0.611316,+0.0000,+0.0000,+0.0000,+0.0000,-0.0600,-1.0000,-2.0000,+0.5000,0.002094,0.302064,0.087162,0.147989,0.009286,0.003340,0.117500,False,False
920,0.612521,+0.0000,+0.0000,+0.0000,+0.0000,+0.0600,+2.0000,-3.0000,+0.5000,0.003492,0.262882,0.087364,0.230702,0.009002,0.002514,0.195000,False,False
921,0.612758,+0.0000,+0.0000,+0.0000,+0.0000,-0.0600,-2.0000,+3.0000,+0.5000,0.000349,0.302949,0.086508,0.012069,0.015089,0.002556,0.210000,False,False
922,0.613431,+0.0000,+0.0000,+0.0000,+0.0000,+0.0600,+1.0000,+3.0000,+0.5000,0.004328,0.250384,0.086772,0.118983,0.016223,0.003200,0.251250,False,False
923,0.613780,+0.0000,+0.0000,+0.0000,+0.0000,-0.0600,-1.0000,+1.5000,-0.3000,0.003885,0.300571,0.087398,0.180792,0.009856,0.003834,0.088750,False,False
924,0.614130,+0.0000,+0.0000,+0.0000,+0.0000,+0.0600,-2.0000,+1.5000,+0.5000,0.003845,0.315766,0.086897,0.141224,0.017494,0.003905,0.065000,False,False
925,0.614305,+0.0000,+0.0000,+0.0000,+0.0000,-0.0600,+0.5000,+3.0000,-0.3000,0.000726,0.304552,0.084671,0.012888,0.012861,0.004308,0.151250,False,False
926,0.614368,+0.0000,+0.0000,+0.0000,+0.0000,-0.0600,+2.0000,+2.0000,-0.3000,0.002808,0.302519,0.086786,0.091094,0.009191,0.003943,0.128750,False,False
927,0.614405,+0.0000,+0.0000,+0.0000,+0.0000,-0.0600,+1.5000,+1.5000,+0.5000,0.005141,0.299204,0.087183,0.132322,0.017642,0.003156,0.131250,False,False
928,0.614553,+0.0000,+0.0000,+0.0000,+0.0000,-0.0600,+2.0000,-3.0000,+0.3000,0.003357,0.300927,0.085901,0.019430,0.014057,0.002777,0.202500,False,False
929,0.615740,+0.0000,+0.0000,+0.0000,+0.0000,-0.0600,+2.0000,+3.0000,+0.3000,0.002459,0.303357,0.086600,0.061390,0.009060,0.003407,0.162500,False,False
930,0.616237,+0.0000,+0.0000,+0.0000,+0.0000,+0.0600,+0.5000,+3.0000,-0.3000,0.003298,0.251923,0.087287,0.183290,0.009760,0.003757,0.208750,False,False
931,0.618122,+0.0000,+0.0000,+0.0000,+0.0000,+0.0600,+0.5000,+3.0000,-0.5000,0.003511,0.251966,0.086465,0.098498,0.017787,0.003183,0.266250,False,False
932,0.618400,+0.0000,+0.0000,+0.0000,+0.0000,+0.0600,+1.0000,+3.0000,-0.3000,0.003600,0.248318,0.086801,0.130465,0.016159,0.003309,0.256250,False,False
933,0.619613,+0.0000,+0.0000,+0.0000,+0.0000,-0.0600,+2.0000,-1.5000,-0.3000,0.006858,0.302704,0.088786,0.218876,0.007244,0.003622,0.078750,False,False
934,0.620436,+0.0000,+0.0000,+0.0000,+0.0000,-0.0600,+1.5000,+3.0000,+0.3000,0.000089,0.303907,0.086420,0.008316,0.014065,0.002930,0.211250,False,False
935,0.621863,+0.0000,+0.0000,+0.0000,+0.0000,-0.0600,-1.0000,-2.0000,+0.0000,0.003650,0.300337,0.086446,0.095166,0.017090,0.003382,0.155000,False,False
936,0.622110,+0.0000,+0.0000,+0.0000,+0.0000,-0.0600,+1.5000,-2.0000,+0.3000,0.004146,0.300708,0.086917,0.112707,0.016378,0.003324,0.147500,False,False
937,0.622630,+0.0000,+0.0000,+0.0000,+0.0000,-0.0600,+2.0000,-2.0000,+0.3000,0.003085,0.308441,0.086581,0.096809,0.016309,0.004602,0.097500,False,False
938,0.623275,+0.0000,+0.0000,+0.0000,+0.0000,-0.0600,-0.5000,+3.0000,-0.3000,0.004840,0.306547,0.085840,0.009127,0.013285,0.003182,0.193750,False,False
939,0.623708,+0.0000,+0.0000,+0.0000,+0.0000,+0.0600,+2.0000,-3.0000,+0.0000,0.004195,0.251198,0.086847,0.121102,0.016417,0.003365,0.260000,False,False
940,0.624022,+0.0000,+0.0000,+0.0000,+0.0000,+0.0600,-1.0000,+3.0000,+0.0000,0.003582,0.275099,0.086454,0.088318,0.016901,0.002743,0.242500,False,False
941,0.624307,+0.0000,+0.0000,+0.0000,+0.0000,+0.0600,+2.0000,-3.0000,-0.3000,0.007985,0.250279,0.088800,0.206954,0.008322,0.002034,0.265000,False,False
942,0.624806,+0.0000,+0.0000,+0.0000,+0.0000,-0.0600,+2.0000,+1.5000,+0.3000,0.006059,0.298043,0.087493,0.128645,0.017180,0.002878,0.161250,False,False
943,0.625096,+0.0000,+0.0000,+0.0000,+0.0000,+0.0600,-2.0000,+3.0000,+0.5000,0.003975,0.249883,0.086531,0.098700,0.015989,0.003322,0.278750,False,False
944,0.626570,+0.0000,+0.0000,+0.0000,+0.0000,-0.0600,+2.0000,+3.0000,+0.0000,0.000220,0.302946,0.086633,0.010620,0.013735,0.003871,0.191250,False,False
945,0.626578,+0.0000,+0.0000,+0.0000,+0.0000,+0.0600,+1.0000,-3.0000,+0.3000,0.003988,0.249799,0.086720,0.100586,0.015884,0.003750,0.266250,False,False
946,0.626675,+0.0000,+0.0000,+0.0000,+0.0000,-0.0600,-0.5000,-2.0000,+0.0000,0.003230,0.308413,0.087491,0.175487,0.008831,0.002080,0.155000,False,False
947,0.626956,+0.0000,+0.0000,+0.0000,+0.0000,-0.0600,-0.5000,+1.5000,+0.5000,0.004114,0.303536,0.087180,0.170009,0.017073,0.004443,0.082500,False,False
948,0.626986,+0.0000,+0.0000,+0.0000,+0.0000,-0.0600,-1.0000,+3.0000,+0.5000,0.001365,0.307016,0.087037,0.112242,0.008903,0.002671,0.173750,False,False
949,0.627007,+0.0000,+0.0000,+0.0000,+0.0000,+0.0600,-2.0000,-3.0000,-0.3000,0.004493,0.272440,0.086832,0.108198,0.016049,0.002793,0.241250,False,False
950,0.627455,+0.0000,+0.0000,+0.0000,+0.0000,-0.0600,+1.0000,+3.0000,-0.3000,0.003588,0.299022,0.087011,0.150612,0.008387,0.002130,0.188750,False,False
951,0.627565,+0.0000,+0.0000,+0.0000,+0.0000,+0.0600,+1.5000,-3.0000,+0.5000,0.003761,0.251206,0.086441,0.092884,0.018085,0.003473,0.276250,False,False
952,0.630767,+0.0000,+0.0000,+0.0000,+0.0000,-0.0600,+1.5000,+3.0000,+0.0000,0.003625,0.306358,0.085786,0.022017,0.013963,0.004470,0.158750,False,False
953,0.630775,+0.0000,+0.0000,+0.0000,+0.0000,-0.0600,+1.5000,-2.0000,-0.3000,0.004396,0.303358,0.088148,0.220071,0.009404,0.003210,0.111250,False,False
954,0.630905,+0.0000,+0.0000,+0.0000,+0.0000,-0.0600,+0.5000,+2.0000,-0.3000,0.004879,0.301011,0.086945,0.120345,0.017061,0.003424,0.152500,False,False
955,0.631402,+0.0000,+0.0000,+0.0000,+0.0000,+0.0600,-2.0000,+2.0000,-0.3000,0.004499,0.310323,0.086866,0.124465,0.015730,0.003312,0.135000,False,False
956,0.631516,+0.0000,+0.0000,+0.0000,+0.0000,-0.0600,+2.0000,+1.5000,-0.5000,0.005241,0.300111,0.087326,0.134122,0.016081,0.003167,0.157500,False,False
957,0.631786,+0.0000,+0.0000,+0.0000,+0.0000,-0.0600,-2.0000,-3.0000,-0.5000,0.001373,0.300324,0.086451,0.078630,0.010665,0.002489,0.218750,False,False
958,0.632499,+0.0000,+0.0000,+0.0000,+0.0000,+0.0600,-2.0000,+3.0000,-0.5000,0.004764,0.250907,0.086895,0.144400,0.016134,0.003079,0.272500,False,False
959,0.633724,+0.0000,+0.0000,+0.0000,+0.0000,-0.0600,-1.0000,-2.0000,-0.3000,0.003837,0.297058,0.087635,0.149597,0.008190,0.002664,0.186250,False,False
960,0.633806,+0.0000,+0.0000,+0.0000,+0.0000,-0.0600,-0.5000,+3.0000,+0.3000,0.003796,0.307656,0.087461,0.171493,0.008853,0.001958,0.173750,False,False
961,0.634027,+0.0000,+0.0000,+0.0000,+0.0000,+0.0600,+2.0000,+3.0000,+0.0000,0.002673,0.264675,0.086323,0.077561,0.017750,0.003333,0.270000,False,False
962,0.635337,+0.0000,+0.0000,+0.0000,+0.0000,-0.0600,-0.5000,+3.0000,+0.5000,0.001202,0.307926,0.086572,0.018907,0.013618,0.002890,0.221250,False,False
963,0.635472,+0.0000,+0.0000,+0.0000,+0.0000,-0.0600,+1.5000,-1.5000,-0.3000,0.006551,0.308463,0.087965,0.175336,0.016268,0.003404,0.113750,False,False
964,0.635971,+0.0000,+0.0000,+0.0000,+0.0000,-0.0600,-1.0000,+3.0000,+0.3000,0.003672,0.301028,0.085795,0.019885,0.014284,0.002913,0.232500,False,False
965,0.636472,+0.0000,+0.0000,+0.0000,+0.0000,-0.0600,-2.0000,+2.0000,-0.3000,0.003815,0.299930,0.086747,0.101088,0.016036,0.003958,0.158750,False,False
966,0.636530,+0.0000,+0.0000,+0.0000,+0.0000,-0.0600,-0.5000,-2.0000,-0.5000,0.004372,0.307794,0.086666,0.134648,0.017422,0.003332,0.142500,False,False
967,0.636805,+0.0000,+0.0000,+0.0000,+0.0000,-0.0600,+1.5000,+2.0000,-0.3000,0.003929,0.304148,0.086762,0.096931,0.015161,0.003983,0.151250,False,False
968,0.638304,+0.0000,+0.0000,+0.0000,+0.0000,+0.0600,-2.0000,+2.0000,-0.5000,0.005639,0.313545,0.087237,0.114972,0.015843,0.002577,0.166250,False,False
969,0.638765,+0.0000,+0.0000,+0.0000,+0.0000,-0.0600,+1.5000,-2.0000,+0.0000,0.005185,0.301835,0.087281,0.152980,0.016315,0.003348,0.150000,False,False
970,0.638935,+0.0000,+0.0000,+0.0000,+0.0000,-0.0600,-1.0000,+1.5000,+0.3000,0.003458,0.305801,0.086746,0.139755,0.018376,0.003875,0.131250,False,False
971,0.640202,+0.0000,+0.0000,+0.0000,+0.0000,-0.0600,+1.0000,+2.0000,+0.0000,0.004464,0.305185,0.086844,0.119320,0.016098,0.003694,0.151250,False,False
972,0.640552,+0.0000,+0.0000,+0.0000,+0.0000,-0.0600,-2.0000,+3.0000,+0.0000,0.000780,0.306251,0.086610,0.010312,0.014250,0.002953,0.236250,False,False
973,0.641866,+0.0000,+0.0000,+0.0000,+0.0000,+0.0600,-0.5000,+3.0000,+0.5000,0.004485,0.249741,0.087043,0.108854,0.015785,0.003810,0.285000,False,False
974,0.641960,+0.0000,+0.0000,+0.0000,+0.0000,-0.0600,+1.5000,-1.5000,+0.5000,0.005748,0.298664,0.087997,0.205776,0.010448,0.004481,0.102500,False,False
975,0.643066,+0.0000,+0.0000,+0.0000,+0.0000,-0.0600,+1.5000,-3.0000,-0.5000,0.003379,0.301500,0.086535,0.096112,0.016635,0.003547,0.182500,False,False
976,0.643151,+0.0000,+0.0000,+0.0000,+0.0000,-0.0600,+1.5000,+3.0000,-0.3000,0.001204,0.306246,0.086887,0.052270,0.010438,0.003953,0.188750,False,False
977,0.645575,+0.0000,+0.0000,+0.0000,+0.0000,+0.0600,+1.5000,+3.0000,+0.5000,0.003946,0.251452,0.086757,0.093483,0.016257,0.004046,0.287500,False,False
978,0.645599,+0.0000,+0.0000,+0.0000,+0.0000,-0.0600,+1.0000,-2.0000,+0.3000,0.005667,0.301710,0.088127,0.226563,0.009879,0.003894,0.111250,False,False
979,0.645724,+0.0000,+0.0000,+0.0000,+0.0000,-0.0600,+1.0000,-3.0000,+0.0000,0.001981,0.299477,0.086964,0.090424,0.009951,0.003581,0.201250,False,False
980,0.646711,+0.0000,+0.0000,+0.0000,+0.0000,+0.0600,+0.5000,+3.0000,+0.5000,0.004990,0.251921,0.087076,0.126911,0.016671,0.004069,0.268750,False,False
981,0.646856,+0.0000,+0.0000,+0.0000,+0.0000,-0.0600,+2.0000,+3.0000,+0.5000,0.000780,0.302545,0.085904,0.024368,0.016560,0.003221,0.237500,False,False
982,0.648434,+0.0000,+0.0000,+0.0000,+0.0000,-0.0600,+1.5000,-2.0000,-0.5000,0.005150,0.301069,0.087322,0.135839,0.015804,0.002807,0.195000,False,False
983,0.648611,+0.0000,+0.0000,+0.0000,+0.0000,+0.0600,+1.0000,-3.0000,-0.5000,0.003368,0.249842,0.086643,0.099208,0.016132,0.002644,0.341250,False,False
984,0.649445,+0.0000,+0.0000,+0.0000,+0.0000,-0.0600,-1.0000,+2.0000,-0.5000,0.004490,0.307635,0.086769,0.100561,0.017786,0.002873,0.196250,False,False
985,0.650474,+0.0000,+0.0000,+0.0000,+0.0000,-0.0600,-1.0000,+3.0000,+0.0000,0.001559,0.300837,0.086664,0.068186,0.009087,0.004137,0.200000,False,False
986,0.652089,+0.0000,+0.0000,+0.0000,+0.0000,-0.0600,+1.0000,-3.0000,+0.5000,0.004789,0.301376,0.088153,0.160681,0.008621,0.002530,0.203750,False,False
987,0.652689,+0.0000,+0.0000,+0.0000,+0.0000,-0.0600,+0.5000,-2.0000,+0.3000,0.003594,0.300127,0.086971,0.149340,0.016726,0.003650,0.171250,False,False
988,0.653529,+0.0000,+0.0000,+0.0000,+0.0000,-0.0600,+0.5000,+2.0000,+0.3000,0.005560,0.301145,0.087444,0.128198,0.015119,0.003317,0.190000,False,False
989,0.654333,+0.0000,+0.0000,+0.0000,+0.0000,-0.0600,+1.0000,+2.0000,-0.3000,0.005642,0.299285,0.088319,0.166725,0.010953,0.004247,0.148750,False,False
990,0.654677,+0.0000,+0.0000,+0.0000,+0.0000,+0.0600,+2.0000,-3.0000,-0.5000,0.004860,0.251063,0.087278,0.122738,0.016868,0.003541,0.303750,False,False
991,0.655245,+0.0000,+0.0000,+0.0000,+0.0000,-0.0600,+1.0000,-2.0000,-0.5000,0.002944,0.299995,0.086195,0.099006,0.018340,0.003559,0.203750,False,False
992,0.656056,+0.0000,+0.0000,+0.0000,+0.0000,+0.0600,+0.5000,-3.0000,+0.3000,0.003243,0.260302,0.086467,0.098600,0.017821,0.003720,0.292500,False,False
993,0.656582,+0.0000,+0.0000,+0.0000,+0.0000,-0.0600,+0.5000,-2.0000,-0.5000,0.005875,0.297685,0.087201,0.134548,0.015995,0.003392,0.196250,False,False
994,0.657728,+0.0000,+0.0000,+0.0000,+0.0000,-0.0600,+0.5000,+3.0000,+0.3000,0.002753,0.304649,0.086495,0.080672,0.015811,0.003331,0.216250,False,False
995,0.658967,+0.0000,+0.0000,+0.0000,+0.0000,+0.0600,-1.0000,-3.0000,+0.0000,0.003387,0.251091,0.086705,0.153333,0.017823,0.004544,0.263750,False,False
996,0.660170,+0.0000,+0.0000,+0.0000,+0.0000,-0.0600,-0.5000,-3.0000,+0.5000,0.004355,0.308175,0.088072,0.189413,0.007984,0.002253,0.197500,False,False
997,0.660928,+0.0000,+0.0000,+0.0000,+0.0000,-0.0600,-2.0000,+1.5000,-0.3000,0.006801,0.305155,0.088531,0.225082,0.012827,0.004011,0.121250,False,False
998,0.661075,+0.0000,+0.0000,+0.0000,+0.0000,-0.0600,-0.5000,+2.0000,+0.5000,0.006295,0.301045,0.087642,0.143458,0.015197,0.003472,0.188750,False,False
999,0.661223,+0.0000,+0.0000,+0.0000,+0.0000,-0.0600,+0.5000,+2.0000,+0.5000,0.002627,0.306019,0.086589,0.128242,0.017679,0.003930,0.173750,False,False
1000,0.662417,+0.0000,+0.0000,+0.0000,+0.0000,-0.0600,+2.0000,-3.0000,-0.5000,0.002693,0.298017,0.087511,0.194411,0.008685,0.002317,0.222500,False,False
1001,0.663104,+0.0000,+0.0000,+0.0000,+0.0000,+0.0600,+0.5000,-3.0000,+0.5000,0.005990,0.250768,0.087716,0.151819,0.016468,0.004250,0.278750,False,False
1002,0.663251,+0.0000,+0.0000,+0.0000,+0.0000,+0.0600,-2.0000,-3.0000,-0.5000,0.005741,0.271347,0.087791,0.198448,0.012670,0.003013,0.252500,False,False
1003,0.663328,+0.0000,+0.0000,+0.0000,+0.0000,-0.0600,-0.5000,+3.0000,+0.0000,0.006039,0.308964,0.085539,0.012741,0.012258,0.004739,0.200000,False,False
1004,0.663872,+0.0000,+0.0000,+0.0000,+0.0000,-0.0600,+0.5000,+3.0000,-0.5000,0.002938,0.303563,0.086491,0.097272,0.017601,0.003373,0.217500,False,False
1005,0.665173,+0.0000,+0.0000,+0.0000,+0.0000,-0.0600,-0.5000,+2.0000,-0.5000,0.006079,0.302693,0.087374,0.135648,0.015670,0.003602,0.191250,False,False
1006,0.666359,+0.0000,+0.0000,+0.0000,+0.0000,-0.0600,+2.0000,-3.0000,+0.5000,0.002642,0.301138,0.087126,0.132005,0.009867,0.003542,0.211250,False,False
1007,0.666467,+0.0000,+0.0000,+0.0000,+0.0000,+0.0600,+0.5000,-3.0000,+0.0000,0.004466,0.250451,0.086664,0.105741,0.015781,0.004288,0.310000,False,False
1008,0.667576,+0.0000,+0.0000,+0.0000,+0.0000,-0.0600,-2.0000,-3.0000,+0.5000,0.003081,0.301617,0.086957,0.157028,0.009674,0.003702,0.193750,False,False
1009,0.669533,+0.0000,+0.0000,+0.0000,+0.0000,+0.0600,-1.0000,+3.0000,-0.3000,0.005717,0.271775,0.088153,0.193313,0.012037,0.003878,0.236250,False,False
1010,0.669639,+0.0000,+0.0000,+0.0000,+0.0000,+0.0600,-0.5000,+3.0000,-0.5000,0.006734,0.258417,0.088983,0.219475,0.007633,0.002311,0.308750,False,False
1011,0.672935,+0.0000,+0.0000,+0.0000,+0.0000,-0.0600,+1.5000,+2.0000,-0.5000,0.006568,0.306867,0.087603,0.128192,0.016957,0.003603,0.196250,False,False
1012,0.674334,+0.0000,+0.0000,+0.0000,+0.0000,-0.0600,-2.0000,+3.0000,-0.3000,0.003138,0.298448,0.086734,0.089934,0.015314,0.003024,0.263750,False,False
1013,0.674917,+0.0000,+0.0000,+0.0000,+0.0000,-0.0600,+1.0000,+3.0000,+0.3000,0.003199,0.299299,0.086611,0.092519,0.008142,0.002531,0.283750,False,False
1014,0.675480,+0.0000,+0.0000,+0.0000,+0.0000,-0.0600,+2.0000,-2.0000,+0.5000,0.004488,0.308577,0.087503,0.193416,0.014101,0.003333,0.178750,False,False
1015,0.679658,+0.0000,+0.0000,+0.0000,+0.0000,-0.0600,+1.5000,+3.0000,+0.5000,0.002694,0.306738,0.086279,0.087055,0.016901,0.003223,0.247500,False,False
1016,0.680179,+0.0000,+0.0000,+0.0000,+0.0000,-0.0600,-2.0000,+3.0000,+0.3000,0.003280,0.297979,0.086361,0.095001,0.018739,0.003405,0.256250,False,False
1017,0.680519,+0.0000,+0.0000,+0.0000,+0.0000,-0.0600,+0.5000,-3.0000,-0.5000,0.003516,0.308768,0.086435,0.115529,0.018144,0.002812,0.241250,False,False
1018,0.681233,+0.0000,+0.0000,+0.0000,+0.0000,+0.0600,+1.5000,-3.0000,-0.5000,0.004787,0.251117,0.087086,0.124888,0.016601,0.003981,0.332500,False,False
1019,0.684093,+0.0000,+0.0000,+0.0000,+0.0000,-0.0600,-1.0000,-2.0000,-0.5000,0.005529,0.307967,0.087257,0.114407,0.017037,0.004641,0.186250,False,False
1020,0.684478,+0.0000,+0.0000,+0.0000,+0.0000,-0.0600,+1.0000,+3.0000,-0.5000,0.004364,0.307087,0.086850,0.106261,0.016659,0.002812,0.256250,False,False
1021,0.685112,+0.0000,+0.0000,+0.0000,+0.0000,-0.0600,-1.0000,+3.0000,-0.5000,0.003190,0.305821,0.086481,0.079585,0.015599,0.004467,0.221250,False,False
1022,0.685818,+0.0000,+0.0000,+0.0000,+0.0000,-0.0600,+1.5000,-3.0000,+0.3000,0.005360,0.300254,0.087605,0.139224,0.014006,0.002879,0.256250,False,False
1023,0.685922,+0.0000,+0.0000,+0.0000,+0.0000,+0.0600,+1.0000,-3.0000,-0.3000,0.006543,0.249960,0.087956,0.173737,0.017729,0.003372,0.335000,False,False
1024,0.688752,+0.0000,+0.0000,+0.0000,+0.0000,-0.0600,+2.0000,-3.0000,-0.3000,0.003211,0.301032,0.086235,0.103296,0.017657,0.003226,0.266250,False,False
1025,0.689020,+0.0000,+0.0000,+0.0000,+0.0000,+0.0600,+1.5000,-3.0000,-0.3000,0.006945,0.250837,0.087942,0.119765,0.014837,0.003503,0.362500,False,False
1026,0.690994,+0.0000,+0.0000,+0.0000,+0.0000,+0.0600,+0.5000,-3.0000,-0.3000,0.005025,0.250597,0.087016,0.127135,0.017038,0.003361,0.368750,False,False
1027,0.695563,+0.0000,+0.0000,+0.0000,+0.0000,-0.0600,-0.5000,-3.0000,-0.5000,0.003668,0.300623,0.086280,0.129076,0.019841,0.003131,0.266250,False,False
1028,0.697206,+0.0000,+0.0000,+0.0000,+0.0000,+0.0600,-0.5000,-3.0000,-0.5000,0.006526,0.251106,0.087780,0.150326,0.015838,0.003318,0.366250,False,False
1029,0.697770,+0.0000,+0.0000,+0.0000,+0.0000,-0.0600,-0.5000,+3.0000,-0.5000,0.003953,0.305975,0.087556,0.141430,0.009595,0.004199,0.223750,False,False
1030,0.700136,+0.0000,+0.0000,+0.0000,+0.0000,-0.0600,-1.0000,-3.0000,+0.5000,0.004593,0.300784,0.087428,0.172904,0.018036,0.003665,0.233750,False,False
1031,0.700961,+0.0000,+0.0000,+0.0000,+0.0000,-0.0600,-0.5000,-3.0000,-0.3000,0.002890,0.306510,0.086510,0.112724,0.017800,0.003212,0.270000,False,False
1032,0.701548,+0.0000,+0.0000,+0.0000,+0.0000,-0.0600,-2.0000,-3.0000,+0.0000,0.003519,0.300358,0.086645,0.104005,0.017786,0.003022,0.295000,False,False
1033,0.706157,+0.0000,+0.0000,+0.0000,+0.0000,+0.0600,+2.0000,-3.0000,+0.3000,0.004954,0.251121,0.086912,0.122292,0.017386,0.003325,0.396250,False,False
1034,0.708461,+0.0000,+0.0000,+0.0000,+0.0000,-0.0600,+2.0000,-3.0000,+0.0000,0.004897,0.301207,0.087112,0.148520,0.016909,0.003118,0.277500,False,False
1035,0.709027,+0.0000,+0.0000,+0.0000,+0.0000,+0.0600,-1.0000,-3.0000,-0.3000,0.006811,0.277559,0.087280,0.126733,0.015876,0.003446,0.331250,False,False
1036,0.713350,+0.0000,+0.0000,+0.0000,+0.0000,+0.0600,-2.0000,-3.0000,+0.3000,0.004616,0.271223,0.086573,0.106949,0.018124,0.003631,0.358750,False,False
1037,0.713770,+0.0000,+0.0000,+0.0000,+0.0000,-0.0600,-2.0000,+3.0000,-0.5000,0.003965,0.299468,0.087266,0.179834,0.014128,0.003602,0.262500,False,False
1038,0.717767,+0.0000,+0.0000,+0.0000,+0.0000,-0.0600,+0.5000,-3.0000,+0.3000,0.003159,0.302729,0.086575,0.086823,0.018330,0.003929,0.295000,False,False
1039,0.718947,+0.0000,+0.0000,+0.0000,+0.0000,-0.0600,-1.0000,+3.0000,-0.3000,0.006589,0.305979,0.088099,0.127731,0.017145,0.003455,0.280000,False,False
1040,0.724209,+0.0000,+0.0000,+0.0000,+0.0000,-0.0600,+1.0000,-3.0000,+0.3000,0.005197,0.301441,0.087246,0.107659,0.014104,0.003695,0.306250,False,False
1041,0.727720,+0.0000,+0.0000,+0.0000,+0.0000,-0.0600,+0.5000,-3.0000,+0.0000,0.003883,0.300906,0.086734,0.103799,0.017925,0.003448,0.322500,False,False
1042,0.729040,+0.0000,+0.0000,+0.0000,+0.0000,-0.0600,-1.0000,-3.0000,+0.0000,0.005393,0.305008,0.087337,0.157116,0.017162,0.003271,0.292500,False,False
1043,0.729254,+0.0000,+0.0000,+0.0000,+0.0000,-0.0600,+2.0000,+3.0000,-0.3000,0.003340,0.303619,0.086601,0.125925,0.017976,0.003817,0.296250,False,False
1044,0.729815,+0.0000,+0.0000,+0.0000,+0.0000,-0.0600,+1.0000,-3.0000,-0.3000,0.004933,0.301074,0.086978,0.102277,0.016592,0.003357,0.328750,False,False
1045,0.730514,+0.0000,+0.0000,+0.0000,+0.0000,-0.0600,-2.0000,-3.0000,-0.3000,0.005097,0.300496,0.087063,0.117489,0.018231,0.003943,0.302500,False,False
1046,0.730760,+0.0000,+0.0000,+0.0000,+0.0000,-0.0600,-1.0000,-3.0000,+0.3000,0.005121,0.305091,0.087116,0.157063,0.018600,0.004192,0.263750,False,False
1047,0.736264,+0.0000,+0.0000,+0.0000,+0.0000,-0.0600,-1.0000,-3.0000,-0.3000,0.003456,0.307320,0.086698,0.124097,0.017772,0.003635,0.306250,False,False
1048,0.740922,+0.0000,+0.0000,+0.0000,+0.0000,-0.0600,-1.0000,-3.0000,-0.5000,0.004887,0.301080,0.087034,0.104737,0.016241,0.003324,0.347500,False,False
1049,0.751062,+0.0000,+0.0000,+0.0000,+0.0000,-0.0600,+1.5000,-3.0000,+0.0000,0.005751,0.300635,0.087516,0.170180,0.016613,0.004141,0.303750,False,False
1050,0.767244,+0.0000,+0.0000,+0.0000,+0.0000,-0.0600,-0.5000,-3.0000,+0.0000,0.007227,0.301624,0.088033,0.189897,0.018123,0.004361,0.307500,False,False
