instance,path,configuration,suppression_state,transform_4x4
"2_髋关节RA6008压紧盖-1","D:\WheelLeg\2_髋关节RA6008压紧盖.SLDPRT","默认","2","3.3041751973191154E-16;-1;-8.3266726846886741E-17;-3.6233640473338438E-16;-9.7144514654701197E-17;1.0000000000000002;-0.99999999999999989;-3.5480852219502663E-16;-3.8021565021789086E-16;0.14180000000000001;-9.6703563957947232E-15;0.1305;1;0;0;0"
"新大腿链轮20T-改1.15-1","E:\2025赛季\串联腿v2\新大腿链轮20T-改1.15.SLDPRT","默认","0","1;2.1720760275899824E-16;7.262872074925088E-16;2.8732892154200216E-16;0.77798555381894308;-0.62828216435693307;-7.0150861812887744E-16;0.62828216435693307;0.77798555381894308;0.15450000000000033;-3.7643499428696714E-16;0.13049999999999964;1;0;0;0"
"新小腿链轮20T M27-改1.15-1","E:\2025赛季\串联腿v2\新小腿链轮20T M27-改1.15.SLDPRT","默认","0","1;7.0001311773341737E-16;-4.0006068649526712E-16;8.013543307709795E-16;-0.80823144689211535;0.58886494907973397;8.8871561438511938E-17;-0.58886494907973397;-0.80823144689211535;0.13059999999999999;7.225333319469822E-16;0.13049999999999995;1;0;0;0"
"新髋关节轴承座-改1.15-1","E:\2025赛季\串联腿v2\新髋关节轴承座-改1.15.SLDPRT","默认","0","1;2.0392561858053058E-16;2.9399835484327794E-16;-2.3390142290819938E-16;0.99438143968589487;0.10585628185519898;-2.7075969959638675E-16;-0.10585628185519898;0.99438143968589487;0.17000000000000035;-4.640385298237958E-16;0.13049999999999992;1;0;0;0"
"碗组轴承42-52-7-改1.15-1","D:\WheelLeg\碗组轴承42-52-7-改1.15.SLDPRT","默认","2","-4.7042222581469169E-17;0.8803242036721648;0.47437252916770922;1.1658873534075784E-17;0.47437252916770922;-0.8803242036721648;-1;-3.588175780739458E-17;-3.2579126663241606E-17;0.16450000000000001;1.9139383952903055E-16;0.13050000000000034;1;0;0;0"
"RA6008-改1.15-1","D:\WheelLeg\RA6008-改1.15.SLDPRT","默认","2","-3.4686971316731884E-16;-0.16731219864480751;0.98590396499083044;-1.3201490855017853E-16;0.98590396499083044;0.16731219864480748;-1;-7.2118487424205051E-17;-3.6406793015031537E-16;0.13449999999999968;4.2514994768415586E-16;0.13049999999999992;1;0;0;0"
"MT2042-6线5A-改1.15-1","D:\WheelLeg\MT2042-6线5A-改1.15.SLDPRT","默认","2","-3.4661130499575868E-16;0.58886494907957665;0.80823144689222981;-8.8641543570851909E-17;0.80823144689222981;-0.58886494907957665;-0.99999999999999978;-2.7575013148176336E-16;-2.2794425850474121E-16;0.24090000000000011;-1.7461229142702026E-12;0.13050000000124848;1;0;0;0"
"2_大腿-改1.15-1","D:\WheelLeg\2_大腿-改1.15.SLDPRT","默认","2","-1.2346779776088598E-16;-0.92342259721919306;-0.3837847143190567;-2.7205053503278211E-16;0.3837847143190567;-0.92342259721919306;0.99999999999999989;-9.604117613388575E-18;-2.9860266512610743E-16;0.16200000000000014;-6.308994116445347E-15;0.13049999999999989;1;0;0;0"
"新侧挂轴-改4.15-1","D:\WheelLeg\新侧挂轴-改4.15.SLDPRT","默认","2","6.9427293207097194E-17;-0.99999999999999989;-1.5309975509580909E-13;-4.539841740799967E-18;-1.5309975509580909E-13;0.99999999999999989;-0.99999999999999978;-6.9427293207096491E-17;-4.5398417408105959E-18;0.2414;-2.8917489169235197E-15;0.13049999999999998;1;0;0;0"
"小腿-改1.15-1","D:\WheelLeg\小腿-改1.15.SLDPRT","默认","2","-2.833382120124445E-17;0.77567498166419013;-0.63113257150955093;8.429554179460568E-17;0.63113257150955093;0.77567498166419013;0.99999999999999989;-3.1223874951149564E-17;-8.3268318814791552E-17;0.1779999999999998;-0.19391874541604229;0.049905209992977054;1;0;0;0"
"2_膝关节锁盖M27-改1.15-1","D:\WheelLeg\2_膝关节锁盖M27-改1.15.SLDPRT","默认","2","-4.2371545668648871E-16;0.7807553221786836;0.62483688022527972;-4.3356439632169196E-16;-0.62483688022527961;0.7807553221786836;1;3.8743176623320026E-17;5.8075158584825181E-16;0.155;-0.19391874541603688;0.049905209992997981;1;0;0;0"
"2_新小腿主动连杆-1","D:\WheelLeg\2_新小腿主动连杆.SLDPRT","默认","2","-2.4224727920942104E-16;0.92342259721919306;-0.38378471431905631;2.9663945928781413E-16;-0.38378471431905631;-0.92342259721919306;-0.99999999999999989;-3.3754230187537963E-16;-1.8095277708729416E-16;0.19050000000000075;-6.4377586411897933E-15;0.13049999999999995;1;0;0;0"
"塞打螺栓M6-φ8-20-改1.15-1","D:\WheelLeg\塞打螺栓M6-φ8-20-改1.15.SLDPRT","默认","2","0.98890479233873951;-0.14855070410292409;-1.0650711619906779E-14;3.1315694304692171E-16;-6.9612791436917733E-14;0.99999999999999989;-0.14855070410292406;-0.9889047923387394;-6.8793903408903198E-14;0.11950000000000296;7.2033689493372586E-15;0.1409999999999999;1;0;0;0"
"碗组轴承32.7-41.8-6-改1.15-1","D:\WheelLeg\碗组轴承32.7-41.8-6-改1.15.SLDPRT","默认","2","4.8731624839158922E-16;-0.99730065104946941;0.073426231118753488;6.3759972172752065E-17;-0.073426231118753488;-0.99730065104946941;1;4.906824662407985E-16;2.7806066276456991E-17;0.159;-0.19391874541603688;0.049905209992997995;1;0;0;0"
"碗组轴承42-52-7-改1.15-2","D:\WheelLeg\碗组轴承42-52-7-改1.15.SLDPRT","默认","2","-4.2785823018522492E-16;-0.16096670564885801;-0.98695983690956446;2.7723424711572085E-16;0.98695983690956446;-0.16096670564885801;1;-3.4248999711674418E-16;-3.7765340563276536E-16;0.17250000000000001;-5.7778510716320926E-17;0.13049999999999998;1;0;0;0"
"2_膝关节螺母M27-改1.15-1","D:\WheelLeg\2_膝关节螺母M27-改1.15.SLDPRT","默认","2","0.99999999999999989;1.7817431487470577E-16;8.2413277638238302E-16;-7.0465886232465634E-16;0.79845980257197691;0.6020481240538168;-5.1419198837152654E-16;-0.6020481240538168;0.79845980257197691;0.16050000000000003;-0.19391874541603688;0.049905209992997981;1;0;0;0"
"滚针轴承20-26-10-改1.15-1","D:\WheelLeg\滚针轴承20-26-10-改1.15.SLDPRT","默认","2","-3.095514506700672E-18;-0.010736976690601394;0.99994235700441525;1.365733713827172E-16;0.99994235700441525;0.010736976690601394;-1;1.365987353515775E-16;-1.6289509668785473E-18;0.20950000000000013;-0.00011637143067797783;0.13070851336240855;1;0;0;0"
"垫片 6-10-1-改1.15-9","D:\WheelLeg\垫片 6-10-1-改1.15.SLDPRT","默认","2","-2.7755575615628914E-16;0.32118997460026411;-0.94701478352572832;1.1102230246251573E-16;0.9470147835257281;0.32118997460026405;1;-1.599163546307169E-17;-2.9850865484066611E-16;-0.070000000000000048;0.042499999999999989;-0.020000000000000007;1;0;0;0"
"防松螺母M5-改1.15-8","D:\WheelLeg\防松螺母M5-改1.15.SLDPRT","默认","2","-2.9068625871246115E-16;0.49999999999999967;-0.86602540378443893;-3.3694991545832079E-16;0.86602540378443893;0.49999999999999967;1;4.3715031594615519E-16;-8.3266726846886704E-17;-0.063000000000000084;0.042499999999999982;-0.019999999999999997;1;0;0;0"
"张紧打印件-定-改1.15-4","D:\WheelLeg\张紧打印件-定-改1.15.SLDPRT","默认","2","-5.4316834775629251E-17;-1;1.2733466624864628E-14;-9.3675067702747608E-17;1.2733466624864628E-14;1;-1;5.4316834775628056E-17;-9.3675067702748298E-17;0.11599999999999999;0.00012761887582908582;0.14062761887582947;1;0;0;0"
"防松螺母M5-改1.15-10","D:\WheelLeg\防松螺母M5-改1.15.SLDPRT","默认","2","2.9068625871246115E-16;-0.49999999999999967;-0.86602540378443893;3.3694991545832079E-16;-0.86602540378443893;0.49999999999999967;-1;-4.3715031594615519E-16;-8.3266726846886704E-17;0.063000000000000084;-0.042499999999999982;-0.019999999999999997;1;0;0;0"
"包胶轴承 30-6-6-改1.15-16","D:\WheelLeg\包胶轴承 30-6-6-改1.15.SLDPRT","默认","2","2.4808452590319688E-16;-0.89866808818982746;-0.43862930507347631;1.1595947809576704E-16;-0.43862930507347619;0.89866808818982724;-1;-2.738088718967349E-16;-4.6080607085889152E-18;0.069000000000000061;-0.042500000000000017;-0.020000000000000014;1;0;0;0"
"塞打螺栓M5-φ6-20-改1.15-11","D:\WheelLeg\塞打螺栓M5-φ6-20-改1.15.SLDPRT","默认","2","1.8728397838647577E-16;-0.94984764934769605;0.31271303623075342;1;2.0955694237848671E-16;3.7616566542944684E-17;-1.0126119502175681E-16;0.31271303623075342;0.94984764934769605;0.087499999999997857;-0.042499999999999073;-0.019999999999999515;1;0;0;0"
"包胶轴承 30-6-6-改1.15-17","D:\WheelLeg\包胶轴承 30-6-6-改1.15.SLDPRT","默认","2","-2.4808452590319688E-16;-0.89866808818982746;-0.43862930507347631;-1.1595947809576704E-16;-0.43862930507347619;0.89866808818982724;-1;2.738088718967349E-16;4.6080607085889152E-18;-0.063000000000000056;-0.042500000000000017;-0.020000000000000014;1;0;0;0"
"镜向张紧打印件-动-改1.15-2","D:\WheelLeg\镜向张紧打印件-动-改1.15.SLDPRT","默认","2","2.4134340359527343E-16;-1;1.295057810990486E-14;1.4571677198205177E-16;1.2950578109904857E-14;0.99999999999999989;-0.99999999999999989;-2.4134340359527146E-16;1.457167719820549E-16;-0.11599999999999999;-0.0031745281827179643;0.13986262163793656;1;0;0;0"
"张紧打印件-定-改1.15-2","D:\WheelLeg\张紧打印件-定-改1.15.SLDPRT","默认","2","5.4316834775629251E-17;-1;1.2733466624864628E-14;9.3675067702747608E-17;1.2733466624864628E-14;1;-1;-5.4316834775628056E-17;9.3675067702748298E-17;-0.11599999999999999;0.00012761887582908582;0.14062761887582947;1;0;0;0"
"镜向张紧打印件-动-改1.15-5","D:\WheelLeg\镜向张紧打印件-动-改1.15.SLDPRT","默认","2","2.4134340359527339E-16;1;1.295057810990486E-14;1.4571677198205177E-16;-1.2950578109904857E-14;0.99999999999999989;0.99999999999999989;-2.4134340359527146E-16;-1.457167719820549E-16;0.11600000000000003;0.0031745281827180202;0.13986262163793658;1;0;0;0"
"张紧打印件-定-改1.15-3","D:\WheelLeg\张紧打印件-定-改1.15.SLDPRT","默认","2","-5.4316834775629251E-17;1;1.2733466624864628E-14;-9.3675067702747608E-17;-1.2733466624864628E-14;1;1;5.4316834775628056E-17;9.3675067702748298E-17;0.11599999999999999;-0.00012761887582908582;0.14062761887582947;1;0;0;0"
"包胶轴承 30-6-6-改1.15-8","D:\WheelLeg\包胶轴承 30-6-6-改1.15.SLDPRT","默认","2","-2.4808452590319688E-16;0.89866808818982746;-0.43862930507347631;-1.1595947809576704E-16;0.43862930507347619;0.89866808818982724;1;2.738088718967349E-16;-4.6080607085889152E-18;-0.069000000000000061;0.042500000000000017;-0.020000000000000014;1;0;0;0"
"镜向张紧打印件-动-改1.15-6","D:\WheelLeg\镜向张紧打印件-动-改1.15.SLDPRT","默认","0","-2.4134340359527343E-16;-1;1.295057810990486E-14;-1.457167719820518E-16;1.295057810990486E-14;1;-1;2.4134340359527156E-16;-1.4571677198205493E-16;0.10600000000000008;2.1510571102112408E-16;0.14049999999999871;1;0;0;0"
"包胶轴承 30-6-6-改1.15-15","D:\WheelLeg\包胶轴承 30-6-6-改1.15.SLDPRT","默认","2","3.0688816650712101E-16;-0.98192891909560509;-0.1892500933784097;5.914801126786469E-17;-0.1892500933784097;0.98192891909560509;-1;-3.1253613227716001E-16;5.2860270745738786E-22;0.081999999999999643;-0.042500000000000059;-0.019999999999999976;1;0;0;0"
"垫片 6-10-1-改1.15-13","D:\WheelLeg\垫片 6-10-1-改1.15.SLDPRT","默认","2","2.7491295548508455E-16;-0.34301329054325386;-0.93933055018491207;-1.1741386769042093E-16;-0.93933055018491207;0.34301329054325386;-1;1.5991635463071632E-17;-2.9850865484066621E-16;0.075999999999999998;-0.042499999999999948;-0.019999999999999987;1;0;0;0"
"垫片 6-10-1-改1.15-14","D:\WheelLeg\垫片 6-10-1-改1.15.SLDPRT","默认","2","2.7755575615628914E-16;-0.32118997460026411;-0.94701478352572832;-1.1102230246251573E-16;-0.9470147835257281;0.32118997460026405;-1;1.599163546307169E-17;-2.9850865484066611E-16;0.070000000000000048;-0.042499999999999989;-0.020000000000000007;1;0;0;0"
"垫片 6-10-1-改1.15-15","D:\WheelLeg\垫片 6-10-1-改1.15.SLDPRT","默认","2","2.7755575615628914E-16;-0.32118997460026411;-0.94701478352572832;-1.1102230246251573E-16;-0.9470147835257281;0.32118997460026405;-1;1.599163546307169E-17;-2.9850865484066611E-16;0.08300000000000006;-0.042499999999999982;-0.020000000000000004;1;0;0;0"
"6_电机梁嵌件-5","D:\WheelLeg\6_电机梁嵌件.SLDPRT","默认","2","7.8968420012644176E-17;-1;1.2490009027033011E-16;-1;-7.8968420012644176E-17;-9.7618876947816732E-18;9.7618876947816824E-18;-1.2490009027033011E-16;-1;-0.106;-0.070000000000000007;0.058799999999999998;1;0;0;0"
"包胶轴承 30-6-6-改1.15-18","D:\WheelLeg\包胶轴承 30-6-6-改1.15.SLDPRT","默认","2","-3.0688816650712101E-16;-0.98192891909560509;-0.1892500933784097;-5.9148011267864678E-17;-0.1892500933784097;0.98192891909560509;-1;3.1253613227715996E-16;-5.2860270744506191E-22;-0.075999999999999637;-0.042500000000000066;-0.019999999999999976;1;0;0;0"
"垫片 6-10-1-改1.15-18","D:\WheelLeg\垫片 6-10-1-改1.15.SLDPRT","默认","2","-2.7491295548508455E-16;-0.34301329054325386;-0.93933055018491207;1.1741386769042093E-16;-0.93933055018491207;0.34301329054325386;-1;-1.5991635463071632E-17;2.9850865484066621E-16;-0.074999999999999997;-0.042499999999999948;-0.019999999999999987;1;0;0;0"
"2_新侧挂轴固定件-改1.15-4","D:\WheelLeg\2_新侧挂轴固定件-改1.15.SLDPRT","默认","2","1.9711195791233038E-16;1;-6.3046790010901064E-14;-7.3406501448370533E-17;6.3046790010901064E-14;1;1;-1.9711195791232574E-16;7.3406501448382957E-17;0.113;-3.150297462134985E-15;0.13049999999999995;1;0;0;0"
"小铝条M3-40-7","D:\WheelLeg\小铝条M3-40.SLDPRT","默认","0","0;1.5312263386401929E-13;-1;8.4681997668389953E-17;1;1.5312263386401929E-13;1;-8.4681997668389953E-17;-1.2966730523850609E-29;-0.25540000000000007;0.069500000000005058;0.096500000000010064;1;0;0;0"
"防松螺母M5-改1.15-11","D:\WheelLeg\防松螺母M5-改1.15.SLDPRT","默认","2","2.9068625871246115E-16;0.49999999999999967;0.86602540378443893;-3.3694991545832084E-16;-0.86602540378443893;0.49999999999999967;1;-4.3715031594615529E-16;-8.3266726846886765E-17;-0.063000000000000084;-0.042499999999999982;-0.019999999999999997;1;0;0;0"
"垫片 6-10-1-改1.15-17","D:\WheelLeg\垫片 6-10-1-改1.15.SLDPRT","默认","2","-2.7755575615628909E-16;-0.32118997460026405;-0.9470147835257281;1.1102230246251573E-16;-0.9470147835257281;0.32118997460026405;-1;-1.5991635463071681E-17;2.9850865484066616E-16;-0.069000000000000047;-0.042499999999999989;-0.020000000000000007;1;0;0;0"
"塞打螺栓M5-φ6-20-改1.15-12","D:\WheelLeg\塞打螺栓M5-φ6-20-改1.15.SLDPRT","默认","2","-1.8728397838647577E-16;-0.94984764934769605;0.31271303623075342;-1;2.0955694237848671E-16;3.7616566542944684E-17;-1.0126119502175681E-16;-0.31271303623075342;-0.94984764934769605;-0.087499999999997857;-0.042499999999999073;-0.019999999999999515;1;0;0;0"
"小铝条M3-40-8","D:\WheelLeg\小铝条M3-40.SLDPRT","默认","0","9.2181326783019345E-17;1;1.5271117703719031E-13;-5.0869700489640086E-19;1.5271117703719031E-13;-1;-1;9.2181326783019271E-17;5.0869700491047796E-19;-0.23170777967402834;0.069500000000009957;0.064500000000010077;1;0;0;0"
"垫片 6-10-1-改1.15-16","D:\WheelLeg\垫片 6-10-1-改1.15.SLDPRT","默认","2","-2.7755575615628909E-16;-0.32118997460026405;-0.9470147835257281;1.1102230246251573E-16;-0.9470147835257281;0.32118997460026405;-1;-1.5991635463071681E-17;2.9850865484066616E-16;-0.082000000000000059;-0.042499999999999982;-0.020000000000000004;1;0;0;0"
"6_电机梁嵌件-4","D:\WheelLeg\6_电机梁嵌件.SLDPRT","默认","2","-7.8968420012644176E-17;1;1.2490009027033011E-16;1;7.8968420012644176E-17;-9.7618876947816732E-18;-9.7618876947816824E-18;1.2490009027033011E-16;-1;0.106;0.070000000000000007;0.058799999999999998;1;0;0;0"
"6_电机梁嵌件-7","D:\WheelLeg\6_电机梁嵌件.SLDPRT","默认","2","7.8968420012644176E-17;1;1.2490009027033011E-16;-1;7.8968420012644176E-17;-9.7618876947816732E-18;-9.7618876947816824E-18;-1.2490009027033011E-16;1;-0.106;0.070000000000000021;0.031199999999999999;1;0;0;0"
"改4.28限位块-2","D:\WheelLeg\改4.28限位块.SLDPRT","默认","2","1.4901668754439436E-16;-0.9234225972191934;-0.38378471431905642;2.8908671041021046E-16;0.38378471431905631;-0.92342259721919318;1;2.6658316073027234E-17;3.2413952780654673E-16;-0.2070000000000001;-6.303596533640918E-15;0.13049999999999984;1;0;0;0"
"小铝条M3-40-12","D:\WheelLeg\小铝条M3-40.SLDPRT","默认","2","1.4320544301727645E-18;-1.5297545431925892E-13;-1;1.1102230246141223E-15;1;-1.5297545431925892E-13;1;-1.1102230246141222E-15;1.4320544303426013E-18;0.25700000000000006;-0.080500000000007177;0.064500000000011812;1;0;0;0"
"小铝条M3-40-13","D:\WheelLeg\小铝条M3-40.SLDPRT","默认","2","-1.4320544301727645E-18;1.5297545431925892E-13;-1;-1.1102230246141223E-15;-1;-1.5297545431925892E-13;-1;1.1102230246141222E-15;1.4320544303426013E-18;-0.24540000000000001;0.080500000000002375;0.095500000000011784;1;0;0;0"
"横梁嵌件碳板-4","D:\WheelLeg\横梁嵌件碳板.SLDPRT","默认","2","-1;0;0;0;-1;0;0;0;1;-0.087500000000000022;-0.069999999999999951;0.019;1;0;0;0"
"横梁嵌件碳板-3","D:\WheelLeg\横梁嵌件碳板.SLDPRT","默认","2","-1;0;0;0;1;0;0;0;-1;-0.087500000000000022;0.069999999999999951;0.029000000000001597;1;0;0;0"
"6_电机梁嵌件-6","D:\WheelLeg\6_电机梁嵌件.SLDPRT","默认","2","7.8968420012644176E-17;-1;1.2490009027033011E-16;-1;-7.8968420012644176E-17;-9.7618876947816732E-18;9.7618876947816824E-18;-1.2490009027033011E-16;-1;-0.10599999999999998;3.4472424914611112E-18;0.058799999999999998;1;0;0;0"
"弹簧杆-2","D:\WheelLeg\弹簧杆.SLDPRT","默认","2","-0.69334571638213638;-0.28158649903158323;0.66331045607443762;0.72060510515437115;-0.27093451253411011;0.63821843622960472;-5.9037475288258383E-17;0.92049091982541609;0.3907639524303127;-0.17149999999999987;-0.13281051176252268;0.027537576504385052;1;0;0;0"
"横梁嵌件碳板-2","D:\WheelLeg\横梁嵌件碳板.SLDPRT","默认","2","1;0;0;0;-1;0;0;0;-1;0.087500000000000022;-0.069999999999999951;0.029000000000001597;1;0;0;0"
"鱼眼轴承M6内牙-3","D:\WheelLeg\鱼眼轴承M6内牙.SLDASM","Default","2","-1.9334647713414698E-15;-0.39076395243031259;0.92049091982541598;-1.712828667912386E-17;-0.92049091982541598;-0.39076395243031259;1;-7.7129476829446348E-16;1.7730436488210529E-15;-0.17150000000000026;-0.15490229383833226;0.018159241646056777;1;0;0;0"
"鱼眼轴承M6内牙-3/E-GZN6_b-12.24-1","D:\WheelLeg\E-GZN6_b-12.24.SLDPRT","Default","2","-1.9334647713414698E-15;-0.39076395243031259;0.92049091982541598;-1.712828667912386E-17;-0.92049091982541598;-0.39076395243031259;1;-7.7129476829446348E-16;1.7730436488210529E-15;-0.17150000000000026;-0.15490229383833226;0.018159241646056777;1;0;0;0"
"鱼眼轴承M6内牙-3/E-GZN6_h-12.24-1","D:\WheelLeg\E-GZN6_h-12.24.SLDPRT","Default","2","-1.9334647713414698E-15;-0.39076395243031259;0.92049091982541598;-1.712828667912386E-17;-0.92049091982541598;-0.39076395243031259;1;-7.7129476829446348E-16;1.7730436488210529E-15;-0.17150000000000026;-0.15490229383833226;0.018159241646056777;1;0;0;0"
"弹簧筒-2","D:\WheelLeg\弹簧筒.SLDPRT","默认","2","0.99386427159663437;0.043221053951254168;-0.10181232803071555;-0.11060655334875619;0.38836633094837475;-0.91484303754360308;5.3655881535819216E-17;0.92049091982541598;0.39076395243031281;-0.17150000000000026;-0.10737909350206018;0.038333643365371248;1;0;0;0"
"鱼眼轴承M6内牙-4","D:\WheelLeg\鱼眼轴承M6内牙.SLDASM","Default","2","-1.9334647713420985E-15;-0.39076395243031264;0.92049091982541609;-1.6349528913882513E-16;0.92049091982541609;0.39076395243031264;-1;6.0503240684791737E-16;-1.8436248312104156E-15;-0.17150000000000026;0.0049207987166383317;0.08600684556187467;1;0;0;0"
"鱼眼轴承M6内牙-4/E-GZN6_b-12.24-1","D:\WheelLeg\E-GZN6_b-12.24.SLDPRT","Default","2","-1.9334647713420985E-15;-0.39076395243031264;0.92049091982541609;-1.6349528913882513E-16;0.92049091982541609;0.39076395243031264;-1;6.0503240684791737E-16;-1.8436248312104156E-15;-0.17150000000000026;0.0049207987166383317;0.08600684556187467;1;0;0;0"
"鱼眼轴承M6内牙-4/E-GZN6_h-12.24-1","D:\WheelLeg\E-GZN6_h-12.24.SLDPRT","Default","2","-1.9334647713420985E-15;-0.39076395243031264;0.92049091982541609;-1.6349528913882513E-16;0.92049091982541609;0.39076395243031264;-1;6.0503240684791737E-16;-1.8436248312104156E-15;-0.17150000000000026;0.0049207987166383317;0.08600684556187467;1;0;0;0"
"小铝条M3-40-11","D:\WheelLeg\小铝条M3-40.SLDPRT","默认","2","1.4320544301727645E-18;-1.5297545431925892E-13;-1;1.1102230246141223E-15;1;-1.5297545431925892E-13;1;-1.1102230246141222E-15;1.4320544303426013E-18;0.24540000000000001;-0.080500000000002375;0.095500000000011784;1;0;0;0"
"横梁嵌件铝件7.2-2","D:\WheelLeg\横梁嵌件铝件7.2.SLDPRT","默认","2","-1;0;0;0;-1;0;0;0;1;-0.087499999999999967;0.069999999999999965;0.019;1;0;0;0"
"4_导轮加强件-5","D:\WheelLeg\4_导轮加强件.SLDPRT","默认","2","-1;0;0;0;-1;0;0;0;1;0;0;0;1;0;0;0"
"小铝条M3-40-15","D:\WheelLeg\小铝条M3-40.SLDPRT","默认","2","1.4320544301727645E-18;1.5297545431925892E-13;1;-1.1102230246141223E-15;1;-1.5297545431925892E-13;-1;-1.1102230246141222E-15;1.4320544303426013E-18;-0.24539999999999998;-0.080500000000002361;0.095500000000011784;1;0;0;0"
"2_新髋关节轴承座-2","D:\WheelLeg\2_新髋关节轴承座.SLDPRT","默认","2","-1;9.1122157459571355E-17;1.5836050313093724E-17;9.0221893350886543E-17;0.92342259721919318;0.38378471431905625;2.0347924458946825E-17;0.38378471431905625;-0.92342259721919318;-0.17000000000000001;-6.4230842866663829E-15;0.1305;1;0;0;0"
"4_膝关节轴承座-改7.1-3","D:\WheelLeg\4_膝关节轴承座-改7.1.SLDPRT","默认","2","-1;0;0;0;1;0;0;0;-1;-0.16700000000000001;-0.17591874541603689;0.049905209992997995;1;0;0;0"
"4_导轮加强件-2","D:\WheelLeg\4_导轮加强件.SLDPRT","默认","0","1;0;0;0;1;0;0;0;1;-0.17299999999999988;0;0;1;0;0;0"
"小铝条M3-40-16","D:\WheelLeg\小铝条M3-40.SLDPRT","默认","2","1.4320544301727645E-18;1.5297545431925892E-13;1;-1.1102230246141223E-15;1;-1.5297545431925892E-13;-1;-1.1102230246141222E-15;1.4320544303426013E-18;-0.25700000000000006;-0.080500000000007163;0.064500000000011812;1;0;0;0"
"小铝条M3-40-14","D:\WheelLeg\小铝条M3-40.SLDPRT","默认","2","-1.4320544301727645E-18;1.5297545431925892E-13;-1;-1.1102230246141223E-15;-1;-1.5297545431925892E-13;-1;1.1102230246141222E-15;1.4320544303426013E-18;-0.25700000000000006;0.080500000000007177;0.064500000000011812;1;0;0;0"
"4_导轮加强件-3","D:\WheelLeg\4_导轮加强件.SLDPRT","默认","2","1;0;0;0;1;0;0;0;1;-0.17299999999999988;0;0;1;0;0;0"
"4_膝关节轴承座-改7.1-4","D:\WheelLeg\4_膝关节轴承座-改7.1.SLDPRT","默认","2","1;-2.5240226575462548E-16;-5.5511151231257839E-17;2.557966862434698E-16;0.99730111424529033;0.073419939560738334;3.6829973879274246E-17;-0.073419939560738334;0.99730111424529033;-0.16800000000000001;-0.17596732535962165;0.051226768905091286;1;0;0;0"
"4_导轮加强件-4","D:\WheelLeg\4_导轮加强件.SLDPRT","默认","2","-1;0;0;0;-1;0;0;0;1;0.17299999999999988;0;0;1;0;0;0"
"2_髋关节Ra轴承端盖-2","D:\WheelLeg\2_髋关节Ra轴承端盖.SLDPRT","默认","2","8.1373824619328261E-17;1;-5.645484080218921E-14;1;-8.1373824619348771E-17;-3.6330732072307673E-16;-3.6330732072308131E-16;-5.645484080218921E-14;-1;-0.12700000000000003;7.2870298221031596E-15;0.13049999999999998;1;0;0;0"
"2_新大腿链轮20T-2","D:\WheelLeg\2_新大腿链轮20T.SLDPRT","默认","2","-1;3.162126892195973E-18;-3.2931591312828249E-16;-1.2346643421313192E-16;0.92342259721918951;0.38378471431906575;3.0531133177248973E-16;0.38378471431906575;-0.92342259721918951;-0.15450000000000019;-6.4046829834840792E-15;0.1304999999999997;1;0;0;0"
"2_新小腿链轮20T M27-2","D:\WheelLeg\2_新小腿链轮20T M27.SLDPRT","默认","2","-1;0;0;0;1;0;0;0;-1;-0.13060000000000002;-6.6193512698351339E-17;0.13049999999999998;1;0;0;0"
"平衡总装-输入1192-3","D:\WheelLeg\平衡总装-输入1192.SLDPRT","默认","2","-1;4.5882678650227582E-17;4.1332019093314138E-17;5.7548417287096347E-17;0.93516138635883828;0.35422193814530401;-2.2399456917531846E-17;0.35422193814530401;-0.93516138635883828;-0.044168810303828451;0.099538001262952286;0.011746252171840901;1;0;0;0"
"平衡总装-输入1192-4","D:\WheelLeg\平衡总装-输入1192.SLDPRT","默认","2","-1;0;0;0;1;0;0;0;-1;-0.044168810303828521;-0.13466203656712622;0.018175537061789343;1;0;0;0"
"防松螺母M5-改1.15-4","D:\WheelLeg\防松螺母M5-改1.15.SLDPRT","默认","2","9.1498120333606369E-17;-0.60621840417869333;-0.79529821226696995;-1.6042522386194293E-16;-0.79529821226696995;0.60621840417869333;-1;7.2118049245942746E-17;-1.7002101472670184E-16;-0.19200000000000009;-0.13393543895853338;0.07517945360665855;1;0;0;0"
"装甲模块-改1.15-2","D:\WheelLeg\装甲模块-改1.15.SLDASM","默认","2","-7.216449660007183E-16;-1;-1.531385755203346E-13;0.25881904510249337;-1.4810728055721454E-13;0.96592582628907564;-0.96592582628907564;-3.8938124374457472E-14;0.25881904510249337;-0.10649324990596476;0.0018354519182557105;0.11063938264859452;1;0;0;0"
"装甲模块-改1.15-2/小装甲板-改1.15-1","D:\WheelLeg\小装甲板-改1.15.SLDPRT","默认","2","-0.96592582628907575;-4.0936525818782722E-14;0.25881904510249315;0.25881904510249315;-1.475837464331756E-13;0.96592582628907575;-1.3441632024287897E-15;1;1.5315010474253348E-13;-0.30342322566961644;0.045004397163449769;0.069108311133443984;1;0;0;0"
"装甲模块-改1.15-2/二版RM2019裁判系统支撑架AH02-改1.15-2","D:\WheelLeg\二版RM2019裁判系统支撑架AH02-改1.15.SLDPRT","默认","2","-7.216449660007183E-16;-1;-1.531385755203346E-13;0.25881904510249337;-1.4810728055721454E-13;0.96592582628907564;-0.96592582628907564;-3.8938124374457472E-14;0.25881904510249337;-0.26640000000000041;-0.047499998338635385;0.10349999999998599;1;0;0;0"
"装甲模块-改1.15-2/螺栓M4-8-改1.15-2","D:\WheelLeg\螺栓M4-8-改1.15.SLDPRT","M4*8","2","0.76173630338043175;-0.64788718471066753;-9.9142916099026479E-14;-1.9428902930940239E-16;-1.5316002744903218E-13;1;-0.64788718471066753;-0.76173630338043175;-1.168232177661821E-13;-0.25015000000000309;0.047500001661350787;0.19350000000000378;1;0;0;0"
"装甲模块-改1.15-2/二版RM2019裁判系统支撑架AH02-改1.15-1","D:\WheelLeg\二版RM2019裁判系统支撑架AH02-改1.15.SLDPRT","默认","2","-7.216449660007183E-16;-1;-1.531385755203346E-13;0.25881904510249337;-1.4810728055721454E-13;0.96592582628907564;-0.96592582628907564;-3.8938124374457472E-14;0.25881904510249337;-0.26640000000000058;0.047500001661364588;0.10350000000000062;1;0;0;0"
"装甲模块-改1.15-2/螺栓M4-8-改1.15-1","D:\WheelLeg\螺栓M4-8-改1.15.SLDPRT","M4*8","2","0.67435218851222045;-0.73840986304949829;-1.1304845948245656E-13;5.5511151231257827E-17;-1.5311017656287392E-13;1;-0.73840986304949818;-0.67435218851222034;-1.0322298571452393E-13;-0.25015000000000293;-0.047499998338649221;0.19349999999998913;1;0;0;0"
"装甲模块-改1.15-2/大装甲板-改1.15-1","E:\2025赛季\串联腿v2\大装甲板-改1.15.SLDPRT [未打开]","默认","0","-0.25881904510252157;-1.4839986344998179E-13;0.96592582628906798;-0.96592582628906798;3.8333833950279678E-14;-0.25881904510252152;1.4487998337855646E-15;-1;-1.5318855275494762E-13;-0.1149008737176905;-0.04500439384074055;0.26896558992788361;1;0;0;0"
"法兰轴承F698 8-19-6-改1.15-11","D:\WheelLeg\法兰轴承F698 8-19-6-改1.15.SLDPRT","默认","2","1.6653345369377346E-16;0.29362344044234351;0.95592116579914788;1;-6.7554681756779449E-16;3.329032581233272E-17;6.5554432139977403E-16;0.95592116579914765;-0.29362344044234345;-0.17650000000000002;-0.23200194434282628;0.10258034605834282;1;0;0;0"
"塞打螺栓M5-φ6-20-改1.15-4","D:\WheelLeg\塞打螺栓M5-φ6-20-改1.15.SLDPRT","默认","2","-1.6653345369377343E-16;-0.55749879284902382;0.83017774962466995;1;-1.2754542360450127E-16;1.1494771335896428E-16;4.1802161304531922E-17;0.83017774962466995;0.55749879284902382;-0.16350000000000001;-0.13393543895852714;0.075179453606658495;1;0;0;0"
"塞打螺栓M5-φ6-20-改1.15-5","D:\WheelLeg\塞打螺栓M5-φ6-20-改1.15.SLDPRT","默认","2","-1.9671546070288909E-16;-0.41881974808469041;0.90806939085858229;1;-1.4545998313419568E-16;1.4954137709875715E-16;6.9456876394229553E-17;0.90806939085858229;0.41881974808469041;-0.16350000000000001;-0.14837294124166098;0.088327253757509328;1;0;0;0"
"防松螺母M6-改1.15-7","D:\WheelLeg\防松螺母M6-改1.15.SLDPRT","默认","2","3.3306690738754706E-16;0.19560568993293798;-0.98068262657490757;5.5511151231257753E-17;0.98068262657490757;0.19560568993293798;1;-1.1958860380703784E-16;3.1577463252643922E-16;-0.17650000000000002;-0.23200194434282628;0.10258034605834282;1;0;0;0"
"防松螺母M6-改1.15-8","D:\WheelLeg\防松螺母M6-改1.15.SLDPRT","默认","2","0;-0.5950199791829619;0.80371090845720627;-1.1102230246251565E-16;-0.80371090845720627;-0.5950199791829619;1;-8.9229835571159161E-17;-6.6060488100090552E-17;-0.17900000000000083;-0.12534663436400947;0.14690748056219383;1;0;0;0"
"防松螺母M5-改1.15-5","D:\WheelLeg\防松螺母M5-改1.15.SLDPRT","默认","2","-4.4995739301886178E-18;-0.60621840417869333;-0.79529821226697006;-1.3823889130345591E-17;-0.79529821226697006;0.60621840417869333;-1;1.3721838839383639E-17;-4.8017929054992134E-18;-0.19200000000000009;-0.14837294124166095;0.088327253757509328;1;0;0;0"
"垫片 8-12-1-改1.15-2","D:\WheelLeg\垫片 8-12-1-改1.15.SLDPRT","默认","2","-2.7755575615628914E-16;0.32118997460026411;-0.94701478352572832;1.1102230246251573E-16;0.9470147835257281;0.32118997460026405;1;-1.599163546307169E-17;-2.9850865484066611E-16;-0.19249999999999981;-0.23200194434282628;0.10258034605834282;1;0;0;0"
"塞打螺栓 M6-φ8-20-改1.15-7","D:\WheelLeg\塞打螺栓 M6-φ8-20-改1.15.SLDPRT","默认","2","-6.9388939039072271E-17;-0.89820193104179202;-0.43958308779205302;-1;1.828725305580288E-16;-2.1581249069237592E-16;2.7423086753787574E-16;0.43958308779205302;-0.89820193104179202;-0.20550000000000004;-0.12534663436400947;0.14690748056219383;1;0;0;0"
"法兰轴承F698 8-19-6-改1.15-14","D:\WheelLeg\法兰轴承F698 8-19-6-改1.15.SLDPRT","默认","2","-2.2077066737236084E-17;0.99999933258595441;-0.0011553474135105267;-1;-2.1748329094409714E-17;2.8454831345296973E-16;2.845229966656613E-16;0.0011553474135105267;0.99999933258595441;-0.19200000000000084;-0.087263435437213821;0.094232344496849002;1;0;0;0"
"塞打螺栓 M6-φ8-20-改1.15-6","D:\WheelLeg\塞打螺栓 M6-φ8-20-改1.15.SLDPRT","默认","2","1.9428902930940244E-16;-0.031164742610794004;-0.99951426143802635;-1;1.1697911125491563E-16;-1.9803084442009635E-16;1.2309387028498417E-16;0.99951426143802613;-0.031164742610793997;-0.20550000000000004;-0.23200194434282628;0.10258034605834282;1;0;0;0"
"C620无刷电机调速器-改1.15-2","D:\WheelLeg\C620无刷电机调速器-改1.15.SLDASM","默认","2","-2.1475048645963197E-16;0.77567498166418991;-0.63113257150955115;1;-3.1901384763447409E-16;-7.3233670347360719E-16;-7.6939528904360525E-16;-0.63113257150955115;-0.77567498166418991;-0.19239999999999982;-0.068286809232320542;-0.051896619138705781;1;0;0;0"
"C620无刷电机调速器-改1.15-2/C620无刷电机调速器.STEP-1","C:\Users\20939\AppData\Local\Temp\swx21600\IC~~\C620无刷电机调速器.STEP.SLDASM","默认","2","-2.1475048645963197E-16;0.77567498166418991;-0.63113257150955115;1;-3.1901384763447409E-16;-7.3233670347360719E-16;-7.6939528904360525E-16;-0.63113257150955115;-0.77567498166418991;-0.19239999999999982;-0.068286809232320542;-0.051896619138705781;1;0;0;0"
"C620无刷电机调速器-改1.15-2/C620无刷电机调速器.STEP-1/C620无刷电机调速器.STEP.STEP-1","C:\Users\20939\AppData\Local\Temp\swx21600\IC~~\C620无刷电机调速器.STEP.STEP.SLDASM","默认","2","-2.1475048645963197E-16;0.77567498166418991;-0.63113257150955115;1;-3.1901384763447409E-16;-7.3233670347360719E-16;-7.6939528904360525E-16;-0.63113257150955115;-0.77567498166418991;-0.19239999999999982;-0.068286809232320542;-0.051896619138705781;1;0;0;0"
"C620无刷电机调速器-改1.15-2/C620无刷电机调速器.STEP-1/C620无刷电机调速器.STEP.STEP-1/8.STEP.STEP-1","C:\Users\20939\AppData\Local\Temp\swx21600\IC~~\8.STEP.STEP.SLDPRT","默认","2","-1;3.1901384763447409E-16;7.3233670347360719E-16;-2.1475048645963197E-16;0.77567498166418991;-0.63113257150955115;-7.6939528904360525E-16;-0.63113257150955115;-0.77567498166418991;-0.19299999999999981;-0.069605456701149662;-0.050823693767139543;1;0;0;0"
"C620无刷电机调速器-改1.15-2/C620无刷电机调速器.STEP-1/C620无刷电机调速器.STEP.STEP-1/6.STEP.STEP-1","C:\Users\20939\AppData\Local\Temp\swx21600\IC~~\6.STEP.STEP.SLDPRT","默认","2","-0.43166679091648275;-0.56930249382224773;-0.69968453759364668;0.90203313776150462;-0.27243897178639531;-0.33483313012918253;2.1475048645963197E-16;-0.77567498166418991;0.63113257150955115;-0.15257399825701182;-0.06529705366832679;-0.044736390374925585;1;0;0;0"
"C620无刷电机调速器-改1.15-2/C620无刷电机调速器.STEP-1/C620无刷电机调速器.STEP.STEP-1/7.STEP.STEP-1","C:\Users\20939\AppData\Local\Temp\swx21600\IC~~\7.STEP.STEP.SLDPRT","默认","2","-2.1475048645963197E-16;0.77567498166418991;-0.63113257150955115;1;-3.1901384763447409E-16;-7.3233670347360719E-16;-7.6939528904360525E-16;-0.63113257150955115;-0.77567498166418991;-0.19179999999999983;-0.069605456701149662;-0.050823693767139543;1;0;0;0"
"C620无刷电机调速器-改1.15-2/C620无刷电机调速器.STEP-1/C620无刷电机调速器.STEP.STEP-1/2.STEP.STEP-1","C:\Users\20939\AppData\Local\Temp\swx21600\IC~~\2.STEP.STEP.SLDPRT","默认","2","7.6939528904360525E-16;0.63113257150955115;0.77567498166418991;2.1475048645963197E-16;-0.77567498166418991;0.63113257150955115;1;-3.1901384763447409E-16;-7.3233670347360719E-16;-0.19300141999999984;-0.062371069525268164;-0.069344095640931247;1;0;0;0"
"C620无刷电机调速器-改1.15-2/C620无刷电机调速器.STEP-1/C620无刷电机调速器.STEP.STEP-1/5.STEP.STEP-4","C:\Users\20939\AppData\Local\Temp\swx21600\IC~~\5.STEP.STEP.SLDPRT","默认","2","-2.1475048645963197E-16;0.77567498166418991;-0.63113257150955115;1;-3.1901384763447409E-16;-7.3233670347360719E-16;-7.6939528904360525E-16;-0.63113257150955115;-0.77567498166418991;-0.19599999999999981;-0.072625842954966255;-0.034571701062312367;1;0;0;0"
"C620无刷电机调速器-改1.15-2/C620无刷电机调速器.STEP-1/C620无刷电机调速器.STEP.STEP-1/5.STEP.STEP-2","C:\Users\20939\AppData\Local\Temp\swx21600\IC~~\5.STEP.STEP.SLDPRT","默认","2","-2.1475048645963197E-16;0.77567498166418991;-0.63113257150955115;1;-3.1901384763447409E-16;-7.3233670347360719E-16;-7.6939528904360525E-16;-0.63113257150955115;-0.77567498166418991;-0.19599999999999984;-0.062163723051847183;-0.070673142129571154;1;0;0;0"
"C620无刷电机调速器-改1.15-2/C620无刷电机调速器.STEP-1/C620无刷电机调速器.STEP.STEP-1/5.STEP.STEP-3","C:\Users\20939\AppData\Local\Temp\swx21600\IC~~\5.STEP.STEP.SLDPRT","默认","2","-2.1475048645963197E-16;0.77567498166418991;-0.63113257150955115;1;-3.1901384763447409E-16;-7.3233670347360719E-16;-7.6939528904360525E-16;-0.63113257150955115;-0.77567498166418991;-0.19599999999999981;-0.086132079985270657;-0.051171145669926026;1;0;0;0"
"C620无刷电机调速器-改1.15-2/C620无刷电机调速器.STEP-1/C620无刷电机调速器.STEP.STEP-1/5.STEP.STEP-1","C:\Users\20939\AppData\Local\Temp\swx21600\IC~~\5.STEP.STEP.SLDPRT","默认","2","-6.3915015124590405E-16;-0.869456301213964;-0.49400985848395007;1;-3.1901384763447409E-16;-7.3233670347360719E-16;4.79138775721063E-16;-0.49400985848395007;0.869456301213964;-0.19599999999999981;-0.048657486021542795;-0.054073697521957495;1;0;0;0"
"塞打螺栓 M6-φ8-20-改1.15-8","D:\WheelLeg\塞打螺栓 M6-φ8-20-改1.15.SLDPRT","默认","2","3.3458321362802289E-16;-0.87425519563928544;0.48546663417552716;1;1.9506187270999755E-16;-3.3792097415466104E-16;2.0073313656970345E-16;0.48546663417552705;0.87425519563928522;-0.16250000000000012;-0.087263435437213807;0.094232344496849002;1;0;0;0"
"法兰轴承F698 8-19-6-改1.15-15","D:\WheelLeg\法兰轴承F698 8-19-6-改1.15.SLDPRT","默认","2","-4.1633363423443383E-17;0.56528061854549361;0.82489867395748939;1;-8.2733366558207645E-18;5.6140374263794025E-17;3.8559729925803432E-17;0.82489867395748939;-0.56528061854549361;-0.17900000000000083;-0.12534663436400947;0.14690748056219383;1;0;0;0"
"膝关节二级长连杆-改1.15-2","D:\WheelLeg\膝关节二级长连杆-改1.15.SLDPRT","默认","2","2.2489838995358665E-18;0.92342259721919318;0.38378471431905659;2.3898011086161954E-16;0.38378471431905659;-0.92342259721919318;-1;9.3793676128576688E-17;-2.1981650901217585E-16;-0.19250000000000003;-0.23200194434282481;0.10258034605834623;1;0;0;0"
"法兰轴承F698 8-19-6-改1.15-12","D:\WheelLeg\法兰轴承F698 8-19-6-改1.15.SLDPRT","默认","2","-2.2077066737236084E-17;0.99999933258595441;-0.0011553474135105267;-1;-2.1748329094409714E-17;2.8454831345296973E-16;2.845229966656613E-16;0.0011553474135105267;0.99999933258595441;-0.19149999999999981;-0.23200194434282628;0.10258034605834282;1;0;0;0"
"垫片 8-12-0.5-改1.15-4","D:\WheelLeg\垫片 8-12-0.5-改1.15.SLDPRT","默认","2","-2.0424563056024358E-16;0.18978522971328715;-0.98182562941831741;9.6684576876675077E-18;-0.98182562941831741;-0.18978522971328715;-1;-4.8255543468509508E-17;1.98698664317525E-16;-0.19200000000000003;-0.12534663436400947;0.14690748056219383;1;0;0;0"
"防松螺母M6-改1.15-9","D:\WheelLeg\防松螺母M6-改1.15.SLDPRT","默认","2","-2.2204460492503123E-16;-0.60604336159437633;-0.7954316085417954;6.9388939039072321E-17;-0.7954316085417954;0.60604336159437633;-1;7.9374503397803285E-17;2.1867400313625175E-16;-0.19200000000000084;-0.087263435437213821;0.094232344496849002;1;0;0;0"
"垫片 8-12-2-改1.15-2","D:\WheelLeg\垫片 8-12-2-改1.15.SLDPRT","默认","2","-1.9081958235744878E-17;0.72621313733049198;0.68746962054232186;-2.2551405187698492E-17;0.68746962054232197;-0.72621313733049209;-1;-2.9360974723872935E-17;3.2588601250376867E-18;-0.17700000000000082;-0.087263435437213821;0.094232344496849002;1;0;0;0"
"法兰轴承F698 8-19-6-改1.15-13","D:\WheelLeg\法兰轴承F698 8-19-6-改1.15.SLDPRT","默认","2","8.3266726846886765E-17;0.98009344407636578;-0.19853674944082234;1;-8.5340010572317448E-17;-1.8860892681278574E-18;-1.8791672022908228E-17;-0.19853674944082234;-0.98009344407636578;-0.17900000000000083;-0.087263435437213821;0.094232344496849002;1;0;0;0"
"法兰轴承F698 8-19-6-改1.15-19","D:\WheelLeg\法兰轴承F698 8-19-6-改1.15.SLDPRT","默认","2","-2.2077066737236084E-17;0.99999933258595441;-0.0011553474135105267;-1;-2.1748329094409714E-17;2.8454831345296973E-16;2.845229966656613E-16;0.0011553474135105267;0.99999933258595441;-0.19200000000000073;0.087263435437207326;0.094232344496849141;1;0;0;0"
"法兰轴承F698 8-19-6-改1.15-20","D:\WheelLeg\法兰轴承F698 8-19-6-改1.15.SLDPRT","默认","2","1.4701459441328136E-16;-0.84507032728906495;0.53465516170289862;1;4.8255543468509255E-17;-1.9869866431752544E-16;1.421142698904942E-16;0.53465516170289862;0.84507032728906495;-0.17899999999999999;0.087263435437207326;0.094232344496849141;1;0;0;0"
"垫片 8-12-0.5-改1.15-6","D:\WheelLeg\垫片 8-12-0.5-改1.15.SLDPRT","默认","2","-2.0424563056024358E-16;0.18978522971328715;-0.98182562941831741;9.6684576876675077E-18;-0.98182562941831741;-0.18978522971328715;-1;-4.8255543468509508E-17;1.98698664317525E-16;-0.17849999999999999;0.087263435437207326;0.094232344496849141;1;0;0;0"
"法兰轴承F698 8-19-6-改1.15-16","D:\WheelLeg\法兰轴承F698 8-19-6-改1.15.SLDPRT","默认","2","-2.2077066737236084E-17;0.99999933258595441;-0.0011553474135105267;-1;-2.1748329094409714E-17;2.8454831345296973E-16;2.845229966656613E-16;0.0011553474135105267;0.99999933258595441;-0.19200000000000003;-0.12534663436400947;0.14690748056219383;1;0;0;0"
"塞打螺栓 M6-φ8-20-改1.15-9","D:\WheelLeg\塞打螺栓 M6-φ8-20-改1.15.SLDPRT","默认","2","3.3458321362802289E-16;-0.87425519563928544;0.48546663417552716;1;1.9506187270999755E-16;-3.3792097415466104E-16;2.0073313656970345E-16;0.48546663417552705;0.87425519563928522;-0.16549999999999998;-6.3557728968051715E-15;0.023229930202015144;1;0;0;0"
"法兰轴承F698 8-19-6-改1.15-18","D:\WheelLeg\法兰轴承F698 8-19-6-改1.15.SLDPRT","默认","2","-2.2077066737236084E-17;0.99999933258595441;-0.0011553474135105267;-1;-2.1748329094409714E-17;2.8454831345296973E-16;2.845229966656613E-16;0.0011553474135105267;0.99999933258595441;-0.19200000000000081;-6.3561813945589617E-15;0.023229930202015137;1;0;0;0"
"垫片 8-12-0.5-改1.15-5","D:\WheelLeg\垫片 8-12-0.5-改1.15.SLDPRT","默认","2","-2.0424563056024358E-16;0.18978522971328715;-0.98182562941831741;9.6684576876675077E-18;-0.98182562941831741;-0.18978522971328715;-1;-4.8255543468509508E-17;1.98698664317525E-16;-0.17849999999999999;-6.3559546822885551E-15;0.02322993020201514;1;0;0;0"
"膝关节节点连杆-改1.15-2","D:\WheelLeg\膝关节节点连杆-改1.15.SLDPRT","默认","2","2.3607455078283931E-16;0.58589536810445231;-0.8103867086976122;-1.8321099197653167E-16;0.8103867086976122;0.58589536810445231;1;1.0156766954081325E-17;2.9865414980104432E-16;-0.19050000000000084;-0.087263435437220094;0.09423234449684903;1;0;0;0"
"法兰轴承F698 8-19-6-改1.15-17","D:\WheelLeg\法兰轴承F698 8-19-6-改1.15.SLDPRT","默认","2","7.8062556418956319E-17;-0.99417168119563049;0.10780847976227909;1;8.25189268274532E-17;3.6874871107708468E-17;-4.5556192655905184E-17;0.10780847976227909;0.99417168119563049;-0.17899999999999999;-6.3553944416015297E-15;0.02322993020201514;1;0;0;0"
"防松螺母M6-改1.15-10","D:\WheelLeg\防松螺母M6-改1.15.SLDPRT","默认","2","1.530978608924401E-16;0.82189334516865453;0.56964140401438434;-2.352266560481541E-16;0.56964140401438434;-0.82189334516865453;-1;-8.1647295858262373E-18;2.8054210364262236E-16;-0.19200000000000081;-6.3567549299697579E-15;0.023229930202015137;1;0;0;0"
"防松螺母M6-改1.15-11","D:\WheelLeg\防松螺母M6-改1.15.SLDPRT","默认","2","1.5315513045089958E-16;0.82175462182760572;0.56984150560043345;-2.3518937208557197E-16;0.56984150560043345;-0.82175462182760572;-1;-8.1647295858262373E-18;2.8054210364262261E-16;-0.19200000000000073;0.087263435437207326;0.094232344496849141;1;0;0;0"
"塞打螺栓 M6-φ8-20-改1.15-10","D:\WheelLeg\塞打螺栓 M6-φ8-20-改1.15.SLDPRT","默认","2","3.3480163086352377E-16;-0.87372598689482706;0.48641844108201787;1;1.9505279922083427E-16;-3.3793729325320727E-16;2.0038731653054312E-16;0.48641844108201787;0.87372598689482706;-0.16549999999999995;0.087263435437207326;0.094232344496849141;1;0;0;0"
"膝关节一级长连杆-改1.15-2","D:\WheelLeg\膝关节一级长连杆-改1.15.SLDPRT","默认","2","1.1263133670750493E-16;0.7756749816636781;0.63113257151018021;-1.5053461709195705E-16;-0.63113257151018021;0.7756749816636781;1;-1.8237261002189658E-16;4.5680631183716056E-17;-0.17849999999999999;-2.2634504878688103E-14;0.023229930202015157;1;0;0;0"
"塞打螺栓M6-φ8-20-改1.15-2","D:\WheelLeg\塞打螺栓M6-φ8-20-改1.15.SLDPRT","默认","2","-0.98890479233873951;-0.14855070410292409;-1.0650711619906779E-14;-3.1315697830077812E-16;-6.9612791442213489E-14;1;-0.14855070410292409;0.98890479233873951;6.8793903375660789E-14;-0.11950000000000296;7.2033689532710775E-15;0.1409999999999999;1;0;0;0"
"碗组轴承32.7-41.8-6-改1.15-3","D:\WheelLeg\碗组轴承32.7-41.8-6-改1.15.SLDPRT","默认","2","1.2490009027033011E-16;-0.62078200083848079;0.78398323160318473;-4.1633363423443413E-17;-0.78398323160318462;-0.62078200083848067;1;4.4895869143701364E-17;-1.2376481904530368E-16;-0.17600000000000002;-0.19391874541603685;0.049905209992997954;1;0;0;0"
"2_新小腿主动连杆-2","D:\WheelLeg\2_新小腿主动连杆.SLDPRT","默认","2","2.4224727920943046E-16;0.92342259721919329;-0.38378471431905642;2.9663945928781443E-16;0.38378471431905631;0.92342259721919306;1;-3.375423018753885E-16;-1.8095277708729081E-16;-0.19050000000000075;-6.3203109926490274E-15;0.13050000000000003;1;0;0;0"
"2_髋关节RA6008压紧盖-2","D:\WheelLeg\2_髋关节RA6008压紧盖.SLDPRT","默认","2","3.3041751973191154E-16;1;8.3266726846886741E-17;3.6233640473338429E-16;-8.3266726846886864E-17;1;1;-3.3041751973191149E-16;-3.6233640473338433E-16;-0.14180000000000001;-9.6704852897009436E-15;0.1305;1;0;0;0"
"镜向大腿-3","D:\WheelLeg\镜向大腿.SLDPRT","默认","2","-1.2346779776088598E-16;-0.92342259721919306;-0.3837847143190567;-2.7205053503278211E-16;0.3837847143190567;-0.92342259721919306;0.99999999999999989;-9.604117613388575E-18;-2.9860266512610743E-16;-0.16199999999999976;-6.3058823823384805E-15;0.1305;1;0;0;0"
"碗组轴承32.7-41.8-6-改1.15-4","D:\WheelLeg\碗组轴承32.7-41.8-6-改1.15.SLDPRT","默认","2","4.8731624839158922E-16;0.99730065104946941;-0.073426231118753488;-6.3759972172752065E-17;-0.073426231118753488;-0.99730065104946941;-1;4.906824662407986E-16;2.7806066276456967E-17;-0.159;-0.19391874541603688;0.049905209992997995;1;0;0;0"
"2_膝关节螺母M27-改1.15-2","D:\WheelLeg\2_膝关节螺母M27-改1.15.SLDPRT","默认","2","-1;1.7817431487470582E-16;8.2413277638238322E-16;6.3843262027053248E-16;0.79845980257197691;0.6020481240538168;-5.5076738189848217E-16;0.6020481240538168;-0.79845980257197691;-0.1605;-0.19391874541603696;0.04990520999299769;1;0;0;0"
"膝关节垫板-改1.15-2","D:\WheelLeg\膝关节垫板-改1.15.SLDPRT","默认","2","9.5501224435648354E-17;-0.86200237242663669;0.5069042413817918;8.674690456931204E-17;0.5069042413817918;0.8620023724266368;-1;-3.834990818025177E-17;1.2318601326299861E-16;-0.17600000000000002;-0.19391874541603688;0.049905209992997995;1;0;0;0"
"MT2042-6线5A-改1.15-2","D:\WheelLeg\MT2042-6线5A-改1.15.SLDPRT","默认","2","3.4661130499575878E-16;0.58886494907957676;0.80823144689223003;-8.8641543570851971E-17;-0.80823144689223003;0.58886494907957676;1;-2.7575013148176341E-16;-2.2794425850474126E-16;-0.24090000000000011;-1.7489604881960316E-12;0.13050000000124501;1;0;0;0"
"2_膝关节锁盖M27-改1.15-2","D:\WheelLeg\2_膝关节锁盖M27-改1.15.SLDPRT","默认","2","-4.2371545668648861E-16;-0.78075532217868338;-0.62483688022527961;4.3356439632169186E-16;-0.62483688022527961;0.78075532217868338;-1;5.9911073122944746E-17;6.0326075399456397E-16;-0.155;-0.19391874541603688;0.049905209992997995;1;0;0;0"
"镜向小腿-改1.15-2","D:\WheelLeg\镜向小腿-改1.15.SLDPRT","默认","2","-2.833382120124445E-17;0.77567498166419013;-0.63113257150955093;8.429554179460568E-17;0.63113257150955093;0.77567498166419013;0.99999999999999989;-3.1223874951149564E-17;-8.3268318814791552E-17;-0.17800000000000002;-0.19391874541604232;0.049905209992977075;1;0;0;0"
"新侧挂轴-改4.15-2","D:\WheelLeg\新侧挂轴-改4.15.SLDPRT","默认","2","6.9427293207097206E-17;1;1.5309975509580911E-13;4.5398417407999678E-18;-1.5309975509580911E-13;1;1;-6.9427293207096516E-17;-4.5398417408105974E-18;-0.2414;-2.8917489169235173E-15;0.13049999999999998;1;0;0;0"
"滚针轴承20-26-10-改1.15-3","D:\WheelLeg\滚针轴承20-26-10-改1.15.SLDPRT","默认","2","3.095514506700672E-18;-0.010736976690601394;0.99994235700441525;-1.365733713827172E-16;0.99994235700441525;0.010736976690601394;-1;-1.3659873535157745E-16;1.6289509668785476E-18;-0.19950000000000012;-0.00011637143067797648;0.13070851336240855;1;0;0;0"
"碗组轴承42-52-7-改1.15-3","D:\WheelLeg\碗组轴承42-52-7-改1.15.SLDPRT","默认","2","-4.2785823018522492E-16;0.16096670564885801;0.98695983690956446;-2.772342471157208E-16;0.98695983690956446;-0.16096670564885801;-1;-3.4248999711674408E-16;-3.7765340563276541E-16;-0.17250000000000001;-5.7778510716320926E-17;0.13049999999999998;1;0;0;0"
"RA6008-改1.15-2","D:\WheelLeg\RA6008-改1.15.SLDPRT","默认","2","-3.4686971316731884E-16;0.16731219864480751;-0.98590396499083044;1.3201490855017855E-16;0.98590396499083044;0.16731219864480751;1;-7.2118487424205051E-17;-3.6406793015031527E-16;-0.13449999999999968;4.2514994768415586E-16;0.13049999999999992;1;0;0;0"
"塞打螺栓M5-φ6-20-改1.15-8","D:\WheelLeg\塞打螺栓M5-φ6-20-改1.15.SLDPRT","默认","2","-1.8728397838647577E-16;0.94984764934769605;0.31271303623075342;-1;-2.0955694237848671E-16;3.7616566542944684E-17;1.0126119502175681E-16;-0.31271303623075342;0.94984764934769605;-0.087499999999997857;0.042499999999999073;-0.019999999999999515;1;0;0;0"
"包胶轴承 30-6-6-改1.15-7","D:\WheelLeg\包胶轴承 30-6-6-改1.15.SLDPRT","默认","2","-3.0688816650712101E-16;0.98192891909560509;-0.1892500933784097;-5.914801126786469E-17;0.1892500933784097;0.98192891909560509;1;3.1253613227716001E-16;5.2860270745738786E-22;-0.081999999999999643;0.042500000000000059;-0.019999999999999976;1;0;0;0"
"垫片 6-10-1-改1.15-7","D:\WheelLeg\垫片 6-10-1-改1.15.SLDPRT","默认","2","-2.7755575615628914E-16;0.32118997460026411;-0.94701478352572832;1.1102230246251573E-16;0.9470147835257281;0.32118997460026405;1;-1.599163546307169E-17;-2.9850865484066611E-16;-0.08300000000000006;0.042499999999999982;-0.020000000000000004;1;0;0;0"
"垫片 6-10-1-改1.15-8","D:\WheelLeg\垫片 6-10-1-改1.15.SLDPRT","默认","2","-2.7491295548508455E-16;0.34301329054325386;-0.93933055018491207;1.1741386769042093E-16;0.93933055018491207;0.34301329054325386;1;-1.5991635463071632E-17;-2.9850865484066621E-16;-0.075999999999999998;0.042499999999999948;-0.019999999999999987;1;0;0;0"
"防松螺母M5-改1.15-6","D:\WheelLeg\防松螺母M5-改1.15.SLDPRT","默认","2","-2.9068625871246115E-16;-0.49999999999999967;0.86602540378443893;3.3694991545832079E-16;0.86602540378443882;0.49999999999999978;-0.99999999999999989;4.8970700814850556E-16;-8.9677142234344515E-17;0.06300000000000007;0.042499999999999982;-0.019999999999999997;1;0;0;0"
"防松螺母M5-改1.15-2","D:\WheelLeg\防松螺母M5-改1.15.SLDPRT","默认","2","9.1498120333542681E-17;0.60621840417869333;0.79529821226697006;1.6042522386194289E-16;-0.79529821226697006;0.60621840417869333;0.99999999999999978;7.2118049245981326E-17;-1.7002101472665121E-16;0.19200000000000009;-0.13393543895853338;0.075179453606658536;1;0;0;0"
"包胶轴承 30-6-6-改1.15-4","D:\WheelLeg\包胶轴承 30-6-6-改1.15.SLDPRT","默认","2","2.4808452590319688E-16;0.89866808818982746;-0.43862930507347631;1.1595947809576707E-16;0.43862930507347631;0.89866808818982746;1;-2.7380887189673505E-16;4.6080607085888713E-18;0.063000000000000056;0.042500000000000017;-0.020000000000000014;1;0;0;0"
"垫片 6-10-1-改1.15-1","D:\WheelLeg\垫片 6-10-1-改1.15.SLDPRT","默认","2","2.7755575615628909E-16;0.32118997460026405;-0.9470147835257281;-1.1102230246251573E-16;0.9470147835257281;0.32118997460026405;0.99999999999999989;1.5991635463071672E-17;2.9850865484066616E-16;0.082000000000000059;0.042499999999999982;-0.020000000000000004;1;0;0;0"
"髋关节夹板-改1.15-1","E:\2025赛季\串联腿v2\髋关节夹板-改1.15.SLDPRT","默认","0","1.6161745891143573E-15;-0.15511553816818133;0.98789633556299594;-4.2922796148293189E-16;0.98789633556299594;0.15511553816818133;-1;-6.7472652143437598E-16;1.5300330279738478E-15;0.1305;-1.3877787807814615E-16;0.13049999999999981;1;0;0;0"
"包胶轴承 30-6-6-改1.15-1","D:\WheelLeg\包胶轴承 30-6-6-改1.15.SLDPRT","默认","2","3.0688816650712101E-16;0.98192891909560509;-0.1892500933784097;5.9148011267864813E-17;0.18925009337841006;0.98192891909560509;1;-3.1253616172926588E-16;-5.1069725279216979E-22;0.075999999999999637;0.042500000000000059;-0.019999999999999976;1;0;0;0"
"塞打螺栓M5-φ6-20-改1.15-6","D:\WheelLeg\塞打螺栓M5-φ6-20-改1.15.SLDPRT","默认","2","1.8728397838647572E-16;0.94984764934769583;0.31271303623075336;1;-2.0955694237848666E-16;3.7616566542944696E-17;1.012611950217568E-16;0.31271303623075336;-0.94984764934769583;0.087499999999997857;0.042499999999999073;-0.019999999999999515;1;0;0;0"
"防松螺母M5-改1.15-1","D:\WheelLeg\防松螺母M5-改1.15.SLDPRT","默认","2","-4.4995739301941028E-18;0.60621840417869333;0.79529821226697006;1.3823889130345591E-17;-0.79529821226697006;0.60621840417869333;0.99999999999999989;1.3721838839386972E-17;-4.8017929054948538E-18;0.19200000000000009;-0.14837294124166095;0.088327253757509328;1;0;0;0"
"装甲模块-改1.15-1","D:\WheelLeg\装甲模块-改1.15.SLDASM","默认","2","-7.216449660007183E-16;1;1.531385755203346E-13;-0.25881904510249337;-1.4810728055721454E-13;0.96592582628907564;0.96592582628907564;-3.8938124374457472E-14;0.25881904510249337;0.10649324990596482;-0.0018354502568894966;0.11063938264859396;1;0;0;0"
"装甲模块-改1.15-1/小装甲板-改1.15-1","D:\WheelLeg\小装甲板-改1.15.SLDPRT","默认","2","0.96592582628907575;-3.6939722930132159E-14;0.25881904510249315;-0.25881904510249315;-1.4863081468125347E-13;0.96592582628907575;2.7874531344302265E-15;-1;-1.5312704629813572E-13;0.30342322566961655;-0.045004395502070554;0.069108311133430217;1;0;0;0"
"装甲模块-改1.15-1/二版RM2019裁判系统支撑架AH02-改1.15-2","D:\WheelLeg\二版RM2019裁判系统支撑架AH02-改1.15.SLDPRT","默认","2","-7.216449660007183E-16;1;1.531385755203346E-13;-0.25881904510249337;-1.4810728055721454E-13;0.96592582628907564;0.96592582628907564;-3.8938124374457472E-14;0.25881904510249337;0.26640000000000041;0.047500000000004025;0.10350000000000056;1;0;0;0"
"装甲模块-改1.15-1/螺栓M4-8-改1.15-2","D:\WheelLeg\螺栓M4-8-改1.15.SLDPRT","M4*8","2","-0.76173630338043274;0.64788718471066642;9.9309449552720253E-14;1.9428902930940239E-16;-1.5311712359163702E-13;1;0.64788718471066642;0.76173630338043286;1.1649015085879455E-13;0.2501500000000032;-0.04750000000000975;0.19349999999998924;1;0;0;0"
"装甲模块-改1.15-1/二版RM2019裁判系统支撑架AH02-改1.15-1","D:\WheelLeg\二版RM2019裁判系统支撑架AH02-改1.15.SLDPRT","默认","2","-7.216449660007183E-16;1;1.531385755203346E-13;-0.25881904510249337;-1.4810728055721454E-13;0.96592582628907564;0.96592582628907564;-3.8938124374457472E-14;0.25881904510249337;0.26640000000000075;-0.047499999999995948;0.10349999999998608;1;0;0;0"
"装甲模块-改1.15-1/螺栓M4-8-改1.15-1","D:\WheelLeg\螺栓M4-8-改1.15.SLDPRT","M4*8","2","-0.67435218851222145;0.73840986304949718;1.1310397063368782E-13;-5.5511151231257827E-17;-1.5316697447779527E-13;1;0.73840986304949729;0.67435218851222145;1.0333400801698644E-13;0.25015000000000293;0.047499999999990258;0.1935000000000037;1;0;0;0"
"装甲模块-改1.15-1/大装甲板-改1.15-1","E:\2025赛季\串联腿v2\大装甲板-改1.15.SLDPRT [未打开]","默认","0","0.25881904510252157;-1.4706759582043161E-13;0.96592582628906798;0.96592582628906798;4.2330636838930242E-14;-0.25881904510252152;-2.8920897657870012E-15;1;1.5308859828572158E-13;0.11490087371769048;0.045004395502058273;0.26896558992789737;1;0;0;0"
"垫片 6-10-1-改1.15-2","D:\WheelLeg\垫片 6-10-1-改1.15.SLDPRT","默认","2","2.7491295548508455E-16;0.34301329054325386;-0.93933055018491207;-1.1741386769042093E-16;0.93933055018491207;0.34301329054325386;1.0000000000000002;1.5991635463071638E-17;2.9850865484066626E-16;0.074999999999999997;0.042499999999999948;-0.019999999999999987;1;0;0;0"
"垫片 6-10-1-改1.15-3","D:\WheelLeg\垫片 6-10-1-改1.15.SLDPRT","默认","2","2.7755575615628909E-16;0.32118997460026405;-0.9470147835257281;-1.1102230246251573E-16;0.9470147835257281;0.32118997460026405;0.99999999999999989;1.5991635463071672E-17;2.9850865484066616E-16;0.069000000000000047;0.042499999999999989;-0.020000000000000007;1;0;0;0"
"法兰轴承F698 8-19-6-改1.15-9","D:\WheelLeg\法兰轴承F698 8-19-6-改1.15.SLDPRT","默认","2","2.2077066737236084E-17;0.99999933258595441;-0.0011553474135105267;1;2.4699480741935398E-17;2.8449465006019636E-16;2.8449465006019636E-16;-0.0011553474135105272;-0.99999933258595441;0.19149999999999981;-0.23200194434282628;0.10258034605834282;1;0;0;0"
"塞打螺栓M5-φ6-20-改1.15-1","D:\WheelLeg\塞打螺栓M5-φ6-20-改1.15.SLDPRT","默认","2","1.9671546070288909E-16;-0.41881974808469041;0.90806939085858229;-1;-1.4545998313419494E-16;1.4954137709875557E-16;6.9456876394230515E-17;-0.90806939085858229;-0.41881974808469041;0.16350000000000001;-0.14837294124166098;0.088327253757509328;1;0;0;0"
"防松螺母M6-改1.15-5","D:\WheelLeg\防松螺母M6-改1.15.SLDPRT","默认","2","3.3306690738754696E-16;-0.19560568993293792;0.98068262657490735;-5.5511151231257759E-17;0.98068262657490746;0.19560568993293792;-0.99999999999999989;-1.1958860380703782E-16;3.1577463252643917E-16;0.17650000000000002;-0.23200194434282628;0.10258034605834282;1;0;0;0"
"塞打螺栓M5-φ6-20-改1.15-2","D:\WheelLeg\塞打螺栓M5-φ6-20-改1.15.SLDPRT","默认","2","1.6653345369377343E-16;-0.55749879284902382;0.83017774962466995;-1;-1.2754542360450127E-16;1.1494771335896428E-16;4.1802161304531922E-17;-0.83017774962466995;-0.55749879284902382;0.16350000000000001;-0.13393543895852714;0.075179453606658495;1;0;0;0"
"塞打螺栓 M6-φ8-20-改1.15-5","D:\WheelLeg\塞打螺栓 M6-φ8-20-改1.15.SLDPRT","默认","2","-1.9428902930940239E-16;-0.031164742610793997;-0.99951426143802613;1;1.1796119636642288E-16;-1.6653345369377348E-16;9.0205620750793969E-17;-0.99951426143802591;0.031164742610794046;0.20550000000000004;-0.23200194434282628;0.10258034605834282;1;0;0;0"
"塞打螺栓 M6-φ8-20-改1.15-4","D:\WheelLeg\塞打螺栓 M6-φ8-20-改1.15.SLDPRT","默认","2","6.9388939039072271E-17;-0.89820193104179202;-0.43958308779205302;1;1.8287253055802883E-16;-2.1581249069237596E-16;2.7423086753787574E-16;-0.43958308779205302;0.89820193104179202;0.20550000000000004;-0.12534663436400947;0.14690748056219383;1;0;0;0"
"垫片 8-12-1-改1.15-1","D:\WheelLeg\垫片 8-12-1-改1.15.SLDPRT","默认","2","2.7755575615628909E-16;0.32118997460026405;-0.9470147835257281;-1.1102230246251573E-16;0.9470147835257281;0.32118997460026405;0.99999999999999989;1.5991635463071672E-17;2.9850865484066616E-16;0.19149999999999981;-0.23200194434282628;0.10258034605834282;1;0;0;0"
"垫片 8-12-0.5-改1.15-3","D:\WheelLeg\垫片 8-12-0.5-改1.15.SLDPRT","默认","2","2.0424563056024353E-16;0.1897852297132871;-0.98182562941831719;-9.6684576876675031E-18;-0.98182562941831719;-0.1897852297132871;-1;4.8255543468509489E-17;-1.9869866431752497E-16;0.19250000000000003;-0.12534663436400947;0.14690748056219383;1;0;0;0"
"防松螺母M6-改1.15-4","D:\WheelLeg\防松螺母M6-改1.15.SLDPRT","默认","2","0;0.59501997918296179;-0.80371090845720605;1.1102230246251564E-16;-0.80371090845720605;-0.59501997918296179;-0.99999999999999978;-8.9229835571159149E-17;-6.606048810009054E-17;0.17900000000000083;-0.12534663436400947;0.14690748056219383;1;0;0;0"
"法兰轴承F698 8-19-6-改1.15-10","D:\WheelLeg\法兰轴承F698 8-19-6-改1.15.SLDPRT","默认","2","-1.6653345369377343E-16;0.29362344044234345;0.95592116579914765;-1;-6.7554681756779459E-16;3.3290325812332763E-17;6.5554432139977403E-16;-0.95592116579914765;0.29362344044234345;0.17650000000000002;-0.23200194434282628;0.10258034605834282;1;0;0;0"
"C620无刷电机调速器-改1.15-1","D:\WheelLeg\C620无刷电机调速器-改1.15.SLDASM","默认","2","2.1475048645963197E-16;0.77567498166418991;-0.63113257150955115;-1;-3.1901384763447409E-16;-7.3233670347360719E-16;-7.6939528904360525E-16;0.63113257150955115;0.77567498166418991;0.19239999999999982;-0.068492100880942777;-0.052148926820117285;1;0;0;0"
"C620无刷电机调速器-改1.15-1/C620无刷电机调速器.STEP-1","C:\Users\20939\AppData\Local\Temp\swx21600\IC~~\C620无刷电机调速器.STEP.SLDASM","默认","2","2.1475048645963197E-16;0.77567498166418991;-0.63113257150955115;-1;-3.1901384763447409E-16;-7.3233670347360719E-16;-7.6939528904360525E-16;0.63113257150955115;0.77567498166418991;0.19239999999999982;-0.068492100880942777;-0.052148926820117285;1;0;0;0"
"C620无刷电机调速器-改1.15-1/C620无刷电机调速器.STEP-1/C620无刷电机调速器.STEP.STEP-1","C:\Users\20939\AppData\Local\Temp\swx21600\IC~~\C620无刷电机调速器.STEP.STEP.SLDASM","默认","2","2.1475048645963197E-16;0.77567498166418991;-0.63113257150955115;-1;-3.1901384763447409E-16;-7.3233670347360719E-16;-7.6939528904360525E-16;0.63113257150955115;0.77567498166418991;0.19239999999999982;-0.068492100880942777;-0.052148926820117285;1;0;0;0"
"C620无刷电机调速器-改1.15-1/C620无刷电机调速器.STEP-1/C620无刷电机调速器.STEP.STEP-1/8.STEP.STEP-1","C:\Users\20939\AppData\Local\Temp\swx21600\IC~~\8.STEP.STEP.SLDPRT","默认","2","1;3.1901384763447409E-16;7.3233670347360719E-16;2.1475048645963197E-16;0.77567498166418991;-0.63113257150955115;-7.6939528904360525E-16;0.63113257150955115;0.77567498166418991;0.19299999999999981;-0.069810748349771898;-0.051076001448551046;1;0;0;0"
"C620无刷电机调速器-改1.15-1/C620无刷电机调速器.STEP-1/C620无刷电机调速器.STEP.STEP-1/6.STEP.STEP-1","C:\Users\20939\AppData\Local\Temp\swx21600\IC~~\6.STEP.STEP.SLDPRT","默认","2","0.4316667909164813;0.56930249382224796;0.69968453759364735;-0.90203313776150529;0.27243897178639476;0.3348331301291812;-2.1475048645963197E-16;-0.77567498166418991;0.63113257150955115;0.15257399825701184;-0.074894787580509894;-0.056532203825884086;1;0;0;0"
"C620无刷电机调速器-改1.15-1/C620无刷电机调速器.STEP-1/C620无刷电机调速器.STEP.STEP-1/7.STEP.STEP-1","C:\Users\20939\AppData\Local\Temp\swx21600\IC~~\7.STEP.STEP.SLDPRT","默认","2","2.1475048645963197E-16;0.77567498166418991;-0.63113257150955115;-1;-3.1901384763447409E-16;-7.3233670347360719E-16;-7.6939528904360525E-16;0.63113257150955115;0.77567498166418991;0.19179999999999983;-0.069810748349771898;-0.051076001448551046;1;0;0;0"
"C620无刷电机调速器-改1.15-1/C620无刷电机调速器.STEP-1/C620无刷电机调速器.STEP.STEP-1/2.STEP.STEP-1","C:\Users\20939\AppData\Local\Temp\swx21600\IC~~\2.STEP.STEP.SLDPRT","默认","2","7.6939528904360525E-16;-0.63113257150955115;-0.77567498166418991;-2.1475048645963197E-16;-0.77567498166418991;0.63113257150955115;-1;-3.1901384763447409E-16;-7.3233670347360719E-16;0.19300141999999981;-0.050206219571385699;-0.054393243488971586;1;0;0;0"
"C620无刷电机调速器-改1.15-1/C620无刷电机调速器.STEP-1/C620无刷电机调速器.STEP.STEP-1/5.STEP.STEP-4","C:\Users\20939\AppData\Local\Temp\swx21600\IC~~\5.STEP.STEP.SLDPRT","默认","2","2.1475048645963197E-16;0.77567498166418991;-0.63113257150955115;-1;-3.1901384763447409E-16;-7.3233670347360719E-16;-7.6939528904360525E-16;0.63113257150955115;0.77567498166418991;0.19599999999999981;-0.086337371633892893;-0.051423453351337529;1;0;0;0"
"C620无刷电机调速器-改1.15-1/C620无刷电机调速器.STEP-1/C620无刷电机调速器.STEP.STEP-1/5.STEP.STEP-2","C:\Users\20939\AppData\Local\Temp\swx21600\IC~~\5.STEP.STEP.SLDPRT","默认","2","2.1475048645963197E-16;0.77567498166418991;-0.63113257150955115;-1;-3.1901384763447409E-16;-7.3233670347360719E-16;-7.6939528904360525E-16;0.63113257150955115;0.77567498166418991;0.19599999999999981;-0.048862777670165031;-0.054326005203368999;1;0;0;0"
"C620无刷电机调速器-改1.15-1/C620无刷电机调速器.STEP-1/C620无刷电机调速器.STEP.STEP-1/5.STEP.STEP-3","C:\Users\20939\AppData\Local\Temp\swx21600\IC~~\5.STEP.STEP.SLDPRT","默认","2","2.1475048645963197E-16;0.77567498166418991;-0.63113257150955115;-1;-3.1901384763447409E-16;-7.3233670347360719E-16;-7.6939528904360525E-16;0.63113257150955115;0.77567498166418991;0.19599999999999981;-0.07283113460358849;-0.034824008743723871;1;0;0;0"
"C620无刷电机调速器-改1.15-1/C620无刷电机调速器.STEP-1/C620无刷电机调速器.STEP.STEP-1/5.STEP.STEP-1","C:\Users\20939\AppData\Local\Temp\swx21600\IC~~\5.STEP.STEP.SLDPRT","默认","2","-7.9489999807266949E-16;0.30689059264099988;0.95174479990618055;-1;-3.1901384763447409E-16;-7.3233670347360719E-16;7.8872525642401805E-17;-0.95174479990618055;0.30689059264099988;0.19599999999999984;-0.062369014700469419;-0.070925449810982658;1;0;0;0"
"4_导轮加强件-1","D:\WheelLeg\4_导轮加强件.SLDPRT","默认","2","1;0;0;0;1;0;0;0;1;0;0;0;1;0;0;0"
"ASM减速箱-2","D:\WheelLeg\ASM减速箱.SLDASM","Default","2","-1;3.8372939937496394E-16;-1.5366566870224881E-15;-1.5531679178763441E-16;-0.98928932147428672;-0.14596793626322643;-1.5762102397536935E-15;-0.14596793626322643;0.98928932147428672;1.2589863074649872;2.068443683112386;-2.0346434852218058;1;0;0;0"
"ASM减速箱-2/平衡总装-输入1135-1","D:\WheelLeg\平衡总装-输入1135.SLDPRT","默认","2","-1;-2.0447017838081592E-16;-1.8969830891599986E-15;1.0708624547602965E-16;-0.9986886827317577;0.051194872629068827;-1.9049633672162817E-15;0.051194872629068827;0.9986886827317577;-0.033368810303819441;-0.21657745627510794;-0.023799907166252243;1;0;0;0"
"ASM减速箱-2/平衡总装-输入1151-1","D:\WheelLeg\平衡总装-输入1151.SLDPRT","默认","2","-1;-1.3992184732659541E-15;-1.6309224722633765E-15;1.2258259592112945E-15;0.2519227342037681;-0.96774735132228495;1.764956419911298E-15;-0.96774735132228495;-0.2519227342037681;-0.03336881030382477;-0.010979458768623385;-0.35153187242996831;1;0;0;0"
"ASM减速箱-2/平衡总装-输入1136-1","D:\WheelLeg\平衡总装-输入1136.SLDPRT","默认","2","-1;3.8372939937496394E-16;-1.5366566870224881E-15;-1.5531679178763441E-16;-0.98928932147428672;-0.14596793626322643;-1.5762102397536935E-15;-0.14596793626322643;0.98928932147428672;-0.033368810303824548;-0.24412730154977202;-0.094949319083169614;1;0;0;0"
"ASM减速箱-2/平衡总装-输入1149-1","D:\WheelLeg\平衡总装-输入1149.SLDPRT","默认","2","-1;-9.0347501584556714E-16;1.4074387936919484E-15;2.0688997990826134E-16;-0.90189527904021194;-0.43195474953399693;1.6596227277486153E-15;-0.43195474953399693;0.90189527904021194;-0.033368810303819441;-0.24077304773930841;-0.16451401433701962;1;0;0;0"
"ASM减速箱-2/平衡总装-输入1151-3","D:\WheelLeg\平衡总装-输入1151.SLDPRT","默认","2","-1;3.8372939937496394E-16;-1.5366566870224881E-15;-1.5531679178763441E-16;-0.98928932147428672;-0.14596793626322643;-1.5762102397536935E-15;-0.14596793626322643;0.98928932147428672;-0.033368810303825214;-0.21614593535278281;-0.089578039370689755;1;0;0;0"
"ASM减速箱-2/平衡总装-输入1137-1","D:\WheelLeg\平衡总装-输入1137.SLDPRT","默认","2","-1;8.7009408701357274E-16;1.0335448402192378E-15;-8.5496081751020702E-16;-0.99989410021096947;0.014552950329590003;1.0460978240690842E-15;0.014552950329590003;0.99989410021096947;-0.033368810303819663;-0.23733037098892362;-0.058104948254144251;1;0;0;0"
"ASM减速箱-2/平衡总装-输入1143-1","D:\WheelLeg\平衡总装-输入1143.SLDPRT","默认","2","-1;-7.3489865662891426E-16;1.0974766188963762E-15;3.6457081854809576E-16;-0.95221258851215396;-0.30543605923168871;1.2694956017262829E-15;-0.30543605923168871;0.95221258851215396;-0.033568810303834296;-0.2323162354899746;-0.10585909589071019;1;0;0;0"
"ASM减速箱-2/平衡总装-输入1137-4","D:\WheelLeg\平衡总装-输入1137.SLDPRT","默认","2","-1;-1.3017523781697654E-16;-1.0845757562269995E-15;5.9609262730780904E-16;-0.89704353956497018;-0.44194217735440189;-9.153817472537602E-16;-0.44194217735440189;0.89704353956497018;-0.033368810303824104;-0.21226826331272619;-0.16167516622078559;1;0;0;0"
"ASM减速箱-2/平衡总装-输入1149-3","D:\WheelLeg\平衡总装-输入1149.SLDPRT","默认","2","1;1.7935178549612523E-15;3.5087318600824251E-15;3.8392518578699792E-15;-0.24285229694344704;-0.97006327725014507;-8.877222166106925E-16;0.97006327725014507;-0.24285229694344704;0.46556881030383712;-0.01172056716207015;-0.35153534138461384;1;0;0;0"
"ASM减速箱-2/平衡总装-输入1151-4","D:\WheelLeg\平衡总装-输入1151.SLDPRT","默认","2","-1;-1.5986686111706763E-15;-1.9907516390801909E-15;7.4187473113328625E-16;0.56413137554422432;-0.82568504354056305;2.4430422223426183E-15;-0.82568504354056305;-0.56413137554422432;-0.033368810303818996;0.076973901178705839;-0.31041956684331073;1;0;0;0"
"ASM减速箱-2/平衡总装-输入1149-8","D:\WheelLeg\平衡总装-输入1149.SLDPRT","默认","2","-1;3.8372939937496394E-16;-1.5366566870224881E-15;-1.5531679178763441E-16;-0.98928932147428672;-0.14596793626322643;-1.5762102397536935E-15;-0.14596793626322643;0.98928932147428672;-0.033368810303824326;-0.23478828313360367;-0.06803110526825229;1;0;0;0"
"ASM减速箱-2/平衡总装-输入1137-5","D:\WheelLeg\平衡总装-输入1137.SLDPRT","默认","2","-1;-4.410555529698441E-16;-4.9762047383699994E-15;-4.9888650178677786E-15;0.1403014004119548;0.99010884100812091;2.6147549115874879E-16;0.99010884100812091;-0.1403014004119548;-0.033368810303825658;0.085262152010720182;0.1237583931413595;1;0;0;0"
"ASM减速箱-2/平衡总装-输入1149-5","D:\WheelLeg\平衡总装-输入1149.SLDPRT","默认","2","1;1.7935178549612523E-15;3.5087318600824251E-15;3.8392518578699792E-15;-0.24285229694344704;-0.97006327725014507;-8.877222166106925E-16;0.97006327725014507;-0.24285229694344704;0.46556881030383734;0.016260799034923501;-0.34616406167212888;1;0;0;0"
"ASM减速箱-2/平衡总装-输入1149-6","D:\WheelLeg\平衡总装-输入1149.SLDPRT","默认","2","-1;3.8372939937496394E-16;-1.5366566870224881E-15;-1.5531679178763441E-16;-0.98928932147428672;-0.14596793626322643;-1.5762102397536935E-15;-0.14596793626322643;0.98928932147428672;-0.033368810303826546;-0.21614593535278193;-0.089578039370689089;1;0;0;0"
"ASM减速箱-2/平衡总装-输入1145-1","D:\WheelLeg\平衡总装-输入1145.SLDPRT","默认","2","-1;3.8372939937496394E-16;-1.5366566870224881E-15;-1.5531679178763441E-16;-0.98928932147428672;-0.14596793626322643;-1.5762102397536935E-15;-0.14596793626322643;0.98928932147428672;-0.033368810303824992;-0.22887322635886731;-0.067978619216572778;1;0;0;0"
"ASM减速箱-2/平衡总装-输入1136-4","D:\WheelLeg\平衡总装-输入1136.SLDPRT","默认","2","-1;3.8372939937496394E-16;-1.5366566870224881E-15;-1.5531679178763441E-16;-0.98928932147428672;-0.14596793626322643;-1.5762102397536935E-15;-0.14596793626322643;0.98928932147428672;-0.033368810303824326;-0.21614593535277882;-0.089578039370684426;1;0;0;0"
"ASM减速箱-2/平衡总装-输入1149-7","D:\WheelLeg\平衡总装-输入1149.SLDPRT","默认","2","1;1.7935178549612523E-15;3.5087318600824251E-15;3.8392518578699792E-15;-0.24285229694344704;-0.97006327725014507;-8.877222166106925E-16;0.97006327725014507;-0.24285229694344704;0.46556881030383723;-0.0023815487458982432;-0.32461712756969385;1;0;0;0"
"ASM减速箱-2/平衡总装-输入1136-5","D:\WheelLeg\平衡总装-输入1136.SLDPRT","默认","2","-1;3.8372939937496394E-16;-1.5366566870224881E-15;-1.5531679178763441E-16;-0.98928932147428672;-0.14596793626322643;-1.5762102397536935E-15;-0.14596793626322643;0.98928932147428672;-0.033368810303824326;-0.23478828313360367;-0.06803110526825229;1;0;0;0"
"ASM减速箱-2/平衡总装-输入1128-3","D:\WheelLeg\平衡总装-输入1128.SLDPRT","默认","2","-1;2.1608760689172796E-16;-3.3838580248062432E-15;-3.3800890960986018E-15;0.015548619412039971;0.99987911291034548;2.6867580526190993E-16;0.99987911291034548;-0.015548619412039971;-0.033368810303825658;0.076301298717756927;0.11156003281233229;1;0;0;0"
"ASM减速箱-2/3508屁屁-1","D:\WheelLeg\3508屁屁.SLDPRT","默认","2","-0.036983772602321767;-0.97674983211565369;0.21116809897837871;0.95608944429967901;-0.096062420087810574;-0.27688442705505151;0.29073213627466582;0.19165535971872952;0.93741295490741627;-0.057743519161993939;-0.020246585364060987;0.017192546199558567;1;0;0;0"
"ASM减速箱-2/平衡总装-输入1145-3","D:\WheelLeg\平衡总装-输入1145.SLDPRT","默认","2","1;1.4890775688858132E-15;9.4101323989069394E-16;8.2238252735034057E-16;0.077754082131163138;-0.99697256868578932;-1.5577371095654519E-15;0.99697256868578932;0.077754082131163138;0.46426881030384382;0.089811858798243938;-0.32214117983624391;1;0;0;0"
"ASM减速箱-2/平衡总装-输入1127-2","D:\WheelLeg\平衡总装-输入1127.SLDPRT","默认","2","-1;2.1608760689155653E-16;-3.3838580248063623E-15;-3.3800890960986768E-15;0.015548619412215914;0.99987911291034282;2.6867580526233523E-16;0.99987911291034282;-0.015548619412215914;-0.033368810303825658;0.076301298717992294;0.11156003281253035;1;0;0;0"
"ASM减速箱-2/平衡总装-输入1142-2","D:\WheelLeg\平衡总装-输入1142.SLDPRT","默认","2","-1;1.5671810046187341E-16;-1.4800703493485407E-15;3.6808627770554265E-16;-0.9375080079441096;-0.34796369787761949;-1.4421100145959625E-15;-0.34796369787761949;0.9375080079441096;-0.033568810303826302;-0.23217185639707383;-0.11631227175395109;1;0;0;0"
"ASM减速箱-2/平衡总装-输入1144-2","D:\WheelLeg\平衡总装-输入1144.SLDPRT","默认","2","-1;1.1709031670537271E-16;3.6748227762688097E-16;1.6019989600711657E-16;-0.74062168078252777;0.67192226183901915;3.5084093255393307E-16;0.67192226183901915;0.74062168078252777;-0.033568810303833629;-0.11440975362253969;0.094323247258990328;1;0;0;0"
"2_新大腿链轮20T-1","D:\WheelLeg\2_新大腿链轮20T.SLDPRT","默认","2","1;-2.4183768325402227E-16;2.6017697848383796E-16;1.2346643421596881E-16;0.92342259721918951;0.38378471431906575;-3.3306690738746339E-16;-0.38378471431906575;0.92342259721918951;0.15450000000000008;-5.985792637804728E-15;0.13049999999999998;1;0;0;0"
"2_新小腿链轮20T M27-1","D:\WheelLeg\2_新小腿链轮20T M27.SLDPRT","默认","2","1;0;0;0;1;0;0;0;1;0.13060000000000002;-6.6193512698351339E-17;0.13049999999999998;1;0;0;0"
"平衡总装-输入1192-2","D:\WheelLeg\平衡总装-输入1192.SLDPRT","默认","2","1;0;0;0;1;0;0;0;1;0.044168810303828521;-0.13466203656712622;0.20282446293820294;1;0;0;0"
"横梁嵌件铝件7.2-1","D:\WheelLeg\横梁嵌件铝件7.2.SLDPRT","默认","2","1;0;0;0;1;0;0;0;1;0.087499999999999967;0.069999999999999965;0.019;1;0;0;0"
"平衡总装-输入1192-1","D:\WheelLeg\平衡总装-输入1192.SLDPRT","默认","2","1;4.5882678650227582E-17;4.1332019093314138E-17;-5.7548417287096347E-17;0.93516138635883828;0.35422193814530401;-2.239945691753184E-17;-0.35422193814530401;0.93516138635883828;0.044168810303828451;0.034131300862560471;0.18442279768409819;1;0;0;0"
"电管7孔转接件-2","D:\WheelLeg\电管7孔转接件.SLDPRT","默认","2","-3.8924915281334316E-16;-1;1.4484941024406332E-16;1.6376293699898032E-16;1.4484941024406324E-16;1;-1;3.8924915281334316E-16;1.6376293699898028E-16;-0.064000000000000001;-4.163336342344337E-17;-0.0020000000000000018;1;0;0;0"
"2_新髋关节轴承座-1","D:\WheelLeg\2_新髋关节轴承座.SLDPRT","默认","2","1;9.1122157459571355E-17;1.5836050313093724E-17;-9.0221893350886555E-17;0.92342259721919318;0.38378471431905625;2.0347924458946819E-17;-0.38378471431905625;0.92342259721919318;0.17000000000000001;-6.3203779936900972E-15;0.1305;1;0;0;0"
"2_髋关节Ra轴承端盖-1","D:\WheelLeg\2_髋关节Ra轴承端盖.SLDPRT","默认","2","-8.1373824619328261E-17;1;-5.645484080218921E-14;-1;-8.1373824619348746E-17;-3.6330732072307673E-16;-3.6330732072308141E-16;5.645484080218921E-14;1;0.12700000000000003;7.281567666384354E-15;0.13049999999999998;1;0;0;0"
"4_膝关节轴承座-改7.1-1","D:\WheelLeg\4_膝关节轴承座-改7.1.SLDPRT","默认","2","1;0;0;0;1;0;0;0;1;0.16700000000000001;-0.17591874541603689;0.049905209992997995;1;0;0;0"
"4_膝关节轴承座-改7.1-2","D:\WheelLeg\4_膝关节轴承座-改7.1.SLDPRT","默认","2","-0.99999999999999978;-2.5240226575462543E-16;-5.5511151231257827E-17;-1.6653345369377348E-16;0.99730111424529033;0.073419939560738334;-3.8857805861880479E-16;0.073419939560738334;-0.99730111424529033;0.16800000000000001;-0.17596732535962165;0.051226768905091286;1;0;0;0"
"ASM减速箱-1","D:\WheelLeg\ASM减速箱.SLDASM","Default","2","1;1.8013274292168667E-15;-1.071581825255912E-15;1.174684604541697E-15;-0.058247109122147117;0.99830219587002467;1.7358525845591131E-15;-0.99830219587002467;-0.058247109122147117;-1.2589863074649892;2.3071148638069916;-1.7413116686332271;1;0;0;0"
"ASM减速箱-1/平衡总装-输入1135-1","D:\WheelLeg\平衡总装-输入1135.SLDPRT","默认","2","1;2.0345192338213155E-15;-4.2240123280511991E-16;9.2378094591008932E-16;-0.25320199003357169;0.96741343397899915;1.8612684057485235E-15;-0.96741343397899915;-0.25320199003357169;0.033368810303819885;-0.12636101130242938;0.087077969303779312;1;0;0;0"
"ASM减速箱-1/平衡总装-输入1151-1","D:\WheelLeg\平衡总装-输入1151.SLDPRT","默认","2","1;1.5310731646831563E-15;6.9328411507020837E-16;-1.4945905776625162E-15;0.99875549553264997;-0.049874443789687327;-7.687827423817494E-16;0.049874443789687327;0.99875549553264997;0.033368810303824992;0.23633079760848297;-0.047582453178939499;1;0;0;0"
"ASM减速箱-1/平衡总装-输入1136-1","D:\WheelLeg\平衡总装-输入1136.SLDPRT","默认","2","1;1.8013274292168667E-15;-1.071581825255912E-15;1.174684604541697E-15;-0.058247109122147117;0.99830219587002467;1.7358525845591131E-15;-0.99830219587002467;-0.058247109122147117;0.033368810303825214;-0.062300167017131702;0.12851998928635178;1;0;0;0"
"ASM减速箱-1/平衡总装-输入1149-1","D:\WheelLeg\平衡总装-输入1149.SLDPRT","默认","2","1;-1.3430029756699573E-15;-4.0993258961011769E-16;7.1969563320717085E-16;0.23953572000872633;0.97088755210884314;-1.2057113735157956E-15;-0.97088755210884314;0.23953572000872633;0.033368810303819885;0.0064932124826158066;0.13938133272948794;1;0;0;0"
"ASM减速箱-1/平衡总装-输入1151-3","D:\WheelLeg\平衡总装-输入1151.SLDPRT","默认","2","1;1.8013274292168667E-15;-1.071581825255912E-15;1.174684604541697E-15;-0.058247109122147117;0.99830219587002467;1.7358525845591131E-15;-0.99830219587002467;-0.058247109122147117;0.033368810303825658;-0.06186940236140126;0.10003100998187198;1;0;0;0"
"ASM减速箱-1/平衡总装-输入1137-1","D:\WheelLeg\平衡总装-输入1137.SLDPRT","默认","2","1;-6.162771141722348E-16;-2.0704185345341998E-15;1.8867368874483731E-15;-0.21757072303470978;0.97604455865403705;-1.0519763814538928E-15;-0.97604455865403705;-0.21757072303470978;0.033368810303820329;-0.096992655861984023;0.11437300570024789;1;0;0;0"
"ASM减速箱-1/平衡总装-输入1143-1","D:\WheelLeg\平衡总装-输入1143.SLDPRT","默认","2","1;-1.0052378058454896E-15;-5.1195821748954549E-16;6.1508585547317263E-16;0.10542863200750981;0.99442687189809242;-9.4566043226570633E-16;-0.99442687189809242;0.10542863200750981;0.033568810303834962;-0.049216621021296536;0.11917411663399236;1;0;0;0"
"ASM减速箱-1/平衡总装-输入1137-4","D:\WheelLeg\平衡总装-输入1137.SLDPRT","默认","2","1;1.2541925102878521E-15;-6.6034159788894334E-16;3.2539593254331356E-16;0.25030105438953903;0.96816805471544309;1.3795533211329428E-15;-0.96816805471544309;0.25030105438953903;0.033368810303824326;0.0095099335049027012;0.11089482385060556;1;0;0;0"
"ASM减速箱-1/平衡总装-输入1149-3","D:\WheelLeg\平衡总装-输入1149.SLDPRT","默认","2","-1;-3.2894722453230328E-15;-1.4611856534144692E-15;-3.5975523341900472E-15;0.90041382147197102;0.43503442404278925;-1.1536190557790512E-16;0.43503442404278925;-0.90041382147197102;-0.46556881030383701;0.23618349462129729;-0.046856123009904715;1;0;0;0"
"ASM减速箱-1/平衡总装-输入1151-4","D:\WheelLeg\平衡总装-输入1151.SLDPRT","默认","2","1;1.842827737564674E-15;9.6173610908358505E-16;-1.3314632632877054E-15;0.92314677809029233;-0.38444768968159054;-1.596294456661497E-15;0.38444768968159054;0.92314677809029233;0.033368810303819219;0.213962162447773;-0.1420581609440692;1;0;0;0"
"ASM减速箱-1/平衡总装-输入1149-8","D:\WheelLeg\平衡总装-输入1149.SLDPRT","默认","2","1;1.8013274292168667E-15;-1.071581825255912E-15;1.174684604541697E-15;-0.058247109122147117;0.99830219587002467;1.7358525845591131E-15;-0.99830219587002467;-0.058247109122147117;0.033368810303824992;-0.086756964494434374;0.11390244649977688;1;0;0;0"
"ASM减速箱-1/平衡总装-输入1137-5","D:\WheelLeg\平衡总装-输入1137.SLDPRT","默认","2","1;5.0013001554037558E-15;4.3538053884046636E-16;4.8531557885926352E-15;-0.94089362641537355;-0.33870220514624355;-1.2843046171732171E-15;0.33870220514624355;-0.94089362641537355;0.03336881030382588;-0.20945937016382254;-0.23846045219874701;1;0;0;0"
"ASM减速箱-1/平衡总装-输入1149-5","D:\WheelLeg\平衡总装-输入1149.SLDPRT","默认","2","-1;-3.2894722453230328E-15;-1.4611856534144692E-15;-3.5975523341900472E-15;0.90041382147197102;0.43503442404278925;-1.1536190557790512E-16;0.43503442404278925;-0.90041382147197102;-0.46556881030383712;0.23661425927702329;-0.075345102314389623;1;0;0;0"
"ASM减速箱-1/平衡总装-输入1149-6","D:\WheelLeg\平衡总装-输入1149.SLDPRT","默认","2","1;1.8013274292168667E-15;-1.071581825255912E-15;1.174684604541697E-15;-0.058247109122147117;0.99830219587002467;1.7358525845591131E-15;-0.99830219587002467;-0.058247109122147117;0.03336881030382699;-0.061869402361401704;0.10003100998187087;1;0;0;0"
"ASM减速箱-1/平衡总装-输入1145-1","D:\WheelLeg\平衡总装-输入1145.SLDPRT","默认","2","1;1.8013274292168667E-15;-1.071581825255912E-15;1.174684604541697E-15;-0.058247109122147117;0.99830219587002467;1.7358525845591131E-15;-0.99830219587002467;-0.058247109122147117;0.033368810303825658;-0.085605566495039476;0.10810029740819305;1;0;0;0"
"ASM减速箱-1/平衡总装-输入1136-4","D:\WheelLeg\平衡总装-输入1136.SLDPRT","默认","2","1;1.8013274292168667E-15;-1.071581825255912E-15;1.174684604541697E-15;-0.058247109122147117;0.99830219587002467;1.7358525845591131E-15;-0.99830219587002467;-0.058247109122147117;0.03336881030382477;-0.061869402361405257;0.10003100998186687;1;0;0;0"
"ASM减速箱-1/平衡总装-输入1149-7","D:\WheelLeg\平衡总装-输入1149.SLDPRT","默认","2","-1;-3.2894722453230328E-15;-1.4611856534144692E-15;-3.5975523341900472E-15;0.90041382147197102;0.43503442404278925;-1.1536190557790512E-16;0.43503442404278925;-0.90041382147197102;-0.46556881030383712;0.21172669714399239;-0.061473665796483168;1;0;0;0"
"ASM减速箱-1/平衡总装-输入1136-5","D:\WheelLeg\平衡总装-输入1136.SLDPRT","默认","2","1;1.8013274292168667E-15;-1.071581825255912E-15;1.174684604541697E-15;-0.058247109122147117;0.99830219587002467;1.7358525845591131E-15;-0.99830219587002467;-0.058247109122147117;0.033368810303824992;-0.086756964494434374;0.11390244649977688;1;0;0;0"
"ASM减速箱-1/平衡总装-输入1128-3","D:\WheelLeg\平衡总装-输入1128.SLDPRT","默认","2","1;3.5758472532432932E-15;-5.3182637411687127E-16;3.3731831178470278E-15;-0.97582742178465876;-0.21854254252457575;-1.3004455098948591E-15;0.21854254252457575;-0.97582742178465876;0.03336881030382588;-0.19933799414613684;-0.22720635810089074;1;0;0;0"
"ASM减速箱-1/3508屁屁-1","D:\WheelLeg\3508屁屁.SLDPRT","默认","2","0.036983772602322759;-0.4053718549432016;0.91340344852863764;-0.95608944429967879;0.25156596212689436;0.15035804334288638;-0.2907321362746661;-0.87885620320907898;-0.37826789318959003;0.057743519161993939;-0.12657445163932168;-0.1134866002215007;1;0;0;0"
"ASM减速箱-1/平衡总装-输入1145-3","D:\WheelLeg\平衡总装-输入1145.SLDPRT","默认","2","-1;-8.373056167739969E-16;-6.4097737127176881E-16;-9.1171527277778082E-16;0.99195408686213138;0.12659814199866901;5.2981878765053923E-16;0.12659814199866901;-0.99195408686213138;-0.4642688103038437;0.2280493949090534;-0.15224438932257134;1;0;0;0"
"ASM减速箱-1/平衡总装-输入1127-2","D:\WheelLeg\平衡总装-输入1127.SLDPRT","默认","2","1;3.5758472532433752E-15;-5.3182637411667918E-16;3.3731831178469205E-15;-0.97582742178462023;-0.21854254252474747;-1.3004455098952827E-15;0.21854254252474747;-0.97582742178462023;0.03336881030382588;-0.19933799414628295;-0.22720635810116141;1;0;0;0"
"ASM减速箱-1/平衡总装-输入1142-2","D:\WheelLeg\平衡总装-输入1142.SLDPRT","默认","2","1;1.699762083075833E-15;-8.6081981751065799E-16;5.9601031646271944E-16;0.15005784034578992;0.98867721959735566;1.8096888130149296E-15;-0.98867721959735566;0.15005784034578992;0.033568810303826746;-0.038952479692838438;0.12115833782623442;1;0;0;0"
"ASM减速箱-1/平衡总装-输入1144-2","D:\WheelLeg\平衡总装-输入1144.SLDPRT","默认","2","1;-1.1724858171915268E-16;-1.1977075060813764E-15;6.1007792439521518E-16;-0.80848461726588694;0.588517309553791;-1.0373309145130343E-15;-0.588517309553791;-0.80848461726588694;0.033568810303834073;-0.22124115337491057;-0.036974752218076778;1;0;0;0"
"碗组轴承42-52-7-改1.15-5","D:\WheelLeg\碗组轴承42-52-7-改1.15.SLDPRT","默认","2","-3.1759925707814619E-16;-0.16096670564885857;0.98695983690956446;3.9881349627904746E-16;-0.98695983690956435;-0.16096670564885807;1;3.4248999711650821E-16;3.776534056327873E-16;-0.16450000000000004;-1.7622360002297291E-16;0.13050000000000025;1;0;0;0"
"新髋关节锁盖M27-改1.15-2","D:\WheelLeg\新髋关节锁盖M27-改1.15.SLDPRT","默认","2","-1;-2.98963295953992E-16;4.886347168989125E-16;5.2937139494179923E-16;-0.80823144689211623;0.58886494907973308;2.1888093819227065E-16;0.58886494907973286;0.80823144689211579;-0.19050000000000075;-0.00011637143067808053;0.13070851336240885;1;0;0;0"
"2_轮包胶-1","D:\WheelLeg\2_轮包胶.SLDPRT","默认","2","1;-8.0026740962022713E-17;-3.7798346987931572E-17;8.5627502201794139E-17;0.98282571926137241;0.18453619037567098;2.2381357659992484E-17;-0.18453619037567098;0.98282571926137241;0.033568810303834178;0.23025822870266349;-0.13879810574906434;1;0;0;0"
"新髋关节锁盖M27-改1.15-1","D:\WheelLeg\新髋关节锁盖M27-改1.15.SLDPRT","默认","2","1;2.9896329595399269E-16;-4.886347168989121E-16;-5.2937139494179933E-16;0.80823144689211546;-0.58886494907973386;2.1888093819226962E-16;0.58886494907973386;0.80823144689211546;0.1905000000000007;-0.0001163714306779232;0.13070851336240855;1;0;0;0"
"2_轮包胶-2","D:\WheelLeg\2_轮包胶.SLDPRT","默认","2","1;4.7222807687701104E-16;6.7920008471071471E-18;-4.5173604142421406E-16;0.9522125885121544;0.30543605923168682;1.3776805415207168E-16;-0.30543605923168682;0.9522125885121544;0.46316881030382906;0.23231623549094471;-0.1098967698771208;1;0;0;0"
"弹簧杆-1","D:\WheelLeg\弹簧杆.SLDPRT","默认","2","0.69334571638213627;-0.28158649903158306;0.66331045607443762;-0.72060510515437115;-0.27093451253411016;0.63821843622960472;1.7128286665233165E-17;-0.92049091982541587;-0.39076395243031264;0.1714999999999999;-0.049045838058409785;0.063097096175543502;1;0;0;0"
"鱼眼轴承M6内牙-2","D:\WheelLeg\鱼眼轴承M6内牙.SLDASM","Default","2","-9.5459374122514816E-17;-0.39076395243031264;0.92049091982541609;2.1900644037022274E-16;0.92049091982541609;0.39076395243031264;-1;2.388955220727141E-16;-2.289664845230408E-18;0.17150000000000004;0.0049207987166383698;0.086006845561874587;1;0;0;0"
"鱼眼轴承M6内牙-2/E-GZN6_b-12.24-1","D:\WheelLeg\E-GZN6_b-12.24.SLDPRT","Default","2","-9.5459374122514816E-17;-0.39076395243031264;0.92049091982541609;2.1900644037022274E-16;0.92049091982541609;0.39076395243031264;-1;2.388955220727141E-16;-2.289664845230408E-18;0.17150000000000004;0.0049207987166383698;0.086006845561874587;1;0;0;0"
"鱼眼轴承M6内牙-2/E-GZN6_h-12.24-1","D:\WheelLeg\E-GZN6_h-12.24.SLDPRT","Default","2","-9.5459374122514816E-17;-0.39076395243031264;0.92049091982541609;2.1900644037022274E-16;0.92049091982541609;0.39076395243031264;-1;2.388955220727141E-16;-2.289664845230408E-18;0.17150000000000004;0.0049207987166383698;0.086006845561874587;1;0;0;0"
"底盘装配v0-1","D:\WheelLeg\底盘装配v0.SLDASM","默认","2","1;0;0;0;1;0;0;0;1;0;0;0;1;0;0;0"
"底盘装配v0-1/8_纵梁长嵌件-4","D:\WheelLeg\8_纵梁长嵌件.SLDPRT","默认","2","-1;0;0;0;1;0;0;0;-1;-0.060000000000000046;-0.10949999999999997;0.040999999999999995;1;0;0;0"
"底盘装配v0-1/LK8016-promax-2","D:\WheelLeg\LK8016-promax.SLDASM","默认","0","1.7130129802883052E-16;-0.58607314796708077;0.81025814727897449;1.4628282427781238E-16;0.81025814727897449;0.58607314796708077;-1;1.8131759191472264E-17;2.2453070768533645E-16;0.1148;0.099612047464155723;0.11049999999999378;1;0;0;0"
"底盘装配v0-1/LK8016-promax-3","D:\WheelLeg\LK8016-promax.SLDASM","默认","2","-1.7130129802883052E-16;0.58607314796708077;0.81025814727897449;-1.4628282427781238E-16;-0.81025814727897449;0.58607314796708077;1;-1.8131759191472264E-17;2.2453070768533645E-16;-0.1148;-0.099612047464155695;0.1104999999999938;1;0;0;0"
"底盘装配v0-1/LK8016-promax-3/伞头内六角M4-5-4","D:\WheelLeg\伞头内六角M4-5.SLDPRT","默认","2","-3.6410617585319183E-16;-0.20997966858141676;0.97770575265896786;-1;6.578417775372654E-17;-3.5828042850101607E-16;1.0914036612092809E-17;-0.97770575265896786;-0.20997966858141676;-0.1268;-0.11242170856156385;0.070501092732802029;1;0;0;0"
"底盘装配v0-1/LK8016-promax-3/伞头内六角M4-5-2","D:\WheelLeg\伞头内六角M4-5.SLDPRT","默认","2","-2.1824418580214945E-16;0.86496614102069336;0.5018302251636203;-1;-6.6185431241262361E-17;-3.2081772017042617E-16;-2.442826155245162E-16;-0.5018302251636203;0.86496614102069336;-0.1268;-0.14161167183658677;0.11032236955622662;1;0;0;0"
"底盘装配v0-1/LK8016-promax-3/伞头内六角M4-5-3","D:\WheelLeg\伞头内六角M4-5.SLDPRT","默认","2","-3.3263439017361156E-16;0.40480390213886985;0.91440352187267127;-1;-6.2868126491865645E-18;-3.6098883696903482E-16;-1.4038100620586771E-16;-0.91440352187267127;0.40480390213886985;-0.1268;-0.13348604878361212;0.085669534144329235;1;0;0;0"
"底盘装配v0-1/LK8016-promax-3/伞头内六角M4-5-7","D:\WheelLeg\伞头内六角M4-5.SLDPRT","默认","2","-1.2858117687591266E-17;-0.86496614102068969;-0.50183022516362685;-1;1.1734717219183444E-16;-1.7663984462866318E-16;2.1167584260229214E-16;0.50183022516362685;-0.86496614102068969;-0.1268;-0.057612423091724631;0.11067763044376128;1;0;0;0"
"底盘装配v0-1/LK8016-promax-3/伞头内六角M4-5-5","D:\WheelLeg\伞头内六角M4-5.SLDPRT","默认","2","-3.0063839039794264E-16;-0.74455814285003985;0.66755761692583504;-1;1.2249887123643137E-16;-3.1372701474573506E-16;1.5181294890227474E-16;-0.66755761692583504;-0.74455814285003985;-0.1268;-0.086464513184672923;0.07061087438448696;1;0;0;0"
"底盘装配v0-1/LK8016-promax-3/伞头内六角M4-5-6","D:\WheelLeg\伞头内六角M4-5.SLDPRT","默认","2","-1.6647357066108326E-16;-0.99474071315044621;0.10242516097591436;-1;1.4219418255006684E-16;-2.4434648544287224E-16;2.2849713514771873E-16;-0.10242516097591436;-0.99474071315044621;-0.1268;-0.065529229034290079;0.085956946239781493;1;0;0;0"
"底盘装配v0-1/LK8016-promax-3/伞头内六角M4-5-9","D:\WheelLeg\伞头内六角M4-5.SLDPRT","默认","2","1.3300387236344912E-16;0.20997966858142342;-0.9777057526589662;-1;-1.4622436803154711E-17;-1.3917713629807437E-16;-4.3520809534317823E-17;0.9777057526589662;0.20997966858142342;-0.1268;-0.086802386366747836;0.15049890726718565;1;0;0;0"
"底盘装配v0-1/LK8016-promax-3/伞头内六角M4-5-8","D:\WheelLeg\伞头内六角M4-5.SLDPRT","默认","2","1.0153208668386995E-16;-0.40480390213886353;-0.91440352187267371;-1;5.7448553599758362E-17;-1.3646872783005507E-16;1.0777423328364296E-16;0.91440352187267371;-0.40480390213886353;-0.1268;-0.065738046144699441;0.13533046585565858;1;0;0;0"
"底盘装配v0-1/LK8016-promax-3/伞头内六角M4-5-10","D:\WheelLeg\伞头内六角M4-5.SLDPRT","默认","2","6.9536086908198922E-17;0.74455814285004474;-0.66755761692582927;-1;-7.1337130285859307E-17;-1.8373055005335572E-16;-1.8441972182449939E-16;0.66755761692582927;0.74455814285004474;-0.1268;-0.11275958174363876;0.15038912561550055;1;0;0;0"
"底盘装配v0-1/LK8016-promax-3/LK8016加强输出件-1","D:\WheelLeg\LK8016加强输出件.SLDPRT","默认","2","3.2123926589482909E-16;0.99474071315047685;-0.1024251609756156;9.1759984570421247E-17;-0.1024251609756156;-0.99474071315047685;-1;3.1015124525741251E-16;-1.2418037601122399E-16;-0.1235;-0.099612047464153988;0.11049999999999614;1;0;0;0"
"底盘装配v0-1/LK8016-promax-3/LK8016加强固定件-1","D:\WheelLeg\LK8016加强固定件.SLDPRT","默认","2","1.868939345118575E-16;-0.58435842286217088;-0.81149567690163094;-1.6610552480550158E-16;-0.81149567690163094;0.58435842286217077;-1;2.5580870475286281E-17;-2.4872878239954505E-16;-0.121;-0.099612047464154002;0.11049999999999614;1;0;0;0"
"底盘装配v0-1/LK8016-promax-3/MG8016-i6v3-1","D:\WheelLeg\MG8016-i6v3.SLDPRT","默认","2","-1.7130129802883052E-16;0.58607314796708077;0.81025814727897449;-1.4628282427781238E-16;-0.81025814727897449;0.58607314796708077;1;-1.8131759191472264E-17;2.2453070768533645E-16;-0.1148;-0.099612047464155695;0.1104999999999938;1;0;0;0"
"底盘装配v0-1/LK8016-promax-3/LK8016加强内垫板-1","D:\WheelLeg\LK8016加强内垫板.SLDPRT","默认","2","-1.7130129802883052E-16;0.58607314796708077;0.81025814727897449;-1.4628282427781238E-16;-0.81025814727897449;0.58607314796708077;1;-1.8131759191472264E-17;2.2453070768533645E-16;-0.127;-0.099612047464153988;0.11049999999999614;1;0;0;0"
"底盘装配v0-1/LK8016-promax-3/RA5008-1","D:\WheelLeg\RA5008.SLDPRT","默认","2","-1.9614223290548876E-16;0.42007748618105312;0.90748823992589966;-1.107746534903384E-16;-0.90748823992589966;0.42007748618105312;0.99999999999999989;-1.8131759191472261E-17;2.245307076853364E-16;-0.13100000000000001;-0.099612047464153988;0.11049999999999613;1;0;0;0"
"底盘装配v0-1/LK8016-promax-3/伞头内六角M4-5-1","D:\WheelLeg\伞头内六角M4-5.SLDPRT","默认","2","-6.4628732828657494E-17;0.99474071315044543;-0.10242516097592125;-1;-9.1032441599494324E-17;-2.5311107935621701E-16;-2.6110390806994163E-16;0.10242516097592125;0.99474071315044543;-0.1268;-0.13369486589402113;0.13504305376020634;1;0;0;0"
"底盘装配v0-1/2_大侧板-v2-2","D:\WheelLeg\2_大侧板-v2.SLDPRT","默认","2","3.1225022567582528E-17;-1;5.8286708792820718E-16;-8.3266726846886765E-17;5.8286708792820718E-16;1;-1;-3.1225022567582577E-17;-8.3266726846886753E-17;-0.126;-7.6327832942979537E-17;0.11049999999999997;1;0;0;0"
"底盘装配v0-1/2_短款主动链轮20T-2","D:\WheelLeg\2_短款主动链轮20T.SLDPRT","默认","2","2.2656812913546874E-16;-0.91268330825502209;-0.40866756518308156;8.6683713115954842E-17;-0.40866756518308162;0.9126833082550222;-1;-2.4220977162463674E-16;-1.3476267623379111E-17;-0.13500000000000001;-0.099612047464154724;0.11049999999999569;1;0;0;0"
"底盘装配v0-1/2_长款主动链轮20T-2","D:\WheelLeg\2_长款主动链轮20T.SLDPRT","默认","2","-2.6936169991260055E-17;0.10242516097561169;-0.9947407131504773;2.0793190616713246E-16;-0.9947407131504773;-0.10242516097561169;-1;-2.0959727417485272E-16;5.4970459855141826E-18;-0.14400000000000002;0.099612047464154085;0.11049999999999544;1;0;0;0"
"底盘装配v0-1/LK8016-promax-4","D:\WheelLeg\LK8016-promax.SLDASM","默认","2","-1.7130129802883052E-16;-0.58607314796708077;0.81025814727897449;1.4628282427781238E-16;-0.81025814727897449;-0.58607314796708077;1;1.8131759191472264E-17;2.2453070768533645E-16;-0.1148;0.099612047464155709;0.11049999999999378;1;0;0;0"
"底盘装配v0-1/LK8016-promax-4/伞头内六角M4-5-4","D:\WheelLeg\伞头内六角M4-5.SLDPRT","默认","2","-1.4668752801664054E-16;-0.99429863032112853;0.10663129813299793;-1;1.238127936943219E-16;-2.2114179648017157E-16;2.0667866642988978E-16;-0.10663129813299793;-0.99429863032112853;-0.1268;0.13359076122790148;0.085813019403709972;1;0;0;0"
"底盘装配v0-1/LK8016-promax-4/伞头内六角M4-5-2","D:\WheelLeg\伞头内六角M4-5.SLDPRT","默认","2","-3.372413555749584E-16;-0.20584278332256023;0.97858507476561385;-1;4.6921611870326664E-17;-3.3475156001950131E-16;2.298940377573649E-17;-0.97858507476561385;-0.20584278332256023;-0.1268;0.086633333700407239;0.070555626315599307;1;0;0;0"
"底盘装配v0-1/LK8016-promax-4/伞头内六角M4-5-3","D:\WheelLeg\伞头内六角M4-5.SLDPRT","默认","2","-2.7180657150721658E-16;-0.74172818493814718;0.67070060359922301;-1;1.0382422771147E-16;-2.9043840797045735E-16;1.4579138098594631E-16;-0.67070060359922301;-0.74172818493814718;-0.1268;0.11259076122790185;0.070555626315598557;1;0;0;0"
"底盘装配v0-1/LK8016-promax-4/伞头内六角M4-5-7","D:\WheelLeg\伞头内六角M4-5.SLDPRT","默认","2","1.0613905208521563E-16;0.20584278332256739;-0.97858507476561196;-1;-3.2557630830217001E-17;-1.1531016397396349E-16;-5.5596176697961399E-17;0.97858507476561196;0.20584278332256739;-0.1268;0.11259076122790389;0.15044437368438834;1;0;0;0"
"底盘装配v0-1/LK8016-promax-4/伞头内六角M4-5-5","D:\WheelLeg\伞头内六角M4-5.SLDPRT","默认","2","-9.6754470767544038E-18;-0.8670807938889038;-0.49816753895550914;-1;9.9252356999802829E-17;-1.5333067583273688E-16;1.8239438655069703E-16;0.49816753895550914;-0.8670807938889038;-0.1268;0.14161204746415401;0.1104999999999927;1;0;0;0"
"底盘装配v0-1/LK8016-promax-4/伞头内六角M4-5-6","D:\WheelLeg\伞头内六角M4-5.SLDPRT","默认","2","8.6895713262756881E-17;-0.40866756518335867;-0.91268330825489818;-1;3.9524169666679077E-17;-1.1290658930025357E-16;8.221431086990465E-17;0.91268330825489818;-0.40866756518335867;-0.1268;0.13359076122790275;0.13518698059627582;1;0;0;0"
"底盘装配v0-1/LK8016-promax-4/伞头内六角M4-5-9","D:\WheelLeg\伞头内六角M4-5.SLDPRT","默认","2","-8.4414775473103431E-17;0.99429863032112897;-0.10663129813299099;-1;-1.0944881265421137E-16;-2.2891992751329378E-16;-2.3928543935211324E-16;0.10663129813299099;0.99429863032112897;-0.1268;0.065633333700409774;0.13518698059627735;1;0;0;0"
"底盘装配v0-1/LK8016-promax-4/伞头内六角M4-5-8","D:\WheelLeg\伞头内六角M4-5.SLDPRT","默认","2","4.0704268017472992E-17;0.74172818493815151;-0.6707006035992179;-1;-8.9460246671359953E-17;-1.5962331602300785E-16;-1.7839815390817062E-16;0.6707006035992179;0.74172818493815151;-0.1268;0.086633333700409307;0.1504443736843889;1;0;0;0"
"底盘装配v0-1/LK8016-promax-4/伞头内六角M4-5-10","D:\WheelLeg\伞头内六角M4-5.SLDPRT","默认","2","-2.2142685641298951E-16;0.8670807938888998;0.49816753895551552;-1;-8.4888375959691835E-17;-2.9673104816072835E-16;-2.1500115947291951E-16;-0.49816753895551552;0.8670807938888998;-0.1268;0.0576120474641574;0.11049999999999455;1;0;0;0"
"底盘装配v0-1/LK8016-promax-4/LK8016加强输出件-1","D:\WheelLeg\LK8016加强输出件.SLDPRT","默认","2","6.7869981971032855E-17;0.4086675651830845;0.91268330825502086;-5.4522839707468895E-17;0.91268330825502086;-0.4086675651830845;-1;-2.2025825438549098E-17;8.4225515826649817E-17;-0.1235;0.099612047464154016;0.11049999999999613;1;0;0;0"
"底盘装配v0-1/LK8016-promax-4/LK8016加强固定件-1","D:\WheelLeg\LK8016加强固定件.SLDPRT","默认","2","1.8627525972398798E-16;0.58778525229250345;-0.80901699437492536;1.2645946960818451E-16;-0.80901699437492536;-0.58778525229250356;-1;7.1819905200552355E-18;-2.2503086199673225E-16;-0.121;0.099612047464154016;0.11049999999999613;1;0;0;0"
"底盘装配v0-1/LK8016-promax-4/MG8016-i6v3-1","D:\WheelLeg\MG8016-i6v3.SLDPRT","默认","2","-1.7130129802883052E-16;-0.58607314796708077;0.81025814727897449;1.4628282427781238E-16;-0.81025814727897449;-0.58607314796708077;1;1.8131759191472264E-17;2.2453070768533645E-16;-0.1148;0.099612047464155709;0.11049999999999378;1;0;0;0"
"底盘装配v0-1/LK8016-promax-4/LK8016加强内垫板-1","D:\WheelLeg\LK8016加强内垫板.SLDPRT","默认","2","-1.7130129802883052E-16;-0.58607314796708077;0.81025814727897449;1.4628282427781238E-16;-0.81025814727897449;-0.58607314796708077;1;1.8131759191472264E-17;2.2453070768533645E-16;-0.127;0.099612047464154016;0.11049999999999613;1;0;0;0"
"底盘装配v0-1/LK8016-promax-4/RA5008-1","D:\WheelLeg\RA5008.SLDPRT","默认","2","-1.4012080177840881E-16;-0.73037926779513251;0.6830418180280371;1.7637732363892876E-16;-0.6830418180280371;-0.73037926779513251;0.99999999999999989;1.8131759191472261E-17;2.245307076853364E-16;-0.13100000000000001;0.099612047464154016;0.11049999999999613;1;0;0;0"
"底盘装配v0-1/LK8016-promax-4/伞头内六角M4-5-1","D:\WheelLeg\伞头内六角M4-5.SLDPRT","默认","2","-3.1799801675249863E-16;0.408667565183365;0.9126833082548953;-1;-2.5160188626569395E-17;-3.3715513469321074E-16;-1.1482108379212933E-16;-0.9126833082548953;0.408667565183365;-0.1268;0.065633333700408497;0.085813019403711971;1;0;0;0"
"底盘装配v0-1/8_纵梁长嵌件-3","D:\WheelLeg\8_纵梁长嵌件.SLDPRT","默认","2","-1;0;0;0;1;0;0;0;-1;-0.060000000000000046;-0.10949999999999997;0.06900000000000002;1;0;0;0"
"底盘装配v0-1/8_纵梁长嵌件-5","D:\WheelLeg\8_纵梁长嵌件.SLDPRT","默认","2","1;0;0;0;-1;0;0;0;-1;0.060000000000000046;0.10949999999999997;0.06900000000000002;1;0;0;0"
"底盘装配v0-1/4_纵梁中嵌件-3","D:\WheelLeg\4_纵梁中嵌件.SLDPRT","默认","2","3.9448696045885079E-16;1;-2.4980018054066027E-16;4.1633363423443463E-17;2.4980018054066027E-16;1;1;-3.9448696045885079E-16;-4.1633363423443364E-17;-0.068800000000000042;-0.032000000000000008;0.049999999999999989;1;0;0;0"
"底盘装配v0-1/小铝条M3-21-8","D:\WheelLeg\小铝条M3-21.SLDPRT","默认","2","1.1136924715771102E-15;1;-2.7526262425773324E-17;1.734723475976836E-18;2.7526262425773321E-17;1;1;-1.1136924715771102E-15;-1.7347234759768054E-18;0.046500000000003941;-0.24649999999999914;0.023;1;0;0;0"
"底盘装配v0-1/小铝条M3-21-11","D:\WheelLeg\小铝条M3-21.SLDPRT","默认","2","1.1136924715771102E-15;1;-2.7526262425773324E-17;1.734723475976836E-18;2.7526262425773321E-17;1;1;-1.1136924715771102E-15;-1.7347234759768054E-18;-0.036999999999997556;-0.15550000000000058;0.023000000000000003;1;0;0;0"
"底盘装配v0-1/8_纵梁长嵌件-6","D:\WheelLeg\8_纵梁长嵌件.SLDPRT","默认","2","1;0;0;0;-1;0;0;0;-1;0.060000000000000046;0.10949999999999997;0.040999999999999995;1;0;0;0"
"底盘装配v0-1/4_纵梁中嵌件-2","D:\WheelLeg\4_纵梁中嵌件.SLDPRT","默认","2","-3.9448696045885079E-16;-1;-2.4980018054066027E-16;-4.1633363423443463E-17;-2.4980018054066027E-16;1;-1;3.9448696045885079E-16;-4.1633363423443364E-17;0.068800000000000042;0.032000000000000008;0.049999999999999989;1;0;0;0"
"底盘装配v0-1/小铝条M3-40-4","D:\WheelLeg\小铝条M3-40.SLDPRT","默认","2","-3.4145810797065342E-17;-1.3149203947904196E-15;1;-1;2.3507255019515524E-16;-3.4145810797065034E-17;-2.3507255019515519E-16;-1;-1.3149203947904196E-15;0.067000000000000087;0.25100000000000011;0.032999999999998565;1;0;0;0"
"底盘装配v0-1/包胶轴承 30-6-6-3","D:\WheelLeg\包胶轴承 30-6-6.SLDPRT","默认","2","-1.4050898628490266E-17;-0.35478319586381896;0.93494859962067167;-1.4739063841539906E-17;0.93494859962067178;0.35478319586381896;-1;-8.7952443781930845E-18;-1.8366040169861377E-17;0.10449999999999995;-0.27700000000000002;0.0070000000000000001;1;0;0;0"
"底盘装配v0-1/小铝条M3-21-9","D:\WheelLeg\小铝条M3-21.SLDPRT","默认","2","1.1136924715771102E-15;1;-2.7526262425773324E-17;1.734723475976836E-18;2.7526262425773321E-17;1;1;-1.1136924715771102E-15;-1.7347234759768054E-18;-0.052499999999995869;-0.24650000000000083;0.023000000000000007;1;0;0;0"
"底盘装配v0-1/8_纵梁长嵌件-8","D:\WheelLeg\8_纵梁长嵌件.SLDPRT","默认","2","-1;0;0;0;-1;0;0;0;1;-0.060000000000000046;0.10949999999999997;0.031;1;0;0;0"
"底盘装配v0-1/小铝条M3-40-5","D:\WheelLeg\小铝条M3-40.SLDPRT","默认","2","1.4525148627462091E-16;3.4694469519536142E-16;1;1;-3.4864286150491178E-16;-1.4525148627462079E-16;3.4864286150491173E-16;1;-3.4694469519536147E-16;0.066999999999999921;-0.25100000000000078;0.032999999999998454;1;0;0;0"
"底盘装配v0-1/8_纵梁长嵌件-7","D:\WheelLeg\8_纵梁长嵌件.SLDPRT","默认","2","-1;0;0;0;-1;0;0;0;1;-0.060000000000000046;0.10949999999999997;0.059000000000000011;1;0;0;0"
"底盘装配v0-1/4_纵梁中嵌件-4","D:\WheelLeg\4_纵梁中嵌件.SLDPRT","默认","2","-3.9448696045885079E-16;1;-2.4980018054066027E-16;-4.1633363423443463E-17;2.4980018054066027E-16;1;1;3.9448696045885079E-16;4.1633363423443364E-17;0.051200000000000037;-0.032000000000000015;0.049999999999999982;1;0;0;0"
"底盘装配v0-1/小铝条M3-21-10","D:\WheelLeg\小铝条M3-21.SLDPRT","默认","2","-4.163336342344337E-17;1;-1.1102230246251546E-16;-7.829927429646407E-17;1.1102230246251546E-16;1;1;4.1633363423443376E-17;7.829927429646407E-17;0.031000000000002866;-0.15549999999999936;0.023000000000000003;1;0;0;0"
"底盘装配v0-1/小铝条M3-21-12","D:\WheelLeg\小铝条M3-21.SLDPRT","默认","2","4.7412975108923865E-16;1;-1.3253287356462806E-15;6.3472690771376008E-17;1.3253287356462806E-15;1;1;-4.7412975108923875E-16;-6.347269077137538E-17;0.064000000000000043;0.19149999999999984;0.077000000000000499;1;0;0;0"
"底盘装配v0-1/小铝条M4-34-3","D:\WheelLeg\小铝条M4-34.SLDPRT","默认","2","1.375705933937465E-17;1;6.9388939039072303E-16;1;-1.3757059339374658E-17;1.1936686921569547E-17;1.1936686921569556E-17;6.9388939039072303E-16;-1;0.087499999999999925;-0.20700000000000005;0.069000000000000006;1;0;0;0"
"底盘装配v0-1/包胶轴承 30-6-6-4","D:\WheelLeg\包胶轴承 30-6-6.SLDPRT","默认","2","-1.4050898628490266E-17;-0.35478319586381896;0.93494859962067167;-1.4739063841539906E-17;0.93494859962067178;0.35478319586381896;-1;-8.7952443781930845E-18;-1.8366040169861377E-17;-0.098499999999999949;-0.27700000000000002;0.0070000000000000001;1;0;0;0"
"底盘装配v0-1/小铝条M4-34-4","D:\WheelLeg\小铝条M4-34.SLDPRT","默认","0","1.375705933937465E-17;1;6.9388939039072303E-16;1;-1.3757059339374658E-17;1.1936686921569547E-17;1.1936686921569556E-17;6.9388939039072303E-16;-1;0.087499999999999939;-0.248;0.038999999999999993;1;0;0;0"
"底盘装配v0-1/小铝条M3-40-6","D:\WheelLeg\小铝条M3-40.SLDPRT","默认","2","-3.0876440389318051E-17;5.3837768505570152E-17;1;-1;5.5511151231257827E-17;-3.0876440389318051E-17;-5.5511151231257827E-17;-1;5.3837768505570152E-17;0.066999999999999948;0.24200000000000005;0.077000000000000013;1;0;0;0"
"底盘装配v0-1/小铝条M4-34-8","D:\WheelLeg\小铝条M4-34.SLDPRT","默认","0","1.375705933937465E-17;-1;6.9388939039072303E-16;1;1.3757059339374658E-17;1.1936686921569547E-17;-1.1936686921569556E-17;6.9388939039072303E-16;1;0.087499999999999939;0.248;0.030999999999999986;1;0;0;0"
"底盘装配v0-1/小铝条M4-34-6","D:\WheelLeg\小铝条M4-34.SLDPRT","默认","0","-1.375705933937465E-17;-1;6.9388939039072303E-16;-1;1.3757059339374658E-17;1.1936686921569547E-17;-1.1936686921569556E-17;-6.9388939039072303E-16;-1;-0.087499999999999939;0.248;0.038999999999999993;1;0;0;0"
"底盘装配v0-1/小铝条M3-21-23","D:\WheelLeg\小铝条M3-21.SLDPRT","默认","2","3.5780708648499345E-16;1;8.0491169285323849E-16;-1.437857380685176E-17;-8.0491169285323849E-16;1;1;-3.5780708648499345E-16;1.4378573806851474E-17;0.063999999999999946;-0.16550000000000112;0.18349999999999903;1;0;0;0"
"底盘装配v0-1/小铝条M3-21-18","D:\WheelLeg\小铝条M3-21.SLDPRT","默认","2","-4.7412975108923865E-16;-1;-1.3253287356462806E-15;-6.3472690771376008E-17;-1.3253287356462806E-15;1;-1;4.7412975108923875E-16;-6.347269077137538E-17;-0.064000000000000043;-0.19149999999999984;0.077000000000000499;1;0;0;0"
"底盘装配v0-1/小铝条M3-40-12","D:\WheelLeg\小铝条M3-40.SLDPRT","默认","2","3.0876440389318051E-17;5.3837768505570152E-17;-1;-1;-5.5511151231257827E-17;-3.0876440389318051E-17;-5.5511151231257827E-17;1;5.3837768505570152E-17;0.066999999999999948;-0.24200000000000005;0.077000000000000013;1;0;0;0"
"底盘装配v0-1/小铝条M3-21-20","D:\WheelLeg\小铝条M3-21.SLDPRT","默认","2","5.8111300333121104E-16;1;-5.6066262743570405E-15;-3.0838131672792612E-17;5.6066262743570405E-15;1;1;-5.8111300333121085E-16;3.0838131672795872E-17;-0.068000000000000088;-0.1894999999999985;0.18350000000000158;1;0;0;0"
"底盘装配v0-1/小铝条M4-34-7","D:\WheelLeg\小铝条M4-34.SLDPRT","默认","2","1.375705933937465E-17;-1;6.9388939039072303E-16;1;1.3757059339374658E-17;1.1936686921569547E-17;-1.1936686921569556E-17;6.9388939039072303E-16;1;0.087499999999999925;0.20700000000000005;0.060999999999999999;1;0;0;0"
"底盘装配v0-1/小铝条M4-34-5","D:\WheelLeg\小铝条M4-34.SLDPRT","默认","2","-1.375705933937465E-17;-1;6.9388939039072303E-16;-1;1.3757059339374658E-17;1.1936686921569547E-17;-1.1936686921569556E-17;-6.9388939039072303E-16;-1;-0.087499999999999925;0.20700000000000005;0.069000000000000006;1;0;0;0"
"底盘装配v0-1/小铝条M3-21-21","D:\WheelLeg\小铝条M3-21.SLDPRT","默认","0","-9.0032148403196308E-16;0.25881904510252451;-0.96592582628906731;4.3411454986319593E-16;0.96592582628906731;0.25881904510252451;1;-1.8630210849827355E-16;-9.8200088665007793E-16;0.064000000000000085;0.2140990430942715;0.17026872964406695;1;0;0;0"
"底盘装配v0-1/小铝条M3-21-17","D:\WheelLeg\小铝条M3-21.SLDPRT","默认","2","4.7412975108923865E-16;-1;-1.3253287356462806E-15;6.3472690771376008E-17;-1.3253287356462806E-15;1;-1;-4.7412975108923875E-16;6.347269077137538E-17;0.070000000000000048;-0.19149999999999984;0.077000000000000499;1;0;0;0"
"底盘装配v0-1/小铝条M3-40-13","D:\WheelLeg\小铝条M3-40.SLDPRT","默认","2","3.0876440389318051E-17;-5.3837768505570152E-17;1;1;-5.5511151231257827E-17;-3.0876440389318051E-17;5.5511151231257827E-17;1;5.3837768505570152E-17;-0.066999999999999948;-0.24200000000000005;0.077000000000000013;1;0;0;0"
"底盘装配v0-1/小铝条M3-21-19","D:\WheelLeg\小铝条M3-21.SLDPRT","默认","2","9.0032148403196308E-16;-0.25881904510252451;-0.96592582628906731;-4.3411454986319593E-16;-0.96592582628906731;0.25881904510252451;-1;1.8630210849827355E-16;-9.8200088665007793E-16;-0.064000000000000085;-0.2140990430942715;0.17026872964406695;1;0;0;0"
"底盘装配v0-1/小铝条M3-21-22","D:\WheelLeg\小铝条M3-21.SLDPRT","默认","2","-5.8111300333121104E-16;-1;-5.6066262743570405E-15;3.0838131672792612E-17;-5.6066262743570405E-15;1;-1;5.8111300333121085E-16;3.0838131672795872E-17;0.068000000000000088;0.1894999999999985;0.18350000000000158;1;0;0;0"
"底盘装配v0-1/小铝条M3-21-26","D:\WheelLeg\小铝条M3-21.SLDPRT","默认","2","3.4142475067943201E-16;0.98162718344766564;-0.19080899537653678;6.7748440113858034E-17;0.19080899537653678;0.98162718344766564;1;-3.480788281652249E-16;-1.3567967781123461E-18;0.06399999999999996;-0.1391204875876704;0.092231896774588526;1;0;0;0"
"底盘装配v0-1/小铝条M3-21-25","D:\WheelLeg\小铝条M3-21.SLDPRT","默认","2","-9.0032148403196308E-16;-0.25881904510252451;-0.96592582628906731;4.3411454986319598E-16;-0.96592582628906731;0.25881904510252451;-1;-1.863021084982736E-16;9.8200088665007793E-16;0.07000000000000009;-0.2140990430942715;0.17026872964406692;1;0;0;0"
"底盘装配v0-1/小铝条M3-40-16","D:\WheelLeg\小铝条M3-40.SLDPRT","默认","2","1;-3.4089884277760275E-16;1.7283222123269884E-16;-2.6010144971922198E-16;-0.27563735581699156;0.96126169593832123;-2.8005398329125116E-16;-0.96126169593832123;-0.27563735581699156;0.06700000000000006;0.082030972903224447;0.13850256705383335;1;0;0;0"
"底盘装配v0-1/小铝条M3-40-14","D:\WheelLeg\小铝条M3-40.SLDPRT","默认","2","-1.0656424533081257E-16;-0.27563735581699195;0.961261695938321;-1;3.3605774848970612E-16;-1.4495715572746931E-17;-3.1904388053528151E-16;-0.961261695938321;-0.27563735581699195;0.066999999999999976;-0.038580505065690981;0.10391778227669768;1;0;0;0"
"底盘装配v0-1/小铝条M3-40-18","D:\WheelLeg\小铝条M3-40.SLDPRT","默认","2","-3.0876440389318051E-17;5.3837768505570152E-17;1;-1;5.5511151231257827E-17;-3.0876440389318051E-17;-5.5511151231257827E-17;-1;5.3837768505570152E-17;-0.067000000000000046;0.10000000000000099;0.18249999999999944;1;0;0;0"
"底盘装配v0-1/小铝条M3-40-15","D:\WheelLeg\小铝条M3-40.SLDPRT","默认","2","-1.0656424533081257E-16;-0.27563735581699195;0.961261695938321;-1;3.3605774848970612E-16;-1.4495715572746931E-17;-3.1904388053528151E-16;-0.961261695938321;-0.27563735581699195;0.067000000000000004;0.041204215697189905;0.12679568280950751;1;0;0;0"
"底盘装配v0-1/小铝条M3-21-24","D:\WheelLeg\小铝条M3-21.SLDPRT","默认","2","-5.8111300333121104E-16;1;-5.6066262743570405E-15;3.0838131672792612E-17;5.6066262743570405E-15;1;1;5.8111300333121085E-16;-3.0838131672795872E-17;0.062000000000000083;-0.1894999999999985;0.18350000000000158;1;0;0;0"
"底盘装配v0-1/M3正方体-2","D:\WheelLeg\M3正方体.SLDPRT","默认","2","-1;0;0;0;1;0;0;0;-1;-0.06300000000000007;0.17100000000000007;0.1855;1;0;0;0"
"底盘装配v0-1/小铝条M3-21-15","D:\WheelLeg\小铝条M3-21.SLDPRT","默认","2","5.5511151231257827E-17;6.132797789786515E-17;-1;-3.3189266285621371E-16;0.99999999999999989;6.3053531200082055E-17;1;2.9585021983702708E-16;2.7755575615628914E-17;-0.070000000000002907;0.12000000000000001;0.16599999999999879;1;0;0;0"
"底盘装配v0-1/前装甲板垫块22mm-2","D:\WheelLeg\前装甲板垫块22mm.SLDPRT","默认","2","-1;-2.3592239273284576E-16;-3.1635465327414047E-16;1.040834085586084E-16;-1;2.4032364212936313E-16;-1.9972141563902137E-16;2.2088512817967784E-16;1.0000000000000002;-0.04750000000000007;0.21149999999999691;0.073999999999999913;1;0;0;0"
"底盘装配v0-1/M3正方体-1","D:\WheelLeg\M3正方体.SLDPRT","默认","2","1;0;0;0;1;0;0;0;1;0.06300000000000007;0.17100000000000007;0.17549999999999999;1;0;0;0"
"底盘装配v0-1/小铝条M3-40-8","D:\WheelLeg\小铝条M3-40.SLDPRT","默认","2","-1.0656424533081257E-16;0.27563735581699195;-0.961261695938321;1;3.3605774848970612E-16;-1.4495715572746928E-17;3.1904388053528171E-16;-0.961261695938321;-0.27563735581699195;-0.067000000000000004;0.041204215697189912;0.12679568280950751;1;0;0;0"
"底盘装配v0-1/小铝条M3-21-16","D:\WheelLeg\小铝条M3-21.SLDPRT","默认","2","5.5511151231257827E-17;6.132797789786515E-17;-1;-3.3189266285621371E-16;0.99999999999999989;6.3053531200082055E-17;1;2.9585021983702708E-16;2.7755575615628914E-17;0.063999999999997101;0.12000000000000008;0.16600000000000123;1;0;0;0"
"底盘装配v0-1/小铝条M4-34-2","D:\WheelLeg\小铝条M4-34.SLDPRT","默认","2","-1.3757059339374647E-17;0.99999999999999989;6.9388939039072284E-16;-1;2.595826165954124E-16;1.1936686921569736E-17;-3.0460849534728187E-17;-7.2164496600635175E-16;0.99999999999999989;-0.087499999999999925;-0.20700000000000005;0.060999999999999985;1;0;0;0"
"底盘装配v0-1/小铝条M3-40-10","D:\WheelLeg\小铝条M3-40.SLDPRT","默认","2","-1.0000000000000002;-1.409434492713511E-16;-7.4940054162198066E-16;-1.409434492713511E-16;1;-2.2306948964154819E-17;7.4940054162198066E-16;-2.230694896415472E-17;-1.0000000000000002;-0.067000000000000878;-0.15500000000000005;0.14975000000000019;1;0;0;0"
"底盘装配v0-1/小铝条M3-21-14","D:\WheelLeg\小铝条M3-21.SLDPRT","默认","2","-3.5780708648499345E-16;1;8.0491169285323849E-16;1.437857380685176E-17;-8.0491169285323849E-16;1;1;3.6765162614837038E-16;-2.860797876197564E-17;-0.069999999999999951;-0.16550000000000112;0.18349999999999903;1;0;0;0"
"底盘装配v0-1/小铝条M3-40-11","D:\WheelLeg\小铝条M3-40.SLDPRT","默认","2","-1.0000000000000002;-1.409434492713511E-16;-7.4940054162198066E-16;-1.409434492713511E-16;1;-2.2306948964154819E-17;7.4940054162198066E-16;-2.230694896415472E-17;-1.0000000000000002;0.066999999999999144;-0.155;0.14975000000000102;1;0;0;0"
"底盘装配v0-1/小铝条M3-40-17","D:\WheelLeg\小铝条M3-40.SLDPRT","默认","2","-3.0876440389318051E-17;-5.3837768505570152E-17;-1;1;5.5511151231257827E-17;-3.0876440389318106E-17;5.5511151231257827E-17;-1;5.3837768505570159E-17;0.067000000000000046;0.10000000000000099;0.18249999999999944;1;0;0;0"
"底盘装配v0-1/小铝条M4-34-1","D:\WheelLeg\小铝条M4-34.SLDPRT","默认","0","-1.3757059339374647E-17;0.99999999999999989;6.9388939039072284E-16;-1;2.595826165954124E-16;1.1936686921569736E-17;-3.0460849534728187E-17;-7.2164496600635175E-16;0.99999999999999989;-0.087499999999999939;-0.248;0.030999999999999986;1;0;0;0"
"底盘装配v0-1/小铝条M3-40-9","D:\WheelLeg\小铝条M3-40.SLDPRT","默认","2","0.99999999999999989;3.4089884277760266E-16;-1.7283222123269879E-16;2.6551822966773795E-16;-0.2756373558169915;0.961261695938321;2.9275727000931945E-16;-0.961261695938321;-0.2756373558169915;-0.06700000000000006;0.082030972903224419;0.13850256705383335;1;0;0;0"
"底盘装配v0-1/前装甲板垫块22mm-1","D:\WheelLeg\前装甲板垫块22mm.SLDPRT","默认","2","-1;-2.3592239273284576E-16;-3.1635465327414047E-16;1.040834085586084E-16;-1;2.4032364212936313E-16;-1.9972141563902137E-16;2.2088512817967784E-16;1.0000000000000002;0.047499999999999959;0.21150000000000005;0.074000000000000024;1;0;0;0"
"底盘装配v0-1/2_大侧板-v2-1","D:\WheelLeg\2_大侧板-v2.SLDPRT","默认","2","3.1225022567582528E-17;1;-5.8286708792820718E-16;8.3266726846886765E-17;5.8286708792820718E-16;1;1;-3.1225022567582571E-17;-8.3266726846886753E-17;0.126;-7.6327832942979512E-17;0.11049999999999997;1;0;0;0"
"底盘装配v0-1/底盘骨架-final-1","D:\WheelLeg\底盘骨架-final.SLDPRT","默认","2","1;0;0;0;1;0;0;0;1;0;0;0;1;0;0;0"
"底盘装配v0-1/LK8016-promax-1","D:\WheelLeg\LK8016-promax.SLDASM","默认","0","1.7130129802883056E-16;0.58607314796708088;0.81025814727897472;-1.462828242778124E-16;0.81025814727897472;-0.58607314796708088;-1;-1.8131759191472289E-17;2.2453070768533665E-16;0.1148;-0.099612047464155695;0.11049999999999378;1;0;0;0"
"底盘装配v0-1/GM6020-1","D:\WheelLeg\GM6020.SLDPRT","默认","2","-0.86602540378442749;-0.50000000000001976;-6.3727513613006186E-18;0.50000000000001954;-0.86602540378442749;2.8509283666784964E-18;-6.9444287542274355E-18;-7.1739929073720751E-19;1;1.3882931090236986E-17;0.072499999999999995;0.19004785638940003;1;0;0;0"
"底盘装配v0-1/超电控制盒-1","D:\WheelLeg\超电控制盒.SLDPRT","默认","2","-1.1102230246251565E-16;-1;1.3340092981339861E-17;1;-1.1102230246251565E-16;3.825560571724171E-18;-3.8255605717241679E-18;1.334009298133986E-17;0.99999999999999989;-1.1796119636642291E-16;-0.19490339116254971;0.07350000000000001;1;0;0;0"
"底盘装配v0-1/2_长款主动链轮20T-1","D:\WheelLeg\2_长款主动链轮20T.SLDPRT","默认","2","-2.6936169991260049E-17;-0.10242516097561166;0.99474071315047707;-2.0793190616713244E-16;-0.99474071315047707;-0.10242516097561155;1;-1.0258805204413509E-16;-2.5352038747147711E-17;0.14400000000000002;0.099612047464154099;0.11049999999999544;1;0;0;0"
"底盘装配v0-1/8_纵梁长嵌件-1","D:\WheelLeg\8_纵梁长嵌件.SLDPRT","默认","2","1;0;0;0;1;0;0;0;1;0.060000000000000046;-0.10949999999999997;0.031;1;0;0;0"
"底盘装配v0-1/4_纵梁中嵌件-1","D:\WheelLeg\4_纵梁中嵌件.SLDPRT","默认","2","3.9448696045885069E-16;-0.99999999999999989;-2.4980018054066022E-16;4.163336342344345E-17;-2.2204460492503131E-16;1;-0.99999999999999989;-4.260970840315407E-16;1.1510201854480078E-17;-0.051200000000000044;0.032000000000000015;0.049999999999999989;1;0;0;0"
"底盘装配v0-1/电池盖板-1","D:\WheelLeg\电池盖板.SLDPRT","默认","2","-0.99998748533642012;-4.5160750205388148E-15;-0.0050029162038613875;4.5163889159456859E-15;-1;-5.1444859059053317E-17;-0.0050029162038613875;-7.4039330534473922E-17;0.99998748533642012;-0.0029808831336311991;0.15300000000000008;0.18635775856723069;1;0;0;0"
"底盘装配v0-1/2_短款主动链轮20T-1","D:\WheelLeg\2_短款主动链轮20T.SLDPRT","默认","2","2.2656812913546879E-16;0.91268330825502231;0.40866756518308167;-8.6683713115954854E-17;-0.40866756518308167;0.91268330825502231;1;-2.4220977162463674E-16;-1.3476267623379133E-17;0.13500000000000001;-0.099612047464154738;0.11049999999999569;1;0;0;0"
"底盘装配v0-1/超电安装盒-1","D:\WheelLeg\超电安装盒.SLDPRT","默认","2","2.0816681711721685E-16;1;-1.0340905894323509E-17;-1;2.0816681711721685E-16;-1.1828882688264623E-18;-1.1828882688264598E-18;1.0340905894323509E-17;0.99999999999999989;-1.1693821265150082E-16;-0.20290339116254974;0.02;1;0;0;0"
"底盘装配v0-1/TB电源装配-1","D:\WheelLeg\TB电源装配.SLDASM","默认","2","-1;1.2056328158038809E-16;6.5529366184339229E-16;6.5529366184339249E-16;7.0701918719078333E-16;1;1.2056328158038762E-16;1;-7.0701918719078343E-16;0.045750000000001831;0.15279999999999924;0.13699999999999996;1;0;0;0"
"底盘装配v0-1/TB电源装配-1/TB电源装配.STEP-1","C:\Users\20939\AppData\Local\Temp\swx21600\IC~~\TB电源装配.STEP.SLDASM","默认","2","-1;1.2056328158038809E-16;6.5529366184339229E-16;6.5529366184339249E-16;7.0701918719078333E-16;1;1.2056328158038762E-16;1;-7.0701918719078343E-16;0.045750000000001831;0.15279999999999924;0.13699999999999996;1;0;0;0"
"底盘装配v0-1/TB电源装配-1/TB电源装配.STEP-1/黑色电池.STEP-1","C:\Users\20939\AppData\Local\Temp\swx21600\IC~~\黑色电池.STEP.SLDPRT","默认","2","-1;1.2056328158038809E-16;6.5529366184339229E-16;6.5529366184339249E-16;7.0701918719078333E-16;1;1.2056328158038762E-16;1;-7.0701918719078343E-16;0.0065000000000017613;0.15279999999999919;0.032999999999999988;1;0;0;0"
"底盘装配v0-1/TB电源装配-1/TB电源装配.STEP-1/RoboMaster 电池架.STEP-1","C:\Users\20939\AppData\Local\Temp\swx21600\IC~~\RoboMaster 电池架.STEP.SLDPRT","默认","2","-1;1.2056328158038809E-16;6.5529366184339229E-16;6.5529366184339249E-16;7.0701918719078333E-16;1;1.2056328158038762E-16;1;-7.0701918719078343E-16;0.045750000000001831;0.15279999999999924;0.13699999999999996;1;0;0;0"
"底盘装配v0-1/装甲模块-1","D:\WheelLeg\装甲模块.SLDASM","默认","2","-1;-4.163336342344337E-17;-4.259217922423611E-17;-2.1269952503874624E-17;-0.25881904510249321;0.96592582628907564;-3.1595571194172832E-17;0.96592582628907553;0.25881904510249309;0.0018354502568950469;0.085093249905960455;0.10313938264859485;1;0;0;0"
"底盘装配v0-1/装甲模块-1/大装甲板-改1.15-1","E:\2025赛季\串联腿v2\大装甲板-改1.15.SLDPRT","默认","0","-7.0035191957782391E-16;0.25881904510252168;0.96592582628906809;-2.0151290353745794E-15;0.96592582628906798;-0.25881904510252168;-1;-2.1277295936341339E-15;-1.5493423391733018E-16;-0.045004395502076966;0.093500873717686173;0.26146558992789104;1;0;0;0"
"底盘装配v0-1/装甲模块-1/二版RM2019裁判系统支撑架AH02-2","D:\WheelLeg\二版RM2019裁判系统支撑架AH02.SLDPRT","默认","2","-1;-4.163336342344337E-17;-4.259217922423611E-17;-2.1269952503874624E-17;-0.25881904510249321;0.96592582628907564;-3.1595571194172832E-17;0.96592582628907553;0.25881904510249309;-0.047499999999997267;0.24499999999999605;0.09599999999999384;1;0;0;0"
"底盘装配v0-1/装甲模块-1/二版RM2019裁判系统支撑架AH02-1","D:\WheelLeg\二版RM2019裁判系统支撑架AH02.SLDPRT","默认","2","-1;-4.163336342344337E-17;-4.259217922423611E-17;-2.1269952503874624E-17;-0.25881904510249321;0.96592582628907564;-3.1595571194172832E-17;0.96592582628907553;0.25881904510249309;0.047500000000002707;0.24499999999999628;0.095999999999993924;1;0;0;0"
"底盘装配v0-1/装甲模块-1/螺栓M4-8-2","D:\WheelLeg\螺栓M4-8.SLDPRT","M4*8","2","-0.64788718471066709;-0.76173630338043241;2.7755575615628918E-16;3.4361271710642751E-20;3.6434326773853322E-16;0.99999999999999989;-0.7617363033804323;0.64788718471066697;-2.360271597753108E-16;0.047500000000002707;0.22874999999999884;0.18599999999999706;1;0;0;0"
"底盘装配v0-1/装甲模块-1/螺栓M4-8-1","D:\WheelLeg\螺栓M4-8.SLDPRT","M4*8","2","-0.73840986304949774;-0.67435218851222101;1.6653345369377348E-16;-3.2377455269892283E-19;5.5511151231257827E-17;0.99999999999999989;-0.6743521885122209;0.73840986304949763;-1.6653345369377348E-16;-0.047499999999997301;0.22874999999999859;0.18599999999999697;1;0;0;0"
"底盘装配v0-1/装甲模块-1/小装甲板-1","D:\WheelLeg\小装甲板.SLDPRT","默认","2","-2.0299970155194543E-15;0.96592582628907564;0.25881904510249287;5.0226417153506351E-16;-0.25881904510249298;0.96592582628907575;1;2.1074415318529509E-15;5.4121401423109337E-17;0.0450043955020826;0.28202322566961213;0.061608311133437649;1;0;0;0"
"底盘装配v0-1/灯条模块-1","D:\WheelLeg\灯条模块.SLDPRT","默认","2","0.99999999999999967;3.6990562643555969E-16;-2.3454188476504568E-16;2.3454188476503947E-16;1.6209256159527285E-14;1;3.6990562643556343E-16;-0.99999999999999989;1.6153745008296028E-14;0.11875554492085723;-0.23074936601382151;0.18408927877172246;1;0;0;0"
"底盘装配v0-1/装甲模块-2","D:\WheelLeg\装甲模块.SLDASM","默认","2","1;2.2204460492503121E-16;-2.3953440270956165E-16;1.7390309324503659E-16;0.25881904510249321;0.96592582628907564;2.764746838637269E-16;-0.96592582628907564;0.25881904510249321;-0.0018354502568951533;-0.085093249905964868;0.081139382648594896;1;0;0;0"
"底盘装配v0-1/装甲模块-2/大装甲板-改1.15-1","E:\2025赛季\串联腿v2\大装甲板-改1.15.SLDPRT","默认","0","9.5497565325384887E-16;-0.25881904510252174;0.96592582628906787;2.1508839974320306E-15;-0.96592582628906787;-0.25881904510252163;1;2.392489404711314E-15;-2.895116373225802E-16;0.045004395502076903;-0.093500873717690586;0.23946558992789113;1;0;0;0"
"底盘装配v0-1/装甲模块-2/二版RM2019裁判系统支撑架AH02-2","D:\WheelLeg\二版RM2019裁判系统支撑架AH02.SLDPRT","默认","2","1;2.2204460492503121E-16;-2.3953440270956165E-16;1.7390309324503659E-16;0.25881904510249321;0.96592582628907564;2.764746838637269E-16;-0.96592582628907564;0.25881904510249321;0.04749999999999719;-0.2450000000000005;0.07399999999999389;1;0;0;0"
"底盘装配v0-1/装甲模块-2/二版RM2019裁判系统支撑架AH02-1","D:\WheelLeg\二版RM2019裁判系统支撑架AH02.SLDPRT","默认","2","1;2.2204460492503121E-16;-2.3953440270956165E-16;1.7390309324503659E-16;0.25881904510249321;0.96592582628907564;2.764746838637269E-16;-0.96592582628907564;0.25881904510249321;-0.047500000000002783;-0.24500000000000074;0.073999999999994001;1;0;0;0"
"底盘装配v0-1/装甲模块-2/螺栓M4-8-2","D:\WheelLeg\螺栓M4-8.SLDPRT","M4*8","2","0.64788718471066675;0.7617363033804323;5.5511151231257827E-17;2.6098633140714917E-16;-3.3306690738754696E-16;0.99999999999999989;0.76173630338043252;-0.64788718471066675;-4.4408920985006262E-16;-0.047500000000002769;-0.22875000000000326;0.16399999999999715;1;0;0;0"
"底盘装配v0-1/装甲模块-2/螺栓M4-8-1","D:\WheelLeg\螺栓M4-8.SLDPRT","M4*8","2","0.73840986304949752;0.67435218851222112;-2.7755575615628914E-17;2.1113544524888241E-16;-8.3266726846886741E-17;1;0.67435218851222112;-0.73840986304949752;-2.4980018054066022E-16;0.047499999999997239;-0.22875000000000301;0.16399999999999704;1;0;0;0"
"底盘装配v0-1/装甲模块-2/小装甲板-1","D:\WheelLeg\小装甲板.SLDPRT","默认","2","2.2748761281890084E-15;-0.96592582628907575;0.25881904510249298;-3.4963103079390151E-16;0.25881904510249298;0.96592582628907575;-1;-2.2878527733545393E-15;2.5106362490843506E-16;-0.045004395502082677;-0.28202322566961657;0.039608311133437733;1;0;0;0"
"底盘装配v0-1/主控模块-1","D:\WheelLeg\主控模块.SLDPRT","默认","2","1.1285935785750869E-15;-0.99999999999999989;-6.6821272434129115E-17;-0.005002916203861449;-7.2466695290211931E-17;0.99998748533642012;-0.99998748533642001;-1.1282451533795091E-15;-0.0050029162038614482;-0.018988187273319211;0.17480000000000007;0.18777769313597345;1;0;0;0"
"底盘装配v0-1/主控盒-1","D:\WheelLeg\主控盒.SLDPRT","默认","2","-9.7144514654701197E-17;-1;6.3062046838344688E-18;1;-8.3266726846886741E-17;-2.725143707023353E-17;2.7251437070233527E-17;6.3062046838344664E-18;1;-1.0557155598825511E-16;-0.19539435242538086;0.10599999999999998;1;0;0;0"
"底盘装配v0-1/交改拨盘装配-1","D:\WheelLeg\交改拨盘装配.SLDASM","默认","2","-0.95089135738316943;-0.30952483980125595;-2.775557561562891E-17;-0.309524839801256;0.95089135738316988;-3.4694469519536115E-18;2.7466416984098977E-17;5.2919729745071164E-18;-1;-6.9388939039072284E-18;-0.1030611954132107;0.051500000000000004;1;0;0;0"
"底盘装配v0-1/交改拨盘装配-1/滚花铜柱2XM3-5-8-5","D:\WheelLeg\滚花铜柱2XM3-5-8.SLDPRT","默认","2","0.95089135738317154;0.30952483980124929;2.7755575615628932E-17;0.30952483980124934;-0.95089135738317199;3.4694469519534177E-18;2.7466416984098977E-17;5.2919729745071164E-18;-1;0.022852637462731043;-0.12470636301946489;0.082500000000000004;1;0;0;0"
"底盘装配v0-1/交改拨盘装配-1/滚花铜柱2XM3-5-8-3","D:\WheelLeg\滚花铜柱2XM3-5-8.SLDPRT","默认","2","-0.30952483980125267;0.95089135738317099;-3.4694469519535144E-18;0.95089135738317054;0.30952483980125262;2.775557561562892E-17;2.7466416984098977E-17;5.2919729745071164E-18;-1;0.021645167606254092;-0.08020855795047957;0.082500000000000004;1;0;0;0"
"底盘装配v0-1/交改拨盘装配-1/滚花铜柱2XM3-5-8-2","D:\WheelLeg\滚花铜柱2XM3-5-8.SLDPRT","默认","2","-0.8912488401464671;0.45351461380817393;-2.2079425200240552E-17;0.45351461380817359;0.89124884014646732;1.7172886266853827E-17;2.7466416984098977E-17;5.2919729745071164E-18;-1;-0.00085381012359331872;-0.071596495701014104;0.082500000000000004;1;0;0;0"
"底盘装配v0-1/交改拨盘装配-1/滚花铜柱2XM3-5-8-4","D:\WheelLeg\滚花铜柱2XM3-5-8.SLDPRT","默认","2","0.4535146138081767;0.89124884014646566;1.7172886266853904E-17;0.89124884014646544;-0.45351461380817709;2.2079425200240491E-17;2.7466416984098977E-17;5.2919729745071164E-18;-1;0.031464699712196571;-0.10220738528961751;0.082500000000000004;1;0;0;0"
"底盘装配v0-1/交改拨盘装配-1/杯头内六角M3-25-8","D:\WheelLeg\杯头内六角M3-25.SLDPRT","默认","2","-0.97552117315021725;-0.21990552684192319;-2.7957805423553493E-17;-0.21990552684192319;0.97552117315021725;-8.7758521297780547E-19;2.7466416984098974E-17;5.2919729745071164E-18;-0.99999999999999989;-0.03146469971219653;-0.10391500553680368;0.093500000000000014;1;0;0;0"
"底盘装配v0-1/交改拨盘装配-1/杯头内六角M3-25-3","D:\WheelLeg\杯头内六角M3-25.SLDPRT","默认","2","0.53430094747524315;0.84529432597590382;1.9148607346922887E-17;0.84529432597590359;-0.53430094747524348;2.0389700257254523E-17;2.7466416984098977E-17;5.2919729745071164E-18;-1;0.021645167606254043;-0.080208557950479598;0.093500000000000014;1;0;0;0"
"底盘装配v0-1/交改拨盘装配-1/滚花铜柱2XM3-5-8-8","D:\WheelLeg\滚花铜柱2XM3-5-8.SLDPRT","默认","2","-0.45351461380818292;-0.89124884014646255;-1.7172886266854058E-17;-0.89124884014646233;0.45351461380818325;-2.2079425200240374E-17;2.7466416984098977E-17;5.2919729745071164E-18;-1;-0.031464699712196592;-0.10391500553680368;0.082500000000000004;1;0;0;0"
"底盘装配v0-1/交改拨盘装配-1/杯头内六角M3-25-2","D:\WheelLeg\杯头内六角M3-25.SLDPRT","默认","2","-0.21990552684193343;0.97552117315021514;-8.7758521297809995E-19;0.9755211731502148;0.21990552684193335;2.7957805423553481E-17;2.7466416984098974E-17;5.2919729745071156E-18;-0.99999999999999989;-0.00085381012359332772;-0.071596495701014173;0.093500000000000014;1;0;0;0"
"底盘装配v0-1/交改拨盘装配-1/杯头内六角M3-25-5","D:\WheelLeg\杯头内六角M3-25.SLDPRT","默认","2","0.84529432597590171;-0.53430094747524648;2.0389700257254458E-17;-0.53430094747524604;-0.84529432597590204;-1.9148607346922957E-17;2.7466416984098977E-17;5.2919729745071164E-18;-1;0.022852637462731008;-0.12470636301946483;0.093500000000000014;1;0;0;0"
"底盘装配v0-1/交改拨盘装配-1/杯头内六角M3-25-6","D:\WheelLeg\杯头内六角M3-25.SLDPRT","默认","2","0.21990552684192657;-0.97552117315021647;8.7758521297790331E-19;-0.97552117315021647;-0.21990552684192657;-2.7957805423553493E-17;2.7466416984098977E-17;5.2919729745071164E-18;-1;0.00085381012359308942;-0.13452589512540722;0.093500000000000014;1;0;0;0"
"底盘装配v0-1/交改拨盘装配-1/杯头内六角M3-25-7","D:\WheelLeg\杯头内六角M3-25.SLDPRT","默认","2","-0.53430094747524903;-0.84529432597590004;-1.9148607346923031E-17;-0.84529432597590004;0.53430094747524903;-2.0389700257254399E-17;2.7466416984098986E-17;5.2919729745071172E-18;-1;-0.021645167606254213;-0.12591383287594163;0.093500000000000014;1;0;0;0"
"底盘装配v0-1/交改拨盘装配-1/滚花铜柱2XM3-5-8-6","D:\WheelLeg\滚花铜柱2XM3-5-8.SLDPRT","默认","2","0.89124884014646399;-0.45351461380818014;2.2079425200240432E-17;-0.45351461380817981;-0.89124884014646411;-1.7172886266853981E-17;2.7466416984098977E-17;5.2919729745071164E-18;-1;0.0008538101235930828;-0.1345258951254073;0.082500000000000004;1;0;0;0"
"底盘装配v0-1/交改拨盘装配-1/滚花铜柱2XM3-5-8-7","D:\WheelLeg\滚花铜柱2XM3-5-8.SLDPRT","默认","2","0.30952483980124607;-0.9508913573831731;3.4694469519533207E-18;-0.95089135738317265;-0.30952483980124601;-2.7755575615628944E-17;2.7466416984098977E-17;5.2919729745071164E-18;-1;-0.021645167606254262;-0.12591383287594168;0.082500000000000004;1;0;0;0"
"底盘装配v0-1/交改拨盘装配-1/杯头内六角M3-25-4","D:\WheelLeg\杯头内六角M3-25.SLDPRT","默认","2","0.97552117315021591;0.21990552684192996;2.7957805423553499E-17;0.21990552684192993;-0.9755211731502158;8.7758521297800038E-19;2.7466416984098989E-17;5.2919729745071172E-18;-1.0000000000000002;0.031464699712196516;-0.10220738528961749;0.093500000000000014;1;0;0;0"
"底盘装配v0-1/交改拨盘装配-1/交龙斜坡滑槽-1","D:\WheelLeg\交龙斜坡滑槽.SLDPRT","默认","2","0.37521932216603437;0.92693606050971078;1.8174470463818948E-16;-0.92693606050971045;0.37521932216603471;-1.3449626430565728E-16;-1.9286356227036628E-16;-1.1800012340919177E-16;1;2.0751500117103855E-17;-0.1030611954132107;0.072850000496232262;1;0;0;0"
"底盘装配v0-1/交改拨盘装配-1/拨盘下壁机加件-1","D:\WheelLeg\拨盘下壁机加件.SLDPRT","默认","2","-0.95089135738316943;-0.30952483980125595;-2.775557561562891E-17;-0.309524839801256;0.95089135738316988;-3.4694469519536115E-18;2.7466416984098977E-17;5.2919729745071164E-18;-1;-6.9388939039072284E-18;-0.1030611954132107;0.051500000000000004;1;0;0;0"
"底盘装配v0-1/交改拨盘装配-1/拨盘分层片改-1","D:\WheelLeg\拨盘分层片改.SLDPRT","默认","2","0.95089135738316932;0.30952483980125634;-5.5511151231257839E-17;5.1711193932190742E-17;2.0481147313550474E-17;1;0.30952483980125639;-0.95089135738316977;3.4694469519536211E-18;0.022138507848279622;-0.10675088422802984;-0.061299999999999993;1;0;0;0"
"底盘装配v0-1/交改拨盘装配-1/交龙拨盘安装座-1","D:\WheelLeg\交龙拨盘安装座.SLDPRT","默认","2","-0.45351461380818336;-0.89124884014646233;3.3061661173210478E-17;1.4493607329267984E-17;2.9720766243282902E-17;1;-0.891248840146462;0.4535146138081837;-5.61391103157372E-19;-6.2458552934514084E-18;-0.1030611954132107;0.032000000000000001;1;0;0;0"
"底盘装配v0-1/交改拨盘装配-1/交龙拨盘出弹导轨-1","D:\WheelLeg\交龙拨盘出弹导轨.SLDPRT","默认","2","-0.95089135738316943;-0.30952483980125595;-2.4286128663675302E-17;2.3538985796757163E-17;6.1484904061195727E-18;-1;0.309524839801256;-0.95089135738316988;1.439354419692866E-18;-8.4436371315716397E-18;-0.10306119541321071;0.042000000000000003;1;0;0;0"
"底盘装配v0-1/交改拨盘装配-1/M2006电机-1","D:\WheelLeg\M2006电机.SLDPRT","默认","2","0.97825849163351819;-0.20738930432139896;-5.8751462381722795E-17;-0.20738930432139868;-0.97825849163351841;5.238605241332627E-17;-6.8338423936951596E-17;-3.9062675705284666E-17;-1;0.016506580271460541;-0.090964315456919187;0.027104790588407267;1;0;0;0"
"底盘装配v0-1/交改拨盘装配-1/八爪拨盘柱体-4.4改加大间距-1","D:\WheelLeg\八爪拨盘柱体-4.4改加大间距.SLDPRT","默认","2","-0.37521932216603915;-0.92693606050970856;-1.5211250944416875E-17;-0.92693606050970834;0.37521932216603948;-2.3473961843142093E-17;2.7466416984098977E-17;5.2919729745071164E-18;-1;-8.868374756450931E-18;-0.1030611954132107;0.070500000000000007;1;0;0;0"
"底盘装配v0-1/交改拨盘装配-1/八爪拨盘平面盘体-5.9-1","D:\WheelLeg\八爪拨盘平面盘体-5.9.SLDPRT","默认","2","-0.37521932216603915;-0.92693606050970856;-1.5211250944416875E-17;-0.92693606050970834;0.37521932216603948;-2.3473961843142093E-17;2.7466416984098977E-17;5.2919729745071164E-18;-1;-9.1620051435606933E-18;-0.1030611954132107;0.074500000000000011;1;0;0;0"
"底盘装配v0-1/交改拨盘装配-1/交龙2006联轴器-1","D:\WheelLeg\交龙2006联轴器.SLDPRT","默认","2","-0.54508682975616074;0.83837959661860706;-1.521185640674315E-16;0.83837959661860706;0.54508682975616074;-3.2579690535844479E-16;-1.9022365225942779E-16;-3.0512070266725753E-16;-1;-1.2169698757312822E-18;-0.10306119541321068;0.070500000000000021;1;0;0;0"
"底盘装配v0-1/交改拨盘装配-1/杯头内六角M3-25-1","D:\WheelLeg\杯头内六角M3-25.SLDPRT","默认","2","-0.84529432597590537;0.53430094747524048;-2.038970025725459E-17;0.53430094747524048;0.84529432597590548;1.9148607346922822E-17;2.746641698409898E-17;5.2919729745071156E-18;-0.99999999999999989;-0.022852637462731168;-0.081416027806956712;0.093500000000000014;1;0;0;0"
"底盘装配v0-1/交改拨盘装配-1/碳管内18长107-1","D:\WheelLeg\碳管内18长107.SLDPRT","默认","2","-0.88495439225521111;-0.46567770359789601;-2.6770880171862122E-17;-0.46567770359789601;0.884954392255211;-8.1073432597315153E-18;2.7466416984098974E-17;5.2919729745071156E-18;-0.99999999999999989;3.7781198441423487E-17;0;0.19174999999999998;1;0;0;0"
"底盘装配v0-1/交改拨盘装配-1/弹路夹紧打印件-1","D:\WheelLeg\弹路夹紧打印件.SLDPRT","默认","2","0.30952483980125534;-0.9508913573831701;2.2266800999957855E-17;-0.95089135738316988;-0.30952483980125534;3.4231928194416988E-17;-1.373378729982097E-17;-6.1718470614712218E-17;-1;3.708585960486387E-17;1.3877787807814457E-17;0.090749999999999997;1;0;0;0"
"底盘装配v0-1/交改拨盘装配-1/滚花铜柱2XM3-5-8-1","D:\WheelLeg\滚花铜柱2XM3-5-8.SLDPRT","默认","2","-0.95089135738316943;-0.30952483980125595;-2.775557561562891E-17;-0.309524839801256;0.95089135738316988;-3.4694469519536115E-18;2.7466416984098977E-17;5.2919729745071164E-18;-1;-0.02285263746273121;-0.08141602780695667;0.082500000000000004;1;0;0;0"
"底盘装配v0-1/交改拨盘装配-1/底盘弹路打印件-1","D:\WheelLeg\底盘弹路打印件.SLDPRT","默认","2","-0.30952483980125528;0.95089135738316999;-1.1414632061290374E-16;-6.3771005609036213E-18;1.179655790458434E-16;1;0.95089135738316954;0.30952483980125522;-3.0449347147700378E-17;0.015816719313844194;-0.048590548362279988;0.04275000000000001;1;0;0;0"
"底盘装配v0-1/8_纵梁长嵌件-2","D:\WheelLeg\8_纵梁长嵌件.SLDPRT","默认","2","1;0;0;0;1;0;0;0;1;0.060000000000000046;-0.10949999999999997;0.059000000000000011;1;0;0;0"
"底盘装配v0-1/弹簧合页-1","D:\WheelLeg\弹簧合页.SLDASM","默认","2","0.99998748533642035;3.1511637237639801E-16;0.005002916203861312;-0.005002916203861312;-1.9750041558200994E-17;0.99998748533642035;3.1521123660394771E-16;-1;-1.8173293587611334E-17;-0.074487492709490427;0.15300000000000005;0.18750003128665921;1;0;0;0"
"底盘装配v0-1/弹簧合页-1/合页1-1","D:\WheelLeg\合页1.SLDPRT","默认","2","0.99998748533642035;3.1511637237639801E-16;0.005002916203861312;-0.005002916203861312;-1.9750041558200994E-17;0.99998748533642035;3.1521123660394771E-16;-1;-1.8173293587611334E-17;-0.074487492709490427;0.15300000000000005;0.18750003128665921;1;0;0;0"
"底盘装配v0-1/弹簧合页-1/合页2-1","D:\WheelLeg\合页2.SLDPRT","默认","2","1.8526846723432296E-15;2.5032021433384892E-17;-1;-1;-3.3042351923361607E-16;-1.8526846723432296E-15;-3.3042351923361612E-16;1;2.5032021433384279E-17;-0.072000000000001008;0.15299999999997496;0.19000000000011522;1;0;0;0"
"底盘装配v0-1/小铝条M3-21-1","D:\WheelLeg\小铝条M3-21.SLDPRT","默认","0","9.0032148403196288E-16;0.25881904510252446;-0.96592582628906709;-4.3411454986319598E-16;0.96592582628906731;0.25881904510252457;1;1.8638525899945411E-16;9.8185348740287282E-16;-0.07000000000000009;0.2140990430942715;0.17026872964406695;1;0;0;0"
"底盘装配v0-1/小铝条M3-21-7","D:\WheelLeg\小铝条M3-21.SLDPRT","默认","2","-4.163336342344337E-17;-1;-1.1102230246251546E-16;-7.829927429646407E-17;-1.1102230246251595E-16;1;-1;4.163336342344337E-17;-7.8299274296464083E-17;0.037000000000002871;0.15549999999999936;0.023000000000000003;1;0;0;0"
"底盘装配v0-1/小铝条M3-40-3","D:\WheelLeg\小铝条M3-40.SLDPRT","默认","2","-3.4145810797065349E-17;1.3149203947904198E-15;-1.0000000000000002;1;2.3507255019515524E-16;-3.4145810797065028E-17;2.3507255019515524E-16;-1.0000000000000002;-1.3149203947904198E-15;-0.067000000000000087;0.25100000000000011;0.032999999999998565;1;0;0;0"
"底盘装配v0-1/小铝条M3-21-13","D:\WheelLeg\小铝条M3-21.SLDPRT","默认","2","-3.4142475067943201E-16;0.98162718344766564;-0.19080899537653678;-6.7748440113858034E-17;0.19080899537653676;0.98162718344766553;1;3.5502739744303137E-16;-1.4489600653235859E-17;-0.069999999999999965;-0.13912048758767037;0.092231896774588512;1;0;0;0"
"底盘装配v0-1/小铝条M3-40-2","D:\WheelLeg\小铝条M3-40.SLDPRT","默认","2","1.4525148627462091E-16;-3.4694469519536142E-16;-1;-0.99999999999999989;-3.4864286150491163E-16;-6.0168513881912232E-17;-2.7593318017305483E-16;1;-3.3306690738754696E-16;-0.066999999999999921;-0.25100000000000078;0.032999999999998461;1;0;0;0"
"底盘装配v0-1/小铝条M3-21-2","D:\WheelLeg\小铝条M3-21.SLDPRT","默认","2","5.8111300333121104E-16;-1;-5.6066262743570405E-15;-3.0838131672792612E-17;-5.6066262743570405E-15;1;-1;-5.8111300333121085E-16;-3.0838131672795872E-17;-0.062000000000000083;0.1894999999999985;0.18350000000000158;1;0;0;0"
"底盘装配v0-1/小铝条M3-21-4","D:\WheelLeg\小铝条M3-21.SLDPRT","默认","2","1.1136924715771102E-15;-1;-2.7526262425773324E-17;1.7347234759768672E-18;-5.5511151231257821E-17;1;-1;-1.1102230246251565E-15;-4.9026888178813991E-18;0.05250000000000396;0.24649999999999914;0.023;1;0;0;0"
"底盘装配v0-1/包胶轴承 30-6-6-1","D:\WheelLeg\包胶轴承 30-6-6.SLDPRT","默认","2","-1.4050898628490269E-17;0.35478319586381901;0.93494859962067189;-1.4739063841539906E-17;-0.93494859962067189;0.35478319586381901;1;-8.7952443781930768E-18;1.8366040169861377E-17;0.098499999999999949;0.27700000000000002;0.0070000000000000001;1;0;0;0"
"底盘装配v0-1/yaw轴GM6020中轴-1","D:\WheelLeg\yaw轴GM6020中轴.SLDPRT","默认","2","0.84493348304963234;-0.53487139503026004;-1.4890249720570721E-18;0.53487139503026004;0.84493348304963234;3.9761886621557577E-18;-8.6862252064269005E-19;-4.1560517996167824E-18;0.99999999999999978;-3.1918911957973251E-16;0.07250000000000062;0.11499999999999004;1;0;0;0"
"底盘装配v0-1/小铝条M3-40-1","D:\WheelLeg\小铝条M3-40.SLDPRT","默认","2","-3.0876440389318051E-17;-5.3837768505570152E-17;-1;1;5.5511151231257827E-17;-3.0876440389318106E-17;5.5511151231257827E-17;-1;5.3837768505570159E-17;-0.066999999999999948;0.24200000000000005;0.077000000000000013;1;0;0;0"
"底盘装配v0-1/小铝条M3-21-5","D:\WheelLeg\小铝条M3-21.SLDPRT","默认","2","1.1136924715771102E-15;-1;-2.7526262425773324E-17;1.7347234759768672E-18;-5.5511151231257821E-17;1;-1;-1.1102230246251565E-15;-4.9026888178813991E-18;-0.046499999999995864;0.24650000000000083;0.023000000000000007;1;0;0;0"
"底盘装配v0-1/小铝条M3-21-3","D:\WheelLeg\小铝条M3-21.SLDPRT","默认","2","-4.7412975108923865E-16;1;-1.3253287356462806E-15;-6.3472690771375996E-17;1.3253287356462806E-15;0.99999999999999989;1;4.7412975108923855E-16;6.347269077137538E-17;-0.070000000000000048;0.19149999999999984;0.077000000000000512;1;0;0;0"
"底盘装配v0-1/小铝条M3-21-6","D:\WheelLeg\小铝条M3-21.SLDPRT","默认","2","1.1136924715771102E-15;-1;-2.7526262425773324E-17;1.7347234759768672E-18;-5.5511151231257821E-17;1;-1;-1.1102230246251565E-15;-4.9026888178813991E-18;-0.030999999999997554;0.15550000000000058;0.023000000000000003;1;0;0;0"
"底盘装配v0-1/包胶轴承 30-6-6-2","D:\WheelLeg\包胶轴承 30-6-6.SLDPRT","默认","2","-1.4050898628490269E-17;0.35478319586381901;0.93494859962067189;-1.4739063841539906E-17;-0.93494859962067189;0.35478319586381901;1;-8.7952443781930768E-18;1.8366040169861377E-17;-0.10449999999999995;0.27700000000000002;0.0070000000000000001;1;0;0;0"
"底盘装配v0-1/小铝条M3-40-7","D:\WheelLeg\小铝条M3-40.SLDPRT","默认","2","-1.0656424533081257E-16;0.27563735581699195;-0.961261695938321;1;3.3605774848970612E-16;-1.4495715572746928E-17;3.1904388053528171E-16;-0.961261695938321;-0.27563735581699195;-0.066999999999999976;-0.038580505065690975;0.10391778227669768;1;0;0;0"
"腿的RFID安装板-改1.15-1","E:\2025赛季\串联腿v2\腿的RFID安装板-改1.15.SLDPRT","默认","0","1;0;0;0;1;0;0;0;1;-1.3877787807814457E-17;-2.0816681711721685E-17;-0.0030000000000000061;1;0;0;0"
"M3508改 268：17-1","E:\2025赛季\串联腿\M3508改 268：17.SLDASM","默认","0","-3.3947983973051681E-16;-0.96855731328207106;0.24879053617012056;-1.1766545447605384E-15;-0.24879053617012056;-0.96855731328207106;1;-6.2154619656080095E-16;-1.0551979931889038E-15;0.11658139213989292;0.0036688824905050333;0.00054675867872697789;1;0;0;0"
"小铝条M3-40-改1.15-1","E:\2025赛季\串联腿v2\小铝条M3-40-改1.15.SLDPRT","默认","0","1;-2.366490429476115E-16;-2.4629709972464939E-16;2.4629709972464964E-16;1.6653345369377348E-16;0.99999999999999989;-2.3664904294761135E-16;-0.99999999999999989;1.6653345369377348E-16;0.067000000000000004;0.019999999999999976;0.0029999999999999914;1;0;0;0"
"RM场地交互模块-改1.15-1","D:\WheelLeg\RM场地交互模块-改1.15.SLDPRT","默认","0","7.6327832942979512E-17;-0.99999999999999978;1.1100690874987209E-16;6.7388979403006736E-18;1.1105308988780274E-16;1;-0.99999999999999978;-3.4694469519536142E-17;-4.670491577132946E-18;-1.1709383462843448E-17;-1.7780915628762273E-17;-0.020800000000000003;1;0;0;0"
"张紧打印件-定-改1.15-1","D:\WheelLeg\张紧打印件-定-改1.15.SLDPRT","默认","2","5.4316834775629264E-17;1.0000000000000002;1.2733466624864631E-14;9.3675067702747583E-17;-1.2815052838344165E-14;0.99999999999999989;1;-1.0511763578720593E-16;-1.6306400674181987E-16;-0.11599999999999999;-0.0001276188758290888;0.14062761887582947;1;0;0;0"
"张紧打印件-动-改1.15-1","D:\WheelLeg\张紧打印件-动-改1.15.SLDPRT","默认","2","2.4134340359527339E-16;1;1.295057810990486E-14;1.4571677198205177E-16;-1.2950578109904857E-14;0.99999999999999989;0.99999999999999989;-2.4134340359527146E-16;-1.457167719820549E-16;-0.11600000000000001;0.0031745281827179643;0.13986262163793656;1;0;0;0"
"弹簧筒-1","D:\WheelLeg\弹簧筒.SLDPRT","默认","2","0.99386427159663437;-0.043221053951254175;0.10181232803071553;0.1106065533487562;0.38836633094837475;-0.91484303754360308;-4.0709969745484117E-17;0.92049091982541598;0.39076395243031281;0.17150000000000026;-0.10737909350206018;0.038333643365371248;1;0;0;0"
"鱼眼轴承M6内牙-1","D:\WheelLeg\鱼眼轴承M6内牙.SLDASM","Default","2","1.9334647713420528E-15;-0.39076395243031276;0.92049091982541598;1.7128286665222614E-17;-0.92049091982541598;-0.39076395243031276;1;7.7129476828189564E-16;-1.7730436488270219E-15;0.17150000000000026;-0.15490229383833226;0.018159241646056777;1;0;0;0"
"鱼眼轴承M6内牙-1/E-GZN6_b-12.24-1","D:\WheelLeg\E-GZN6_b-12.24.SLDPRT","Default","2","1.9334647713420528E-15;-0.39076395243031276;0.92049091982541598;1.7128286665222614E-17;-0.92049091982541598;-0.39076395243031276;1;7.7129476828189564E-16;-1.7730436488270219E-15;0.17150000000000026;-0.15490229383833226;0.018159241646056777;1;0;0;0"
"鱼眼轴承M6内牙-1/E-GZN6_h-12.24-1","D:\WheelLeg\E-GZN6_h-12.24.SLDPRT","Default","2","1.9334647713420528E-15;-0.39076395243031276;0.92049091982541598;1.7128286665222614E-17;-0.92049091982541598;-0.39076395243031276;1;7.7129476828189564E-16;-1.7730436488270219E-15;0.17150000000000026;-0.15490229383833226;0.018159241646056777;1;0;0;0"
"小铝条M3-40-1","D:\WheelLeg\小铝条M3-40.SLDPRT","默认","0","0;-1.5312263386401929E-13;1;-8.4681997668389916E-17;0.99999999999999967;1.5312263386401921E-13;-0.99999999999999989;-8.468199766838755E-17;0;0.25540000000000007;0.069500000000005058;0.096500000000010064;1;0;0;0"
"横梁嵌件碳板-1","D:\WheelLeg\横梁嵌件碳板.SLDPRT","默认","2","1;0;0;0;1;0;0;0;1;0.087500000000000022;0.069999999999999951;0.019;1;0;0;0"
"小铝条M3-40-2","D:\WheelLeg\小铝条M3-40.SLDPRT","默认","0","9.218132678301932E-17;-0.99999999999999989;-1.5271117703719028E-13;5.0869700489639585E-19;1.5276668818842154E-13;-1.0000000000000002;1;9.2181326783019246E-17;5.0869700491047363E-19;0.23170777967402834;0.069500000000009957;0.064500000000010077;1;0;0;0"
"M3508改 268：17-2","E:\2025赛季\串联腿\M3508改 268：17.SLDASM","默认","0","5.3121278706498522E-16;-0.16300147949554974;0.98662582455673742;1.0524738127583474E-15;0.98662582455673742;0.16300147949554974;-1;9.5180937311853074E-16;6.9566304266300646E-16;-0.11658139213989285;-0.0064706609746259967;-0.0087403852570763392;1;0;0;0"
"6_电机梁嵌件-3","D:\WheelLeg\6_电机梁嵌件.SLDPRT","默认","2","-7.8968420012644176E-17;-1;1.2490009027033011E-16;1;-7.8968420012644201E-17;-9.7618876947816732E-18;9.761887694781684E-18;1.2490009027033011E-16;1;0.106;-0.070000000000000007;0.031199999999999999;1;0;0;0"
"UZ GEAR-ra-3","E:\2025赛季\减速箱方案\UZ GEAR-ra.SLDASM","默认","0","-1.1930031638893303E-16;-0.94415463251953191;-0.32950270088712119;-1.7159984323484279E-18;0.32950270088712119;-0.94415463251953191;0.99999999999999989;-1.1207252026148008E-16;-4.0929944336139545E-17;0.15445900126962037;-0.007708291561873094;-0.016586895795330407;1;0;0;0"
"UZ GEAR-ra-2","E:\2025赛季\减速箱方案\UZ GEAR-ra.SLDASM","默认","0","-1.3840664370069265E-15;-0.064900290829922741;0.99789175377402106;-4.7084745091044953E-16;0.99789175377402106;0.064900290829922741;-1;-3.800284742593713E-16;-1.4117066206652184E-15;-0.15445900126962037;-0.018345854978305497;-0.032646233828219143;1;0;0;0"
"小铝条M3-40-改1.15-2","E:\2025赛季\串联腿v2\小铝条M3-40-改1.15.SLDPRT","默认","0","1;-8.6332303965316738E-16;-9.8796738364523852E-18;-9.8796738364522619E-18;-2.2204460492503131E-16;-1;8.6332303965316768E-16;1;-2.2204460492503131E-16;-0.067000000000000046;-0.030000000000000023;0.0030000000000000018;1;0;0;0"
"6_电机梁嵌件-2","D:\WheelLeg\6_电机梁嵌件.SLDPRT","默认","2","-7.8968420012644176E-17;-1;1.2490009027033011E-16;1;-7.8968420012644201E-17;-9.7618876947816732E-18;9.761887694781684E-18;1.2490009027033011E-16;1;0.10599999999999998;0;0.031199999999999999;1;0;0;0"
"UZ GEAR-ja-1","E:\2025赛季\减速箱方案\JA版\UZ GEAR-ja.SLDASM","默认","0","1;5.5508276097847945E-17;-6.3623460185332705E-17;-2.332466031320679E-17;-0.54259685994803564;-0.83999324257670771;-8.1148466544864844E-17;0.83999324257670771;-0.54259685994803564;0.19190000000000051;-1.3112129025706074E-16;-0.0043068809729172545;1;0;0;0"
"2_新侧挂轴固定件-改1.15-3","D:\WheelLeg\2_新侧挂轴固定件-改1.15.SLDPRT","默认","2","-1.9711195791233038E-16;1;-6.3046790010901064E-14;7.3406501448370533E-17;6.3046790010901064E-14;1;1;1.9711195791232574E-16;-7.3406501448382957E-17;-0.12599999999999997;-3.1528599175878469E-15;0.13049999999999995;1;0;0;0"
"法兰轴承F698 8-19-6-改1.15-7","D:\WheelLeg\法兰轴承F698 8-19-6-改1.15.SLDPRT","默认","2","2.2077066737236084E-17;0.99999933258595441;-0.0011553474135105267;1;2.4699480741935398E-17;2.8449465006019636E-16;2.8449465006019636E-16;-0.0011553474135105272;-0.99999933258595441;0.19200000000000084;-0.087263435437213821;0.094232344496849002;1;0;0;0"
"法兰轴承F698 8-19-6-改1.15-8","D:\WheelLeg\法兰轴承F698 8-19-6-改1.15.SLDPRT","默认","2","-8.3266726846886765E-17;0.98009344407636578;-0.19853674944082234;-0.99999999999999989;-8.5340010572317448E-17;-1.8860892681278558E-18;-1.8791672022908222E-17;0.19853674944082231;0.98009344407636567;0.17900000000000083;-0.087263435437213821;0.094232344496849002;1;0;0;0"
"防松螺母M6-改1.15-3","D:\WheelLeg\防松螺母M6-改1.15.SLDPRT","默认","2","-2.2204460492503123E-16;0.60604336159437633;0.7954316085417954;-6.9388939039072308E-17;-0.79543160854179529;0.60604336159437633;1;7.9374503397803261E-17;2.1867400313625168E-16;0.19200000000000084;-0.087263435437213821;0.094232344496849002;1;0;0;0"
"塞打螺栓 M6-φ8-20-改1.15-3","D:\WheelLeg\塞打螺栓 M6-φ8-20-改1.15.SLDPRT","默认","2","-3.345832136280228E-16;-0.87425519563928522;0.48546663417552705;-0.99999999999999989;1.950618727099975E-16;-3.3792097415466094E-16;2.0073313656970335E-16;-0.48546663417552699;-0.87425519563928511;0.16250000000000012;-0.087263435437213807;0.094232344496849002;1;0;0;0"
"防松螺母M6-改1.15-2","D:\WheelLeg\防松螺母M6-改1.15.SLDPRT","默认","2","1.530978608924401E-16;-0.82189334516865453;-0.56964140401438434;2.352266560481541E-16;0.56964140401438434;-0.82189334516865453;1;-8.164729585826265E-18;2.8054210364262246E-16;0.19200000000000081;-6.3560420511294519E-15;0.023229930202015137;1;0;0;0"
"垫片 8-12-0.5-改1.15-2","D:\WheelLeg\垫片 8-12-0.5-改1.15.SLDPRT","默认","2","2.0424563056024353E-16;0.1897852297132871;-0.98182562941831719;-9.6684576876675031E-18;-0.98182562941831719;-0.1897852297132871;-1;4.8255543468509489E-17;-1.9869866431752497E-16;0.17899999999999999;-6.3559788100602885E-15;0.02322993020201514;1;0;0;0"
"法兰轴承F698 8-19-6-改1.15-6","D:\WheelLeg\法兰轴承F698 8-19-6-改1.15.SLDPRT","默认","2","4.163336342344337E-17;0.5652806185454935;0.82489867395748917;-1;-8.2733366558207691E-18;5.6140374263794012E-17;3.8559729925803426E-17;-0.82489867395748917;0.5652806185454935;0.17900000000000083;-0.12534663436400947;0.14690748056219383;1;0;0;0"
"塞打螺栓 M6-φ8-20-改1.15-2","D:\WheelLeg\塞打螺栓 M6-φ8-20-改1.15.SLDPRT","默认","2","-3.345832136280228E-16;-0.87425519563928522;0.48546663417552705;-0.99999999999999989;1.950618727099975E-16;-3.3792097415466094E-16;2.0073313656970335E-16;-0.48546663417552699;-0.87425519563928511;0.16549999999999998;-6.3557728968051715E-15;0.023229930202015144;1;0;0;0"
"法兰轴承F698 8-19-6-改1.15-5","D:\WheelLeg\法兰轴承F698 8-19-6-改1.15.SLDPRT","默认","2","2.2077066737236084E-17;0.99999933258595441;-0.0011553474135105267;1;2.4699480741935398E-17;2.8449465006019636E-16;2.8449465006019636E-16;-0.0011553474135105272;-0.99999933258595441;0.19200000000000003;-0.12534663436400947;0.14690748056219383;1;0;0;0"
"垫片 8-12-2-改1.15-1","D:\WheelLeg\垫片 8-12-2-改1.15.SLDPRT","默认","2","1.9081958235744878E-17;0.72621313733049198;0.68746962054232186;2.2551405187698492E-17;0.68746962054232197;-0.72621313733049209;-1;4.8450284582945979E-18;1.7347234759768071E-17;0.17900000000000083;-0.087263435437213821;0.094232344496849002;1;0;0;0"
"膝关节二级长连杆-改1.15-1","D:\WheelLeg\膝关节二级长连杆-改1.15.SLDPRT","默认","2","-2.2489838996263706E-18;0.92342259721919318;0.38378471431905659;-2.3898011086161954E-16;0.38378471431905659;-0.92342259721919318;-1;-9.3793676128660283E-17;2.1981650901214114E-16;0.20250000000000004;-0.23200194434282481;0.10258034605834623;1;0;0;0"
"小铝条M3-40-10","D:\WheelLeg\小铝条M3-40.SLDPRT","默认","2","-1.4320544301727645E-18;-1.5297545431925892E-13;1;1.1102230246141222E-15;-0.99999999999999989;-1.5297545431925889E-13;0.99999999999999989;1.110223024614122E-15;1.4320544303426011E-18;0.25700000000000006;0.080500000000007191;0.064500000000011812;1;0;0;0"
"改4.28限位块-1","D:\WheelLeg\改4.28限位块.SLDPRT","默认","2","-1.4901668754481608E-16;-0.92342259721919329;-0.38378471431905625;-2.8908671041166566E-16;0.38378471431905625;-0.92342259721919329;0.99999999999999989;-2.6658316072858183E-17;-3.2413952780805237E-16;0.16200000000000012;-6.2930563445097849E-15;0.13049999999999984;1;0;0;0"
"小铝条M3-40-9","D:\WheelLeg\小铝条M3-40.SLDPRT","默认","2","-1.4320544301727645E-18;-1.5297545431925892E-13;1;1.1102230246141222E-15;-0.99999999999999989;-1.5297545431925889E-13;0.99999999999999989;1.110223024614122E-15;1.4320544303426011E-18;0.24540000000000003;0.080500000000002389;0.095500000000011784;1;0;0;0"
"新电管安装板-6.16-1","D:\WheelLeg\新电管安装板-6.16.SLDPRT","默认","2","1;0;0;0;1;0;0;0;1;0.00010000000000001999;-2.4286128663675299E-17;-0.012999999999999994;1;0;0;0"
"北醒测距模块装配-1","D:\WheelLeg\北醒测距模块装配.SLDASM","默认","2","-0.99999999999999989;-1.5265566588595902E-16;-2.7755898991532796E-17;-2.7755898991532772E-17;-1.1102230246251559E-16;1;-1.5265566588595902E-16;0.99999999999999989;1.1102230246251558E-16;7.9797279894933126E-17;0.20294999999999996;0.053250000000000013;1;0;0;0"
"北醒测距模块装配-1/北醒TF02-pro-1","D:\WheelLeg\北醒TF02-pro.SLDPRT","默认","2","1.0000000000000002;4.1633363423443395E-17;3.6082280637907978E-16;3.0531165514782186E-16;9.7144514654701173E-17;-1;-4.1633363423443321E-17;0.99999999999999989;9.7144514654701148E-17;6.8552801757743629E-17;0.21094999999999997;0.055000000000000014;1;0;0;0"
"北醒测距模块装配-1/北醒测距单元-1","D:\WheelLeg\北醒测距单元.SLDPRT","默认","2","-0.99999999999999989;-1.5265566588595902E-16;-2.7755898991532796E-17;-2.7755898991532772E-17;-1.1102230246251559E-16;1;-1.5265566588595902E-16;0.99999999999999989;1.1102230246251558E-16;7.9797279894933126E-17;0.20294999999999996;0.053250000000000013;1;0;0;0"
"UZ GEAR-ja-2","E:\2025赛季\减速箱方案\JA版\UZ GEAR-ja.SLDASM","默认","0","-0.99999999999999989;-3.1649508127578653E-17;5.5098731642865185E-18;-4.0635554140357723E-17;0.54259685994803464;0.83999324257670838;-2.7314913863568505E-18;0.83999324257670827;-0.54259685994803442;-0.19190000000000051;-7.9363599025652716E-17;-0.0043068809729169214;1;0;0;0"
"激光测距-1","E:\2025赛季\串联腿底盘final\激光测距.SLDPRT","默认","0","0.99999999999999989;1.5502753484657468E-33;-1.3186542493167996E-17;1.3186542493168354E-17;0;1;-7.7218400070571882E-35;-0.99999999999999989;0;-0.095499999999999974;0.19650000000000015;0.085999999999999993;1;0;0;0"
"激光测距盒-1","E:\2025赛季\串联腿底盘final\激光测距盒.SLDPRT","默认","0","-1;2.3063920903282974E-16;-2.9143354396410359E-16;-2.9143354396410359E-16;-7.9810488457750385E-16;1;2.3063920903282954E-16;1;7.9810488457750395E-16;-0.095499999999999946;0.18050000000000008;0.091999999999999971;1;0;0;0"
"电源管理模块-1","D:\WheelLeg\电源管理模块.SLDPRT","默认","2","-5.5511151231257827E-17;1;7.0932516694569309E-17;5.5511151231257821E-17;1.1102230246251565E-16;-1;-1;-1.1102230246251565E-16;5.1414497012682332E-17;-0.022777165632479966;-0.035584256137080009;-0.0037071037463387011;1;0;0;0"
"电管7孔转接件-1","D:\WheelLeg\电管7孔转接件.SLDPRT","默认","2","-3.8924915281334316E-16;-1;1.4484941024406332E-16;1.6376293699898032E-16;1.4484941024406324E-16;1;-1;3.8924915281334316E-16;1.6376293699898028E-16;0.070000000000000007;-3.9913886540517141E-17;-0.0020000000000000026;1;0;0;0"
"RM场地交互模块-改1.15-2","D:\WheelLeg\RM场地交互模块-改1.15.SLDPRT","默认","2","-1.2490009027033011E-16;0.99999999999999989;-1.3756656688760396E-16;-4.1633363423443395E-17;1.3756656688760394E-16;1;0.99999999999999989;1.2490009027033011E-16;4.163336342344337E-17;-3.4694469519536265E-18;0.18200000000000005;0.0052000000000000032;1;0;0;0"
"碗组轴承32.7-41.8-6-改1.15-2","D:\WheelLeg\碗组轴承32.7-41.8-6-改1.15.SLDPRT","默认","2","1.2490009027033009E-16;0.62078200083848067;-0.7839832316031845;4.163336342344342E-17;-0.78398323160318462;-0.62078200083848067;-0.99999999999999989;4.4895869143701371E-17;-1.2376481904530368E-16;0.17600000000000002;-0.19391874541603688;0.049905209992997995;1;0;0;0"
"膝关节垫板-改1.15-1","D:\WheelLeg\膝关节垫板-改1.15.SLDPRT","默认","2","-9.5501224435648378E-17;-0.86200237242663691;0.50690424138179191;-8.6746904569312053E-17;0.50690424138179191;0.86200237242663691;-1;3.8349908180251813E-17;-1.2318601326299871E-16;0.17800000000000002;-0.19391874541603688;0.049905209992997995;1;0;0;0"
"防松螺母M6-改1.15-1","D:\WheelLeg\防松螺母M6-改1.15.SLDPRT","默认","2","1.5315513045089958E-16;-0.82175462182760572;-0.56984150560043345;2.3518937208557192E-16;0.56984150560043345;-0.82175462182760572;1;-8.1647295858261756E-18;2.8054210364262251E-16;0.19200000000000073;0.087263435437207326;0.094232344496849141;1;0;0;0"
"法兰轴承F698 8-19-6-改1.15-4","D:\WheelLeg\法兰轴承F698 8-19-6-改1.15.SLDPRT","默认","2","-7.8062556418956319E-17;-0.99417168119563049;0.10780847976227909;-1.0000000000000002;-8.9338259012805565E-17;5.5511151231257827E-17;5.5511151231257827E-17;-0.10780847976227899;-0.99417168119563049;0.17899999999999999;-6.3559100131590507E-15;0.02322993020201514;1;0;0;0"
"垫片 8-12-0.5-改1.15-1","D:\WheelLeg\垫片 8-12-0.5-改1.15.SLDPRT","默认","2","2.0424563056024353E-16;0.1897852297132871;-0.98182562941831719;-9.6684576876675031E-18;-0.98182562941831719;-0.1897852297132871;-1;4.8255543468509489E-17;-1.9869866431752497E-16;0.17899999999999999;0.087263435437207326;0.094232344496849141;1;0;0;0"
"法兰轴承F698 8-19-6-改1.15-2","D:\WheelLeg\法兰轴承F698 8-19-6-改1.15.SLDPRT","默认","2","2.2077066737236084E-17;0.99999933258595441;-0.0011553474135105267;1;2.4699480741935398E-17;2.8449465006019636E-16;2.8449465006019636E-16;-0.0011553474135105272;-0.99999933258595441;0.19200000000000073;0.087263435437207326;0.094232344496849141;1;0;0;0"
"塞打螺栓 M6-φ8-20-改1.15-1","D:\WheelLeg\塞打螺栓 M6-φ8-20-改1.15.SLDPRT","默认","2","-3.3480163086352377E-16;-0.87372598689482706;0.48641844108201787;-0.99999999999999989;1.8007242832268622E-16;-3.2959746043559335E-16;1.7347234759768071E-16;-0.48641844108201787;-0.87372598689482694;0.16549999999999995;0.087263435437207326;0.094232344496849141;1;0;0;0"
"膝关节节点连杆-改1.15-1","D:\WheelLeg\膝关节节点连杆-改1.15.SLDPRT","默认","2","-2.3607455078294167E-16;0.5858953681044522;-0.81038670869761209;1.8321099197649259E-16;0.81038670869761209;0.5858953681044522;1;-1.0156766953989642E-17;-2.9865414980110442E-16;0.18050000000000083;-0.087263435437220094;0.09423234449684903;1;0;0;0"
"法兰轴承F698 8-19-6-改1.15-1","D:\WheelLeg\法兰轴承F698 8-19-6-改1.15.SLDPRT","默认","2","-1.4701459441328138E-16;-0.84507032728906517;0.53465516170289873;-1;4.8255543468509304E-17;-1.9869866431752549E-16;1.421142698904941E-16;-0.53465516170289873;-0.84507032728906517;0.17899999999999999;0.087263435437207326;0.094232344496849141;1;0;0;0"
"膝关节一级长连杆-改1.15-1","D:\WheelLeg\膝关节一级长连杆-改1.15.SLDPRT","默认","2","-1.1263133670750491E-16;0.7756749816636781;0.6311325715101801;1.5053461709195705E-16;-0.6311325715101801;0.7756749816636781;1;1.8237261002189653E-16;-4.5680631183716025E-17;0.16849999999999998;-2.2626535992720284E-14;0.023229930202015154;1;0;0;0"
"法兰轴承F698 8-19-6-改1.15-3","D:\WheelLeg\法兰轴承F698 8-19-6-改1.15.SLDPRT","默认","2","2.2077066737236084E-17;0.99999933258595441;-0.0011553474135105267;1;2.4699480741935398E-17;2.8449465006019636E-16;2.8449465006019636E-16;-0.0011553474135105272;-0.99999933258595441;0.19200000000000081;-6.3560420511294519E-15;0.023229930202015137;1;0;0;0"
